timestamp,venue,time_slot,total_courts,true_occupied,occupancy_pct,notes
2026-04-12T14:15:44.821403,Terwegen,14:30,8,8,100.0,"booked: Padelbaan 1 (Panorama court),Padelbaan 2,Padelbaan 3,Padelbaan 4,Padelbaan 5,Padelbaan 6,Padelbaan 7,Padelbaan 8"
2026-04-12T14:15:44.821403,Vinkenveld,14:30,4,0,0.0,"available: Padelbaan 1 / PURE Tennis & Padel,Padelbaan 2,Padelbaan 3,Padelbaan 4"
2026-04-12T14:45:41.383029,Terwegen,15:00,8,8,100.0,"booked: Padelbaan 1 (Panorama court),Padelbaan 2,Padelbaan 3,Padelbaan 4,Padelbaan 5,Padelbaan 6,Padelbaan 7,Padelbaan 8"
2026-04-12T14:45:41.383029,Vinkenveld,15:00,4,0,0.0,"available: Padelbaan 1 / PURE Tennis & Padel,Padelbaan 2,Padelbaan 3,Padelbaan 4"
2026-04-12T15:15:39.448538,Terwegen,15:30,8,7,87.5,"booked: Padelbaan 1 (Panorama court),Padelbaan 2,Padelbaan 3,Padelbaan 4,Padelbaan 5,Padelbaan 6,Padelbaan 8; available: Padelbaan 7"
2026-04-12T15:15:39.448538,Vinkenveld,15:30,4,0,0.0,"available: Padelbaan 1 / PURE Tennis & Padel,Padelbaan 2,Padelbaan 3,Padelbaan 4"
2026-04-12T15:45:37.737785,Terwegen,16:00,8,7,87.5,"booked: Padelbaan 2,Padelbaan 3,Padelbaan 4,Padelbaan 5,Padelbaan 6,Padelbaan 7,Padelbaan 8; available: Padelbaan 1 (Panorama court)"
2026-04-12T15:45:37.737785,Vinkenveld,16:00,4,0,0.0,"available: Padelbaan 1 / PURE Tennis & Padel,Padelbaan 2,Padelbaan 3,Padelbaan 4"
2026-04-12T16:15:40.095401,Terwegen,16:30,8,6,75.0,"booked: Padelbaan 1 (Panorama court),Padelbaan 2,Padelbaan 3,Padelbaan 5,Padelbaan 6,Padelbaan 8; available: Padelbaan 4,Padelbaan 7"
2026-04-12T16:15:40.095401,Vinkenveld,16:30,4,1,25.0,"booked: Padelbaan 2; available: Padelbaan 1 / PURE Tennis & Padel,Padelbaan 3,Padelbaan 4"
2026-04-12T16:45:38.720381,Terwegen,17:00,8,3,37.5,"booked: Padelbaan 3,Padelbaan 4,Padelbaan 8; available: Padelbaan 1 (Panorama court),Padelbaan 2,Padelbaan 5,Padelbaan 6,Padelbaan 7"
2026-04-12T16:45:38.720381,Vinkenveld,17:00,4,1,25.0,"booked: Padelbaan 2; available: Padelbaan 1 / PURE Tennis & Padel,Padelbaan 3,Padelbaan 4"
2026-04-12T17:15:44.737550,Terwegen,17:30,8,8,100.0,"booked: Padelbaan 1 (Panorama court),Padelbaan 2,Padelbaan 3,Padelbaan 4,Padelbaan 5,Padelbaan 6,Padelbaan 7,Padelbaan 8"
2026-04-12T17:15:44.737550,Vinkenveld,17:30,4,0,0.0,"available: Padelbaan 1 / PURE Tennis & Padel,Padelbaan 2,Padelbaan 3,Padelbaan 4"
2026-04-12T17:45:41.342091,Terwegen,18:00,8,2,25.0,"booked: Padelbaan 3,Padelbaan 8; available: Padelbaan 1 (Panorama court),Padelbaan 2,Padelbaan 4,Padelbaan 5,Padelbaan 6,Padelbaan 7"
2026-04-12T17:45:41.342091,Vinkenveld,18:00,4,0,0.0,"available: Padelbaan 1 / PURE Tennis & Padel,Padelbaan 2,Padelbaan 3,Padelbaan 4"
2026-04-12T18:15:40.228042,Terwegen,18:30,8,2,25.0,"booked: 2 courts (schatting); gecorrigeerd van foutieve 100% (bug: slot voorbij sluitingstijd)"
2026-04-12T18:15:40.228042,Vinkenveld,18:30,4,0,0.0,"available: Padelbaan 1 / PURE Tennis & Padel,Padelbaan 2,Padelbaan 3,Padelbaan 4"
2026-04-12T18:45:46.902385,Vinkenveld,19:00,4,0,0.0,"available: Padelbaan 1 / PURE Tennis & Padel,Padelbaan 2,Padelbaan 3,Padelbaan 4"
2026-04-12T19:15:38.672577,Vinkenveld,19:30,4,1,25.0,"booked: Padelbaan 3; available: Padelbaan 1 / PURE Tennis & Padel,Padelbaan 2,Padelbaan 4"
2026-04-12T19:45:40.239158,Vinkenveld,20:00,4,1,25.0,"booked: Padelbaan 3; available: Padelbaan 1 / PURE Tennis & Padel,Padelbaan 2,Padelbaan 4"
2026-04-12T20:15:36.931194,Vinkenveld,20:30,4,1,25.0,"booked: Padelbaan 3; available: Padelbaan 1 / PURE Tennis & Padel,Padelbaan 2,Padelbaan 4"
2026-04-12T20:45:43.187139,Vinkenveld,21:00,4,1,25.0,"booked: Padelbaan 3; available: Padelbaan 1 / PURE Tennis & Padel,Padelbaan 2,Padelbaan 4"
2026-04-12T21:15:37.706870,Vinkenveld,21:30,4,4,100.0,"booked: Padelbaan 1 / PURE Tennis & Padel,Padelbaan 2,Padelbaan 3,Padelbaan 4"
2026-04-12T21:45:38.597132,Vinkenveld,22:00,4,4,100.0,"booked: Padelbaan 1 / PURE Tennis & Padel,Padelbaan 2,Padelbaan 3,Padelbaan 4"
2026-04-12T23:45:43.183752,Terwegen,00:00,8,8,100.0,"booked: Padelbaan 1 (Panorama court),Padelbaan 2,Padelbaan 3,Padelbaan 4,Padelbaan 5,Padelbaan 6,Padelbaan 7,Padelbaan 8"
2026-04-12T23:45:43.183752,Vinkenveld,00:00,4,4,100.0,"booked: Padelbaan 1 / PURE Tennis & Padel,Padelbaan 2,Padelbaan 3,Padelbaan 4"
2026-04-13T00:15:39.423279,Terwegen,00:30,8,8,100.0,"booked: Padelbaan 1 (Panorama court),Padelbaan 2,Padelbaan 3,Padelbaan 4,Padelbaan 5,Padelbaan 6,Padelbaan 7,Padelbaan 8"
2026-04-13T00:15:39.423279,Vinkenveld,00:30,4,4,100.0,"booked: Padelbaan 1 / PURE Tennis & Padel,Padelbaan 2,Padelbaan 3,Padelbaan 4"
2026-04-13T00:45:42.184648,Terwegen,01:00,8,8,100.0,"booked: Padelbaan 1 (Panorama court),Padelbaan 2,Padelbaan 3,Padelbaan 4,Padelbaan 5,Padelbaan 6,Padelbaan 7,Padelbaan 8"
2026-04-13T00:45:42.184648,Vinkenveld,01:00,4,4,100.0,"booked: Padelbaan 1 / PURE Tennis & Padel,Padelbaan 2,Padelbaan 3,Padelbaan 4"
2026-04-13T01:15:38.164872,Terwegen,01:30,8,8,100.0,"booked: Padelbaan 1 (Panorama court),Padelbaan 2,Padelbaan 3,Padelbaan 4,Padelbaan 5,Padelbaan 6,Padelbaan 7,Padelbaan 8"
2026-04-13T01:15:38.164872,Vinkenveld,01:30,4,4,100.0,"booked: Padelbaan 1 / PURE Tennis & Padel,Padelbaan 2,Padelbaan 3,Padelbaan 4"
2026-04-13T01:45:38.882203,Terwegen,02:00,8,8,100.0,"booked: Padelbaan 1 (Panorama court),Padelbaan 2,Padelbaan 3,Padelbaan 4,Padelbaan 5,Padelbaan 6,Padelbaan 7,Padelbaan 8"
2026-04-13T01:45:38.882203,Vinkenveld,02:00,4,4,100.0,"booked: Padelbaan 1 / PURE Tennis & Padel,Padelbaan 2,Padelbaan 3,Padelbaan 4"
2026-04-13T02:15:43.049779,Terwegen,02:30,8,8,100.0,"booked: Padelbaan 1 (Panorama court),Padelbaan 2,Padelbaan 3,Padelbaan 4,Padelbaan 5,Padelbaan 6,Padelbaan 7,Padelbaan 8"
2026-04-13T02:15:43.049779,Vinkenveld,02:30,4,4,100.0,"booked: Padelbaan 1 / PURE Tennis & Padel,Padelbaan 2,Padelbaan 3,Padelbaan 4"
2026-04-13T02:45:39.143674,Terwegen,03:00,8,8,100.0,"booked: Padelbaan 1 (Panorama court),Padelbaan 2,Padelbaan 3,Padelbaan 4,Padelbaan 5,Padelbaan 6,Padelbaan 7,Padelbaan 8"
2026-04-13T02:45:39.143674,Vinkenveld,03:00,4,4,100.0,"booked: Padelbaan 1 / PURE Tennis & Padel,Padelbaan 2,Padelbaan 3,Padelbaan 4"
2026-04-13T03:15:39.758538,Terwegen,03:30,8,8,100.0,"booked: Padelbaan 1 (Panorama court),Padelbaan 2,Padelbaan 3,Padelbaan 4,Padelbaan 5,Padelbaan 6,Padelbaan 7,Padelbaan 8"
2026-04-13T03:15:39.758538,Vinkenveld,03:30,4,4,100.0,"booked: Padelbaan 1 / PURE Tennis & Padel,Padelbaan 2,Padelbaan 3,Padelbaan 4"
2026-04-13T03:45:42.571257,Terwegen,04:00,8,8,100.0,"booked: Padelbaan 1 (Panorama court),Padelbaan 2,Padelbaan 3,Padelbaan 4,Padelbaan 5,Padelbaan 6,Padelbaan 7,Padelbaan 8"
2026-04-13T03:45:42.571257,Vinkenveld,04:00,4,4,100.0,"booked: Padelbaan 1 / PURE Tennis & Padel,Padelbaan 2,Padelbaan 3,Padelbaan 4"
2026-04-13T04:15:36.337894,Terwegen,04:30,8,8,100.0,"booked: Padelbaan 1 (Panorama court),Padelbaan 2,Padelbaan 3,Padelbaan 4,Padelbaan 5,Padelbaan 6,Padelbaan 7,Padelbaan 8"
2026-04-13T04:15:36.337894,Vinkenveld,04:30,4,4,100.0,"booked: Padelbaan 1 / PURE Tennis & Padel,Padelbaan 2,Padelbaan 3,Padelbaan 4"
2026-04-13T04:45:44.708059,Terwegen,05:00,8,8,100.0,"booked: Padelbaan 1 (Panorama court),Padelbaan 2,Padelbaan 3,Padelbaan 4,Padelbaan 5,Padelbaan 6,Padelbaan 7,Padelbaan 8"
2026-04-13T04:45:44.708059,Vinkenveld,05:00,4,4,100.0,"booked: Padelbaan 1 / PURE Tennis & Padel,Padelbaan 2,Padelbaan 3,Padelbaan 4"
2026-04-13T05:15:40.563777,Terwegen,05:30,8,8,100.0,"booked: Padelbaan 1 (Panorama court),Padelbaan 2,Padelbaan 3,Padelbaan 4,Padelbaan 5,Padelbaan 6,Padelbaan 7,Padelbaan 8"
2026-04-13T05:15:40.563777,Vinkenveld,05:30,4,4,100.0,"booked: Padelbaan 1 / PURE Tennis & Padel,Padelbaan 2,Padelbaan 3,Padelbaan 4"
2026-04-13T05:45:40.377250,Terwegen,06:00,8,8,100.0,"booked: Padelbaan 1 (Panorama court),Padelbaan 2,Padelbaan 3,Padelbaan 4,Padelbaan 5,Padelbaan 6,Padelbaan 7,Padelbaan 8"
2026-04-13T05:45:40.377250,Vinkenveld,06:00,4,4,100.0,"booked: Padelbaan 1 / PURE Tennis & Padel,Padelbaan 2,Padelbaan 3,Padelbaan 4"
2026-04-13T06:17:05.559906,Terwegen,06:30,8,8,100.0,"booked: Padelbaan 1 (Panorama court),Padelbaan 2,Padelbaan 3,Padelbaan 4,Padelbaan 5,Padelbaan 6,Padelbaan 7,Padelbaan 8"
2026-04-13T06:17:05.559906,Vinkenveld,06:30,4,4,100.0,"booked: Padelbaan 1 / PURE Tennis & Padel,Padelbaan 2,Padelbaan 3,Padelbaan 4"
2026-04-13T06:45:39.006323,Terwegen,07:00,8,8,100.0,"booked: Padelbaan 1 (Panorama court),Padelbaan 2,Padelbaan 3,Padelbaan 4,Padelbaan 5,Padelbaan 6,Padelbaan 7,Padelbaan 8"
2026-04-13T06:45:39.006323,Vinkenveld,07:00,4,4,100.0,"booked: Padelbaan 1 / PURE Tennis & Padel,Padelbaan 2,Padelbaan 3,Padelbaan 4"
2026-04-13T07:15:37.566405,Terwegen,07:30,8,8,100.0,"booked: Padelbaan 1 (Panorama court),Padelbaan 2,Padelbaan 3,Padelbaan 4,Padelbaan 5,Padelbaan 6,Padelbaan 7,Padelbaan 8"
2026-04-13T07:15:37.566405,Vinkenveld,07:30,4,4,100.0,"booked: Padelbaan 1 / PURE Tennis & Padel,Padelbaan 2,Padelbaan 3,Padelbaan 4"
2026-04-13T07:45:45.598331,Terwegen,08:00,8,2,25.0,"booked: Padelbaan 3,Padelbaan 6; available: Padelbaan 1 (Panorama court),Padelbaan 2,Padelbaan 4,Padelbaan 5,Padelbaan 7,Padelbaan 8"
2026-04-13T07:45:45.598331,Vinkenveld,08:00,4,0,0.0,"available: Padelbaan 1 / PURE Tennis & Padel,Padelbaan 2,Padelbaan 3,Padelbaan 4"
2026-04-13T08:15:47.241537,Terwegen,08:30,8,1,12.5,"booked: Padelbaan 1 (Panorama court); available: Padelbaan 2,Padelbaan 3,Padelbaan 4,Padelbaan 5,Padelbaan 6,Padelbaan 7,Padelbaan 8"
2026-04-13T08:15:47.241537,Vinkenveld,08:30,4,1,25.0,"booked: Padelbaan 3; available: Padelbaan 1 / PURE Tennis & Padel,Padelbaan 2,Padelbaan 4"
2026-04-13T08:45:51.413776,Terwegen,09:00,8,2,25.0,"booked: Padelbaan 3,Padelbaan 6; available: Padelbaan 1 (Panorama court),Padelbaan 2,Padelbaan 4,Padelbaan 5,Padelbaan 7,Padelbaan 8"
2026-04-13T08:45:51.413776,Vinkenveld,09:00,4,2,50.0,"booked: Padelbaan 3,Padelbaan 4; available: Padelbaan 1 / PURE Tennis & Padel,Padelbaan 2"
2026-04-13T09:15:50.631447,Terwegen,09:30,8,4,50.0,"booked: Padelbaan 1 (Panorama court),Padelbaan 2,Padelbaan 3,Padelbaan 6; available: Padelbaan 4,Padelbaan 5,Padelbaan 7,Padelbaan 8"
2026-04-13T09:15:50.631447,Vinkenveld,09:30,4,2,50.0,"booked: Padelbaan 3,Padelbaan 4; available: Padelbaan 1 / PURE Tennis & Padel,Padelbaan 2"
2026-04-13T09:46:35.657863,Terwegen,10:00,8,3,37.5,"booked: Padelbaan 1 (Panorama court),Padelbaan 3,Padelbaan 6; available: Padelbaan 2,Padelbaan 4,Padelbaan 5,Padelbaan 7,Padelbaan 8"
2026-04-13T09:46:35.657863,Vinkenveld,10:00,4,1,25.0,"booked: Padelbaan 4; available: Padelbaan 1 / PURE Tennis & Padel,Padelbaan 2,Padelbaan 3"
2026-04-13T10:16:09.409104,Terwegen,10:30,8,3,37.5,"booked: Padelbaan 1 (Panorama court),Padelbaan 2,Padelbaan 3; available: Padelbaan 4,Padelbaan 5,Padelbaan 6,Padelbaan 7,Padelbaan 8"
2026-04-13T10:16:09.409104,Vinkenveld,10:30,4,0,0.0,"available: Padelbaan 1 / PURE Tennis & Padel,Padelbaan 2,Padelbaan 3,Padelbaan 4"
2026-04-13T10:45:40.558705,Terwegen,11:00,8,3,37.5,"booked: Padelbaan 1 (Panorama court),Padelbaan 2,Padelbaan 6; available: Padelbaan 3,Padelbaan 4,Padelbaan 5,Padelbaan 7,Padelbaan 8"
2026-04-13T10:45:40.558705,Vinkenveld,11:00,4,0,0.0,"available: Padelbaan 1 / PURE Tennis & Padel,Padelbaan 2,Padelbaan 3,Padelbaan 4"
2026-04-13T11:15:53.966037,Terwegen,11:30,8,3,37.5,"booked: Padelbaan 1 (Panorama court),Padelbaan 2,Padelbaan 3; available: Padelbaan 4,Padelbaan 5,Padelbaan 6,Padelbaan 7,Padelbaan 8"
2026-04-13T11:15:53.966037,Vinkenveld,11:30,4,0,0.0,"available: Padelbaan 1 / PURE Tennis & Padel,Padelbaan 2,Padelbaan 3,Padelbaan 4"
2026-04-13T11:46:40.418246,Terwegen,12:00,8,2,25.0,"booked: Padelbaan 1 (Panorama court),Padelbaan 2; available: Padelbaan 3,Padelbaan 4,Padelbaan 5,Padelbaan 6,Padelbaan 7,Padelbaan 8"
2026-04-13T11:46:40.418246,Vinkenveld,12:00,4,0,0.0,"available: Padelbaan 1 / PURE Tennis & Padel,Padelbaan 2,Padelbaan 3,Padelbaan 4"
2026-04-13T12:28:48.862604,Terwegen,12:30,8,0,0.0,"available: Padelbaan 1 (Panorama court),Padelbaan 2,Padelbaan 3,Padelbaan 4,Padelbaan 5,Padelbaan 6,Padelbaan 7,Padelbaan 8"
2026-04-13T12:28:48.862604,Vinkenveld,12:30,4,0,0.0,"available: Padelbaan 1 / PURE Tennis & Padel,Padelbaan 2,Padelbaan 3,Padelbaan 4"
2026-04-13T12:45:42.092133,Terwegen,13:00,8,2,25.0,"booked: Padelbaan 1 (Panorama court),Padelbaan 2; available: Padelbaan 3,Padelbaan 4,Padelbaan 5,Padelbaan 6,Padelbaan 7,Padelbaan 8"
2026-04-13T12:45:42.092133,Vinkenveld,13:00,4,0,0.0,"available: Padelbaan 1 / PURE Tennis & Padel,Padelbaan 2,Padelbaan 3,Padelbaan 4"
2026-04-13T13:15:43.498705,Terwegen,13:30,8,0,0.0,"available: Padelbaan 1 (Panorama court),Padelbaan 2,Padelbaan 3,Padelbaan 4,Padelbaan 5,Padelbaan 6,Padelbaan 7,Padelbaan 8"
2026-04-13T13:15:43.498705,Vinkenveld,13:30,4,0,0.0,"available: Padelbaan 1 / PURE Tennis & Padel,Padelbaan 2,Padelbaan 3,Padelbaan 4"
2026-04-13T13:45:41.266604,Terwegen,14:00,8,0,0.0,"available: Padelbaan 1 (Panorama court),Padelbaan 2,Padelbaan 3,Padelbaan 4,Padelbaan 5,Padelbaan 6,Padelbaan 7,Padelbaan 8"
2026-04-13T13:45:41.266604,Vinkenveld,14:00,4,0,0.0,"available: Padelbaan 1 / PURE Tennis & Padel,Padelbaan 2,Padelbaan 3,Padelbaan 4"
2026-04-13T14:15:43.359418,Terwegen,14:30,8,0,0.0,"available: Padelbaan 1 (Panorama court),Padelbaan 2,Padelbaan 3,Padelbaan 4,Padelbaan 5,Padelbaan 6,Padelbaan 7,Padelbaan 8"
2026-04-13T14:15:43.359418,Vinkenveld,14:30,4,0,0.0,"available: Padelbaan 1 / PURE Tennis & Padel,Padelbaan 2,Padelbaan 3,Padelbaan 4"
2026-04-13T14:45:44.576558,Terwegen,15:00,8,2,25.0,"booked: Padelbaan 3,Padelbaan 5; available: Padelbaan 1 (Panorama court),Padelbaan 2,Padelbaan 4,Padelbaan 6,Padelbaan 7,Padelbaan 8"
2026-04-13T14:45:44.576558,Vinkenveld,15:00,4,0,0.0,"available: Padelbaan 1 / PURE Tennis & Padel,Padelbaan 2,Padelbaan 3,Padelbaan 4"
2026-04-13T15:15:39.120360,Terwegen,15:30,8,3,37.5,"booked: Padelbaan 2,Padelbaan 6,Padelbaan 8; available: Padelbaan 1 (Panorama court),Padelbaan 3,Padelbaan 4,Padelbaan 5,Padelbaan 7"
2026-04-13T15:15:39.120360,Vinkenveld,15:30,4,1,25.0,"booked: Padelbaan 3; available: Padelbaan 1 / PURE Tennis & Padel,Padelbaan 2,Padelbaan 4"
2026-04-13T15:45:40.932924,Terwegen,16:00,8,3,37.5,"booked: Padelbaan 1 (Panorama court),Padelbaan 3,Padelbaan 5; available: Padelbaan 2,Padelbaan 4,Padelbaan 6,Padelbaan 7,Padelbaan 8"
2026-04-13T15:45:40.932924,Vinkenveld,16:00,4,2,50.0,"booked: Padelbaan 3,Padelbaan 4; available: Padelbaan 1 / PURE Tennis & Padel,Padelbaan 2"
2026-04-13T16:15:40.472812,Terwegen,16:30,8,7,87.5,"booked: Padelbaan 2,Padelbaan 3,Padelbaan 4,Padelbaan 5,Padelbaan 6,Padelbaan 7,Padelbaan 8; available: Padelbaan 1 (Panorama court)"
2026-04-13T16:15:40.472812,Vinkenveld,16:30,4,2,50.0,"booked: Padelbaan 3,Padelbaan 4; available: Padelbaan 1 / PURE Tennis & Padel,Padelbaan 2"
2026-04-13T16:45:37.460183,Terwegen,17:00,8,6,75.0,"booked: Padelbaan 1 (Panorama court),Padelbaan 2,Padelbaan 3,Padelbaan 5,Padelbaan 6,Padelbaan 8; available: Padelbaan 4,Padelbaan 7"
2026-04-13T16:45:37.460183,Vinkenveld,17:00,4,4,100.0,"booked: Padelbaan 1 / PURE Tennis & Padel,Padelbaan 2,Padelbaan 3,Padelbaan 4"
2026-04-13T17:15:44.035261,Terwegen,17:30,8,8,100.0,"booked: Padelbaan 1 (Panorama court),Padelbaan 2,Padelbaan 3,Padelbaan 4,Padelbaan 5,Padelbaan 6,Padelbaan 7,Padelbaan 8"
2026-04-13T17:15:44.035261,Vinkenveld,17:30,4,3,75.0,"booked: Padelbaan 1 / PURE Tennis & Padel,Padelbaan 2,Padelbaan 4; available: Padelbaan 3"
2026-04-13T17:45:45.182752,Terwegen,18:00,8,8,100.0,"booked: Padelbaan 1 (Panorama court),Padelbaan 2,Padelbaan 3,Padelbaan 4,Padelbaan 5,Padelbaan 6,Padelbaan 7,Padelbaan 8"
2026-04-13T17:45:45.182752,Vinkenveld,18:00,4,4,100.0,"booked: Padelbaan 1 / PURE Tennis & Padel,Padelbaan 2,Padelbaan 3,Padelbaan 4"
2026-04-13T18:15:42.599049,Terwegen,18:30,8,8,100.0,"booked: Padelbaan 1 (Panorama court),Padelbaan 2,Padelbaan 3,Padelbaan 4,Padelbaan 5,Padelbaan 6,Padelbaan 7,Padelbaan 8"
2026-04-13T18:15:42.599049,Vinkenveld,18:30,4,4,100.0,"booked: Padelbaan 1 / PURE Tennis & Padel,Padelbaan 2,Padelbaan 3,Padelbaan 4"
2026-04-13T18:45:38.491589,Terwegen,19:00,8,8,100.0,"booked: Padelbaan 1 (Panorama court),Padelbaan 2,Padelbaan 3,Padelbaan 4,Padelbaan 5,Padelbaan 6,Padelbaan 7,Padelbaan 8"
2026-04-13T18:45:38.491589,Vinkenveld,19:00,4,4,100.0,"booked: Padelbaan 1 / PURE Tennis & Padel,Padelbaan 2,Padelbaan 3,Padelbaan 4"
2026-04-13T19:15:38.569407,Terwegen,19:30,8,8,100.0,"booked: Padelbaan 1 (Panorama court),Padelbaan 2,Padelbaan 3,Padelbaan 4,Padelbaan 5,Padelbaan 6,Padelbaan 7,Padelbaan 8"
2026-04-13T19:15:38.569407,Vinkenveld,19:30,4,4,100.0,"booked: Padelbaan 1 / PURE Tennis & Padel,Padelbaan 2,Padelbaan 3,Padelbaan 4"
2026-04-13T19:45:35.869954,Terwegen,20:00,8,8,100.0,"booked: Padelbaan 1 (Panorama court),Padelbaan 2,Padelbaan 3,Padelbaan 4,Padelbaan 5,Padelbaan 6,Padelbaan 7,Padelbaan 8"
2026-04-13T19:45:35.869954,Vinkenveld,20:00,4,4,100.0,"booked: Padelbaan 1 / PURE Tennis & Padel,Padelbaan 2,Padelbaan 3,Padelbaan 4"
2026-04-13T20:28:22.113740,Terwegen,20:30,8,8,100.0,"booked: Padelbaan 1 (Panorama court),Padelbaan 2,Padelbaan 3,Padelbaan 4,Padelbaan 5,Padelbaan 6,Padelbaan 7,Padelbaan 8"
2026-04-13T20:28:22.113740,Vinkenveld,20:30,4,4,100.0,"booked: Padelbaan 1 / PURE Tennis & Padel,Padelbaan 2,Padelbaan 3,Padelbaan 4"
2026-04-13T20:45:37.225130,Terwegen,21:00,8,8,100.0,"booked: Padelbaan 1 (Panorama court),Padelbaan 2,Padelbaan 3,Padelbaan 4,Padelbaan 5,Padelbaan 6,Padelbaan 7,Padelbaan 8"
2026-04-13T20:45:37.225130,Vinkenveld,21:00,4,4,100.0,"booked: Padelbaan 1 / PURE Tennis & Padel,Padelbaan 2,Padelbaan 3,Padelbaan 4"
2026-04-13T21:15:43.141902,Terwegen,21:30,8,8,100.0,"booked: Padelbaan 1 (Panorama court),Padelbaan 2,Padelbaan 3,Padelbaan 4,Padelbaan 5,Padelbaan 6,Padelbaan 7,Padelbaan 8"
2026-04-13T21:15:43.141902,Vinkenveld,21:30,4,3,75.0,"booked: Padelbaan 1 / PURE Tennis & Padel,Padelbaan 2,Padelbaan 4; available: Padelbaan 3"
2026-04-13T21:45:45.989743,Terwegen,22:00,8,7,87.5,"booked: Padelbaan 1 (Panorama court),Padelbaan 2,Padelbaan 3,Padelbaan 5,Padelbaan 6,Padelbaan 7,Padelbaan 8; available: Padelbaan 4"
2026-04-13T21:45:45.989743,Vinkenveld,22:00,4,2,50.0,"booked: Padelbaan 2,Padelbaan 4; available: Padelbaan 1 / PURE Tennis & Padel,Padelbaan 3"
2026-04-13T23:45:43.581440,Terwegen,00:00,8,8,100.0,"booked: Padelbaan 1 (Panorama court),Padelbaan 2,Padelbaan 3,Padelbaan 4,Padelbaan 5,Padelbaan 6,Padelbaan 7,Padelbaan 8"
2026-04-13T23:45:43.581440,Vinkenveld,00:00,4,4,100.0,"booked: Padelbaan 1 / PURE Tennis & Padel,Padelbaan 2,Padelbaan 3,Padelbaan 4"
2026-04-14T00:15:39.617620,Terwegen,00:30,8,8,100.0,"booked: Padelbaan 1 (Panorama court),Padelbaan 2,Padelbaan 3,Padelbaan 4,Padelbaan 5,Padelbaan 6,Padelbaan 7,Padelbaan 8"
2026-04-14T00:15:39.617620,Vinkenveld,00:30,4,4,100.0,"booked: Padelbaan 1 / PURE Tennis & Padel,Padelbaan 2,Padelbaan 3,Padelbaan 4"
2026-04-14T00:45:39.735059,Terwegen,01:00,8,8,100.0,"booked: Padelbaan 1 (Panorama court),Padelbaan 2,Padelbaan 3,Padelbaan 4,Padelbaan 5,Padelbaan 6,Padelbaan 7,Padelbaan 8"
2026-04-14T00:45:39.735059,Vinkenveld,01:00,4,4,100.0,"booked: Padelbaan 1 / PURE Tennis & Padel,Padelbaan 2,Padelbaan 3,Padelbaan 4"
2026-04-14T01:15:39.931106,Terwegen,01:30,8,8,100.0,"booked: Padelbaan 1 (Panorama court),Padelbaan 2,Padelbaan 3,Padelbaan 4,Padelbaan 5,Padelbaan 6,Padelbaan 7,Padelbaan 8"
2026-04-14T01:15:39.931106,Vinkenveld,01:30,4,4,100.0,"booked: Padelbaan 1 / PURE Tennis & Padel,Padelbaan 2,Padelbaan 3,Padelbaan 4"
2026-04-14T01:45:37.684083,Terwegen,02:00,8,8,100.0,"booked: Padelbaan 1 (Panorama court),Padelbaan 2,Padelbaan 3,Padelbaan 4,Padelbaan 5,Padelbaan 6,Padelbaan 7,Padelbaan 8"
2026-04-14T01:45:37.684083,Vinkenveld,02:00,4,4,100.0,"booked: Padelbaan 1 / PURE Tennis & Padel,Padelbaan 2,Padelbaan 3,Padelbaan 4"
2026-04-14T02:15:35.529882,Terwegen,02:30,8,8,100.0,"booked: Padelbaan 1 (Panorama court),Padelbaan 2,Padelbaan 3,Padelbaan 4,Padelbaan 5,Padelbaan 6,Padelbaan 7,Padelbaan 8"
2026-04-14T02:15:35.529882,Vinkenveld,02:30,4,4,100.0,"booked: Padelbaan 1 / PURE Tennis & Padel,Padelbaan 2,Padelbaan 3,Padelbaan 4"
2026-04-14T02:45:35.874653,Terwegen,03:00,8,8,100.0,"booked: Padelbaan 1 (Panorama court),Padelbaan 2,Padelbaan 3,Padelbaan 4,Padelbaan 5,Padelbaan 6,Padelbaan 7,Padelbaan 8"
2026-04-14T02:45:35.874653,Vinkenveld,03:00,4,4,100.0,"booked: Padelbaan 1 / PURE Tennis & Padel,Padelbaan 2,Padelbaan 3,Padelbaan 4"
2026-04-14T03:15:36.652955,Terwegen,03:30,8,8,100.0,"booked: Padelbaan 1 (Panorama court),Padelbaan 2,Padelbaan 3,Padelbaan 4,Padelbaan 5,Padelbaan 6,Padelbaan 7,Padelbaan 8"
2026-04-14T03:15:36.652955,Vinkenveld,03:30,4,4,100.0,"booked: Padelbaan 1 / PURE Tennis & Padel,Padelbaan 2,Padelbaan 3,Padelbaan 4"
2026-04-14T03:45:41.122284,Terwegen,04:00,8,8,100.0,"booked: Padelbaan 1 (Panorama court),Padelbaan 2,Padelbaan 3,Padelbaan 4,Padelbaan 5,Padelbaan 6,Padelbaan 7,Padelbaan 8"
2026-04-14T03:45:41.122284,Vinkenveld,04:00,4,4,100.0,"booked: Padelbaan 1 / PURE Tennis & Padel,Padelbaan 2,Padelbaan 3,Padelbaan 4"
2026-04-14T04:15:53.619708,Terwegen,04:30,8,8,100.0,"booked: Padelbaan 1 (Panorama court),Padelbaan 2,Padelbaan 3,Padelbaan 4,Padelbaan 5,Padelbaan 6,Padelbaan 7,Padelbaan 8"
2026-04-14T04:15:53.619708,Vinkenveld,04:30,4,4,100.0,"booked: Padelbaan 1 / PURE Tennis & Padel,Padelbaan 2,Padelbaan 3,Padelbaan 4"
2026-04-14T04:45:38.982847,Terwegen,05:00,8,8,100.0,"booked: Padelbaan 1 (Panorama court),Padelbaan 2,Padelbaan 3,Padelbaan 4,Padelbaan 5,Padelbaan 6,Padelbaan 7,Padelbaan 8"
2026-04-14T04:45:38.982847,Vinkenveld,05:00,4,4,100.0,"booked: Padelbaan 1 / PURE Tennis & Padel,Padelbaan 2,Padelbaan 3,Padelbaan 4"
2026-04-14T05:15:42.608660,Terwegen,05:30,8,8,100.0,"booked: Padelbaan 1 (Panorama court),Padelbaan 2,Padelbaan 3,Padelbaan 4,Padelbaan 5,Padelbaan 6,Padelbaan 7,Padelbaan 8"
2026-04-14T05:15:42.608660,Vinkenveld,05:30,4,4,100.0,"booked: Padelbaan 1 / PURE Tennis & Padel,Padelbaan 2,Padelbaan 3,Padelbaan 4"
2026-04-14T05:45:43.912833,Terwegen,06:00,8,8,100.0,"booked: Padelbaan 1 (Panorama court),Padelbaan 2,Padelbaan 3,Padelbaan 4,Padelbaan 5,Padelbaan 6,Padelbaan 7,Padelbaan 8"
2026-04-14T05:45:43.912833,Vinkenveld,06:00,4,4,100.0,"booked: Padelbaan 1 / PURE Tennis & Padel,Padelbaan 2,Padelbaan 3,Padelbaan 4"
2026-04-14T06:20:32.254835,Terwegen,06:30,8,8,100.0,"booked: Padelbaan 1 (Panorama court),Padelbaan 2,Padelbaan 3,Padelbaan 4,Padelbaan 5,Padelbaan 6,Padelbaan 7,Padelbaan 8"
2026-04-14T06:20:32.254835,Vinkenveld,06:30,4,4,100.0,"booked: Padelbaan 1 / PURE Tennis & Padel,Padelbaan 2,Padelbaan 3,Padelbaan 4"
2026-04-14T06:45:39.515772,Terwegen,07:00,8,8,100.0,"booked: Padelbaan 1 (Panorama court),Padelbaan 2,Padelbaan 3,Padelbaan 4,Padelbaan 5,Padelbaan 6,Padelbaan 7,Padelbaan 8"
2026-04-14T06:45:39.515772,Vinkenveld,07:00,4,4,100.0,"booked: Padelbaan 1 / PURE Tennis & Padel,Padelbaan 2,Padelbaan 3,Padelbaan 4"
2026-04-14T07:15:38.161050,Terwegen,07:30,8,8,100.0,"booked: Padelbaan 1 (Panorama court),Padelbaan 2,Padelbaan 3,Padelbaan 4,Padelbaan 5,Padelbaan 6,Padelbaan 7,Padelbaan 8"
2026-04-14T07:15:38.161050,Vinkenveld,07:30,4,4,100.0,"booked: Padelbaan 1 / PURE Tennis & Padel,Padelbaan 2,Padelbaan 3,Padelbaan 4"
2026-04-14T07:45:34.909491,Terwegen,08:00,8,3,37.5,"booked: Padelbaan 1 (Panorama court),Padelbaan 2,Padelbaan 3; available: Padelbaan 4,Padelbaan 5,Padelbaan 6,Padelbaan 7,Padelbaan 8"
2026-04-14T07:45:34.909491,Vinkenveld,08:00,4,0,0.0,"available: Padelbaan 1 / PURE Tennis & Padel,Padelbaan 2,Padelbaan 3,Padelbaan 4"
2026-04-14T08:15:43.127257,Terwegen,08:30,8,2,25.0,"booked: Padelbaan 3,Padelbaan 4; available: Padelbaan 1 (Panorama court),Padelbaan 2,Padelbaan 5,Padelbaan 6,Padelbaan 7,Padelbaan 8"
2026-04-14T08:15:43.127257,Vinkenveld,08:30,4,0,0.0,"available: Padelbaan 1 / PURE Tennis & Padel,Padelbaan 2,Padelbaan 3,Padelbaan 4"
2026-04-14T08:45:39.118099,Terwegen,09:00,8,2,25.0,"booked: Padelbaan 1 (Panorama court),Padelbaan 3; available: Padelbaan 2,Padelbaan 4,Padelbaan 5,Padelbaan 6,Padelbaan 7,Padelbaan 8"
2026-04-14T08:45:39.118099,Vinkenveld,09:00,4,4,100.0,"booked: Padelbaan 1 / PURE Tennis & Padel,Padelbaan 2,Padelbaan 3,Padelbaan 4"
2026-04-14T09:15:40.406583,Terwegen,09:30,8,3,37.5,"booked: Padelbaan 1 (Panorama court),Padelbaan 3,Padelbaan 4; available: Padelbaan 2,Padelbaan 5,Padelbaan 6,Padelbaan 7,Padelbaan 8"
2026-04-14T09:15:40.406583,Vinkenveld,09:30,4,4,100.0,"booked: Padelbaan 1 / PURE Tennis & Padel,Padelbaan 2,Padelbaan 3,Padelbaan 4"
2026-04-14T09:45:44.039738,Terwegen,10:00,8,2,25.0,"booked: Padelbaan 1 (Panorama court),Padelbaan 4; available: Padelbaan 2,Padelbaan 3,Padelbaan 5,Padelbaan 6,Padelbaan 7,Padelbaan 8"
2026-04-14T09:45:44.039738,Vinkenveld,10:00,4,4,100.0,"booked: Padelbaan 1 / PURE Tennis & Padel,Padelbaan 2,Padelbaan 3,Padelbaan 4"
2026-04-14T10:15:39.741607,Terwegen,10:30,8,3,37.5,"booked: Padelbaan 1 (Panorama court),Padelbaan 3,Padelbaan 4; available: Padelbaan 2,Padelbaan 5,Padelbaan 6,Padelbaan 7,Padelbaan 8"
2026-04-14T10:15:39.741607,Vinkenveld,10:30,4,3,75.0,"booked: Padelbaan 1 / PURE Tennis & Padel,Padelbaan 2,Padelbaan 3; available: Padelbaan 4"
2026-04-14T10:46:02.494709,Terwegen,11:00,8,1,12.5,"booked: Padelbaan 4; available: Padelbaan 1 (Panorama court),Padelbaan 2,Padelbaan 3,Padelbaan 5,Padelbaan 6,Padelbaan 7,Padelbaan 8"
2026-04-14T11:15:44.194533,Terwegen,11:30,8,1,12.5,"booked: Padelbaan 1 (Panorama court); available: Padelbaan 2,Padelbaan 3,Padelbaan 4,Padelbaan 5,Padelbaan 6,Padelbaan 7,Padelbaan 8"
2026-04-14T11:15:44.194533,Vinkenveld,11:30,4,0,0.0,"available: Padelbaan 1 / PURE Tennis & Padel,Padelbaan 2,Padelbaan 3,Padelbaan 4"
2026-04-14T11:45:37.884618,Terwegen,12:00,8,1,12.5,"booked: Padelbaan 4; available: Padelbaan 1 (Panorama court),Padelbaan 2,Padelbaan 3,Padelbaan 5,Padelbaan 6,Padelbaan 7,Padelbaan 8"
2026-04-14T11:45:37.884618,Vinkenveld,12:00,4,0,0.0,"available: Padelbaan 1 / PURE Tennis & Padel,Padelbaan 2,Padelbaan 3,Padelbaan 4"
2026-04-14T12:15:44.878458,Terwegen,12:30,8,0,0.0,"available: Padelbaan 1 (Panorama court),Padelbaan 2,Padelbaan 3,Padelbaan 4,Padelbaan 5,Padelbaan 6,Padelbaan 7,Padelbaan 8"
2026-04-14T12:15:44.878458,Vinkenveld,12:30,4,0,0.0,"available: Padelbaan 1 / PURE Tennis & Padel,Padelbaan 2,Padelbaan 3,Padelbaan 4"
2026-04-14T12:45:37.521384,Terwegen,13:00,8,0,0.0,"available: Padelbaan 1 (Panorama court),Padelbaan 2,Padelbaan 3,Padelbaan 4,Padelbaan 5,Padelbaan 6,Padelbaan 7,Padelbaan 8"
2026-04-14T12:45:37.521384,Vinkenveld,13:00,4,0,0.0,"available: Padelbaan 1 / PURE Tennis & Padel,Padelbaan 2,Padelbaan 3,Padelbaan 4"
2026-04-14T13:15:40.461075,Terwegen,13:30,8,0,0.0,"available: Padelbaan 1 (Panorama court),Padelbaan 2,Padelbaan 3,Padelbaan 4,Padelbaan 5,Padelbaan 6,Padelbaan 7,Padelbaan 8"
2026-04-14T13:15:40.461075,Vinkenveld,13:30,4,0,0.0,"available: Padelbaan 1 / PURE Tennis & Padel,Padelbaan 2,Padelbaan 3,Padelbaan 4"
2026-04-14T13:45:41.642531,Terwegen,14:00,8,0,0.0,"available: Padelbaan 1 (Panorama court),Padelbaan 2,Padelbaan 3,Padelbaan 4,Padelbaan 5,Padelbaan 6,Padelbaan 7,Padelbaan 8"
2026-04-14T13:45:41.642531,Vinkenveld,14:00,4,0,0.0,"available: Padelbaan 1 / PURE Tennis & Padel,Padelbaan 2,Padelbaan 3,Padelbaan 4"
2026-04-14T14:15:38.692477,Terwegen,14:30,8,2,25.0,"booked: Padelbaan 1 (Panorama court),Padelbaan 3; available: Padelbaan 2,Padelbaan 4,Padelbaan 5,Padelbaan 6,Padelbaan 7,Padelbaan 8"
2026-04-14T14:15:38.692477,Vinkenveld,14:30,4,0,0.0,"available: Padelbaan 1 / PURE Tennis & Padel,Padelbaan 2,Padelbaan 3,Padelbaan 4"
2026-04-14T14:45:44.639013,Terwegen,15:00,8,0,0.0,"available: Padelbaan 1 (Panorama court),Padelbaan 2,Padelbaan 3,Padelbaan 4,Padelbaan 5,Padelbaan 6,Padelbaan 7,Padelbaan 8"
2026-04-14T14:45:44.639013,Vinkenveld,15:00,4,0,0.0,"available: Padelbaan 1 / PURE Tennis & Padel,Padelbaan 2,Padelbaan 3,Padelbaan 4"
2026-04-14T15:15:39.680562,Terwegen,15:30,8,3,37.5,"booked: Padelbaan 1 (Panorama court),Padelbaan 3,Padelbaan 8; available: Padelbaan 2,Padelbaan 4,Padelbaan 5,Padelbaan 6,Padelbaan 7"
2026-04-14T15:15:39.680562,Vinkenveld,15:30,4,0,0.0,"available: Padelbaan 1 / PURE Tennis & Padel,Padelbaan 2,Padelbaan 3,Padelbaan 4"
2026-04-14T15:45:42.149985,Terwegen,16:00,8,6,75.0,"booked: Padelbaan 1 (Panorama court),Padelbaan 3,Padelbaan 4,Padelbaan 5,Padelbaan 6,Padelbaan 7; available: Padelbaan 2,Padelbaan 8"
2026-04-14T15:45:42.149985,Vinkenveld,16:00,4,0,0.0,"available: Padelbaan 1 / PURE Tennis & Padel,Padelbaan 2,Padelbaan 3,Padelbaan 4"
2026-04-14T16:15:51.828661,Terwegen,16:30,8,3,37.5,"booked: Padelbaan 1 (Panorama court),Padelbaan 3,Padelbaan 8; available: Padelbaan 2,Padelbaan 4,Padelbaan 5,Padelbaan 6,Padelbaan 7"
2026-04-14T16:15:51.828661,Vinkenveld,16:30,4,2,50.0,"booked: Padelbaan 3,Padelbaan 4; available: Padelbaan 1 / PURE Tennis & Padel,Padelbaan 2"
2026-04-14T16:45:47.351591,Terwegen,17:00,8,8,100.0,"booked: Padelbaan 1 (Panorama court),Padelbaan 2,Padelbaan 3,Padelbaan 4,Padelbaan 5,Padelbaan 6,Padelbaan 7,Padelbaan 8"
2026-04-14T16:45:47.351591,Vinkenveld,17:00,4,3,75.0,"booked: Padelbaan 2,Padelbaan 3,Padelbaan 4; available: Padelbaan 1 / PURE Tennis & Padel"
2026-04-14T17:15:40.113937,Terwegen,17:30,8,7,87.5,"booked: Padelbaan 1 (Panorama court),Padelbaan 3,Padelbaan 4,Padelbaan 5,Padelbaan 6,Padelbaan 7,Padelbaan 8; available: Padelbaan 2"
2026-04-14T17:15:40.113937,Vinkenveld,17:30,4,4,100.0,"booked: Padelbaan 1 / PURE Tennis & Padel,Padelbaan 2,Padelbaan 3,Padelbaan 4"
2026-04-14T17:45:41.674354,Terwegen,18:00,8,8,100.0,"booked: Padelbaan 1 (Panorama court),Padelbaan 2,Padelbaan 3,Padelbaan 4,Padelbaan 5,Padelbaan 6,Padelbaan 7,Padelbaan 8"
2026-04-14T17:45:41.674354,Vinkenveld,18:00,4,4,100.0,"booked: Padelbaan 1 / PURE Tennis & Padel,Padelbaan 2,Padelbaan 3,Padelbaan 4"
2026-04-14T18:15:52.803385,Terwegen,18:30,8,8,100.0,"booked: Padelbaan 1 (Panorama court),Padelbaan 2,Padelbaan 3,Padelbaan 4,Padelbaan 5,Padelbaan 6,Padelbaan 7,Padelbaan 8"
2026-04-14T18:15:52.803385,Vinkenveld,18:30,4,4,100.0,"booked: Padelbaan 1 / PURE Tennis & Padel,Padelbaan 2,Padelbaan 3,Padelbaan 4"
2026-04-14T18:45:39.079397,Terwegen,19:00,8,8,100.0,"booked: Padelbaan 1 (Panorama court),Padelbaan 2,Padelbaan 3,Padelbaan 4,Padelbaan 5,Padelbaan 6,Padelbaan 7,Padelbaan 8"
2026-04-14T18:45:39.079397,Vinkenveld,19:00,4,4,100.0,"booked: Padelbaan 1 / PURE Tennis & Padel,Padelbaan 2,Padelbaan 3,Padelbaan 4"
2026-04-14T19:15:44.032517,Terwegen,19:30,8,8,100.0,"booked: Padelbaan 1 (Panorama court),Padelbaan 2,Padelbaan 3,Padelbaan 4,Padelbaan 5,Padelbaan 6,Padelbaan 7,Padelbaan 8"
2026-04-14T19:15:44.032517,Vinkenveld,19:30,4,4,100.0,"booked: Padelbaan 1 / PURE Tennis & Padel,Padelbaan 2,Padelbaan 3,Padelbaan 4"
2026-04-14T19:45:43.610619,Terwegen,20:00,8,8,100.0,"booked: Padelbaan 1 (Panorama court),Padelbaan 2,Padelbaan 3,Padelbaan 4,Padelbaan 5,Padelbaan 6,Padelbaan 7,Padelbaan 8"
2026-04-14T19:45:43.610619,Vinkenveld,20:00,4,4,100.0,"booked: Padelbaan 1 / PURE Tennis & Padel,Padelbaan 2,Padelbaan 3,Padelbaan 4"
2026-04-14T20:15:47.168837,Terwegen,20:30,8,8,100.0,"booked: Padelbaan 1 (Panorama court),Padelbaan 2,Padelbaan 3,Padelbaan 4,Padelbaan 5,Padelbaan 6,Padelbaan 7,Padelbaan 8"
2026-04-14T20:15:47.168837,Vinkenveld,20:30,4,4,100.0,"booked: Padelbaan 1 / PURE Tennis & Padel,Padelbaan 2,Padelbaan 3,Padelbaan 4"
2026-04-14T20:53:07.562475,Terwegen,21:00,8,7,87.5,"booked: Padelbaan 1 (Panorama court),Padelbaan 2,Padelbaan 3,Padelbaan 4,Padelbaan 5,Padelbaan 6,Padelbaan 7; available: Padelbaan 8"
2026-04-14T20:53:07.562475,Vinkenveld,21:00,4,4,100.0,"booked: Padelbaan 1 / PURE Tennis & Padel,Padelbaan 2,Padelbaan 3,Padelbaan 4"
2026-04-14T21:15:38.614673,Terwegen,21:30,8,8,100.0,"booked: Padelbaan 1 (Panorama court),Padelbaan 2,Padelbaan 3,Padelbaan 4,Padelbaan 5,Padelbaan 6,Padelbaan 7,Padelbaan 8"
2026-04-14T21:15:38.614673,Vinkenveld,21:30,4,4,100.0,"booked: Padelbaan 1 / PURE Tennis & Padel,Padelbaan 2,Padelbaan 3,Padelbaan 4"
2026-04-14T21:45:39.436459,Terwegen,22:00,8,7,87.5,"booked: Padelbaan 1 (Panorama court),Padelbaan 2,Padelbaan 3,Padelbaan 4,Padelbaan 5,Padelbaan 6,Padelbaan 7; available: Padelbaan 8"
2026-04-14T21:45:39.436459,Vinkenveld,22:00,4,2,50.0,"booked: Padelbaan 2,Padelbaan 4; available: Padelbaan 1 / PURE Tennis & Padel,Padelbaan 3"
2026-04-14T23:45:40.881600,Terwegen,00:00,8,8,100.0,"booked: Padelbaan 1 (Panorama court),Padelbaan 2,Padelbaan 3,Padelbaan 4,Padelbaan 5,Padelbaan 6,Padelbaan 7,Padelbaan 8"
2026-04-14T23:45:40.881600,Vinkenveld,00:00,4,4,100.0,"booked: Padelbaan 1 / PURE Tennis & Padel,Padelbaan 2,Padelbaan 3,Padelbaan 4"
2026-04-15T00:15:38.134944,Terwegen,00:30,8,8,100.0,"booked: Padelbaan 1 (Panorama court),Padelbaan 2,Padelbaan 3,Padelbaan 4,Padelbaan 5,Padelbaan 6,Padelbaan 7,Padelbaan 8"
2026-04-15T00:15:38.134944,Vinkenveld,00:30,4,4,100.0,"booked: Padelbaan 1 / PURE Tennis & Padel,Padelbaan 2,Padelbaan 3,Padelbaan 4"
2026-04-15T00:45:33.806415,Terwegen,01:00,8,8,100.0,"booked: Padelbaan 1 (Panorama court),Padelbaan 2,Padelbaan 3,Padelbaan 4,Padelbaan 5,Padelbaan 6,Padelbaan 7,Padelbaan 8"
2026-04-15T00:45:33.806415,Vinkenveld,01:00,4,4,100.0,"booked: Padelbaan 1 / PURE Tennis & Padel,Padelbaan 2,Padelbaan 3,Padelbaan 4"
2026-04-15T01:15:37.619827,Terwegen,01:30,8,8,100.0,"booked: Padelbaan 1 (Panorama court),Padelbaan 2,Padelbaan 3,Padelbaan 4,Padelbaan 5,Padelbaan 6,Padelbaan 7,Padelbaan 8"
2026-04-15T01:15:37.619827,Vinkenveld,01:30,4,4,100.0,"booked: Padelbaan 1 / PURE Tennis & Padel,Padelbaan 2,Padelbaan 3,Padelbaan 4"
2026-04-15T01:45:39.539789,Terwegen,02:00,8,8,100.0,"booked: Padelbaan 1 (Panorama court),Padelbaan 2,Padelbaan 3,Padelbaan 4,Padelbaan 5,Padelbaan 6,Padelbaan 7,Padelbaan 8"
2026-04-15T01:45:39.539789,Vinkenveld,02:00,4,4,100.0,"booked: Padelbaan 1 / PURE Tennis & Padel,Padelbaan 2,Padelbaan 3,Padelbaan 4"
2026-04-15T02:15:35.006603,Terwegen,02:30,8,8,100.0,"booked: Padelbaan 1 (Panorama court),Padelbaan 2,Padelbaan 3,Padelbaan 4,Padelbaan 5,Padelbaan 6,Padelbaan 7,Padelbaan 8"
2026-04-15T02:15:35.006603,Vinkenveld,02:30,4,4,100.0,"booked: Padelbaan 1 / PURE Tennis & Padel,Padelbaan 2,Padelbaan 3,Padelbaan 4"
2026-04-15T02:45:35.732391,Terwegen,03:00,8,8,100.0,"booked: Padelbaan 1 (Panorama court),Padelbaan 2,Padelbaan 3,Padelbaan 4,Padelbaan 5,Padelbaan 6,Padelbaan 7,Padelbaan 8"
2026-04-15T02:45:35.732391,Vinkenveld,03:00,4,4,100.0,"booked: Padelbaan 1 / PURE Tennis & Padel,Padelbaan 2,Padelbaan 3,Padelbaan 4"
2026-04-15T03:15:39.644594,Terwegen,03:30,8,8,100.0,"booked: Padelbaan 1 (Panorama court),Padelbaan 2,Padelbaan 3,Padelbaan 4,Padelbaan 5,Padelbaan 6,Padelbaan 7,Padelbaan 8"
2026-04-15T03:15:39.644594,Vinkenveld,03:30,4,4,100.0,"booked: Padelbaan 1 / PURE Tennis & Padel,Padelbaan 2,Padelbaan 3,Padelbaan 4"
2026-04-15T03:45:35.456503,Terwegen,04:00,8,8,100.0,"booked: Padelbaan 1 (Panorama court),Padelbaan 2,Padelbaan 3,Padelbaan 4,Padelbaan 5,Padelbaan 6,Padelbaan 7,Padelbaan 8"
2026-04-15T03:45:35.456503,Vinkenveld,04:00,4,4,100.0,"booked: Padelbaan 1 / PURE Tennis & Padel,Padelbaan 2,Padelbaan 3,Padelbaan 4"
2026-04-15T04:15:38.439444,Terwegen,04:30,8,8,100.0,"booked: Padelbaan 1 (Panorama court),Padelbaan 2,Padelbaan 3,Padelbaan 4,Padelbaan 5,Padelbaan 6,Padelbaan 7,Padelbaan 8"
2026-04-15T04:15:38.439444,Vinkenveld,04:30,4,4,100.0,"booked: Padelbaan 1 / PURE Tennis & Padel,Padelbaan 2,Padelbaan 3,Padelbaan 4"
2026-04-15T04:45:35.532853,Terwegen,05:00,8,8,100.0,"booked: Padelbaan 1 (Panorama court),Padelbaan 2,Padelbaan 3,Padelbaan 4,Padelbaan 5,Padelbaan 6,Padelbaan 7,Padelbaan 8"
2026-04-15T04:45:35.532853,Vinkenveld,05:00,4,4,100.0,"booked: Padelbaan 1 / PURE Tennis & Padel,Padelbaan 2,Padelbaan 3,Padelbaan 4"
2026-04-15T05:15:42.242883,Terwegen,05:30,8,8,100.0,"booked: Padelbaan 1 (Panorama court),Padelbaan 2,Padelbaan 3,Padelbaan 4,Padelbaan 5,Padelbaan 6,Padelbaan 7,Padelbaan 8"
2026-04-15T05:15:42.242883,Vinkenveld,05:30,4,4,100.0,"booked: Padelbaan 1 / PURE Tennis & Padel,Padelbaan 2,Padelbaan 3,Padelbaan 4"
2026-04-15T05:45:40.422943,Terwegen,06:00,8,8,100.0,"booked: Padelbaan 1 (Panorama court),Padelbaan 2,Padelbaan 3,Padelbaan 4,Padelbaan 5,Padelbaan 6,Padelbaan 7,Padelbaan 8"
2026-04-15T05:45:40.422943,Vinkenveld,06:00,4,4,100.0,"booked: Padelbaan 1 / PURE Tennis & Padel,Padelbaan 2,Padelbaan 3,Padelbaan 4"
2026-04-15T06:15:43.348728,Terwegen,06:30,8,8,100.0,"booked: Padelbaan 1 (Panorama court),Padelbaan 2,Padelbaan 3,Padelbaan 4,Padelbaan 5,Padelbaan 6,Padelbaan 7,Padelbaan 8"
2026-04-15T06:15:43.348728,Vinkenveld,06:30,4,4,100.0,"booked: Padelbaan 1 / PURE Tennis & Padel,Padelbaan 2,Padelbaan 3,Padelbaan 4"
2026-04-15T06:45:46.353706,Terwegen,07:00,8,8,100.0,"booked: Padelbaan 1 (Panorama court),Padelbaan 2,Padelbaan 3,Padelbaan 4,Padelbaan 5,Padelbaan 6,Padelbaan 7,Padelbaan 8"
2026-04-15T06:45:46.353706,Vinkenveld,07:00,4,4,100.0,"booked: Padelbaan 1 / PURE Tennis & Padel,Padelbaan 2,Padelbaan 3,Padelbaan 4"
2026-04-15T07:15:42.398419,Terwegen,07:30,8,8,100.0,"booked: Padelbaan 1 (Panorama court),Padelbaan 2,Padelbaan 3,Padelbaan 4,Padelbaan 5,Padelbaan 6,Padelbaan 7,Padelbaan 8"
2026-04-15T07:15:42.398419,Vinkenveld,07:30,4,4,100.0,"booked: Padelbaan 1 / PURE Tennis & Padel,Padelbaan 2,Padelbaan 3,Padelbaan 4"
2026-04-15T07:45:39.844230,Terwegen,08:00,8,1,12.5,"booked: Padelbaan 1 (Panorama court); available: Padelbaan 2,Padelbaan 3,Padelbaan 4,Padelbaan 5,Padelbaan 6,Padelbaan 7,Padelbaan 8"
2026-04-15T07:45:39.844230,Vinkenveld,08:00,4,0,0.0,"available: Padelbaan 1 / PURE Tennis & Padel,Padelbaan 2,Padelbaan 3,Padelbaan 4"
2026-04-15T08:15:41.489137,Terwegen,08:30,8,5,62.5,"booked: Padelbaan 2,Padelbaan 3,Padelbaan 4,Padelbaan 5,Padelbaan 6; available: Padelbaan 1 (Panorama court),Padelbaan 7,Padelbaan 8"
2026-04-15T08:15:41.489137,Vinkenveld,08:30,4,1,25.0,"booked: Padelbaan 1 / PURE Tennis & Padel; available: Padelbaan 2,Padelbaan 3,Padelbaan 4"
2026-04-15T08:45:36.696444,Terwegen,09:00,8,5,62.5,"booked: Padelbaan 1 (Panorama court),Padelbaan 3,Padelbaan 4,Padelbaan 5,Padelbaan 6; available: Padelbaan 2,Padelbaan 7,Padelbaan 8"
2026-04-15T08:45:36.696444,Vinkenveld,09:00,4,1,25.0,"booked: Padelbaan 1 / PURE Tennis & Padel; available: Padelbaan 2,Padelbaan 3,Padelbaan 4"
2026-04-15T09:15:41.115644,Terwegen,09:30,8,7,87.5,"booked: Padelbaan 1 (Panorama court),Padelbaan 2,Padelbaan 3,Padelbaan 4,Padelbaan 5,Padelbaan 6,Padelbaan 7; available: Padelbaan 8"
2026-04-15T09:15:41.115644,Vinkenveld,09:30,4,1,25.0,"booked: Padelbaan 1 / PURE Tennis & Padel; available: Padelbaan 2,Padelbaan 3,Padelbaan 4"
2026-04-15T09:45:35.957121,Terwegen,10:00,8,7,87.5,"booked: Padelbaan 1 (Panorama court),Padelbaan 2,Padelbaan 3,Padelbaan 4,Padelbaan 5,Padelbaan 6,Padelbaan 7; available: Padelbaan 8"
2026-04-15T09:45:35.957121,Vinkenveld,10:00,4,2,50.0,"booked: Padelbaan 1 / PURE Tennis & Padel,Padelbaan 3; available: Padelbaan 2,Padelbaan 4"
2026-04-15T10:15:42.885531,Terwegen,10:30,8,5,62.5,"booked: Padelbaan 1 (Panorama court),Padelbaan 2,Padelbaan 4,Padelbaan 6,Padelbaan 7; available: Padelbaan 3,Padelbaan 5,Padelbaan 8"
2026-04-15T10:15:42.885531,Vinkenveld,10:30,4,1,25.0,"booked: Padelbaan 3; available: Padelbaan 1 / PURE Tennis & Padel,Padelbaan 2,Padelbaan 4"
2026-04-15T10:45:42.862151,Terwegen,11:00,8,5,62.5,"booked: Padelbaan 1 (Panorama court),Padelbaan 3,Padelbaan 5,Padelbaan 6,Padelbaan 7; available: Padelbaan 2,Padelbaan 4,Padelbaan 8"
2026-04-15T10:45:42.862151,Vinkenveld,11:00,4,1,25.0,"booked: Padelbaan 3; available: Padelbaan 1 / PURE Tennis & Padel,Padelbaan 2,Padelbaan 4"
2026-04-15T11:15:48.330681,Terwegen,11:30,8,4,50.0,"booked: Padelbaan 1 (Panorama court),Padelbaan 2,Padelbaan 4,Padelbaan 6; available: Padelbaan 3,Padelbaan 5,Padelbaan 7,Padelbaan 8"
2026-04-15T11:15:48.330681,Vinkenveld,11:30,4,0,0.0,"available: Padelbaan 1 / PURE Tennis & Padel,Padelbaan 2,Padelbaan 3,Padelbaan 4"
2026-04-15T11:45:40.837742,Terwegen,12:00,8,1,12.5,"booked: Padelbaan 7; available: Padelbaan 1 (Panorama court),Padelbaan 2,Padelbaan 3,Padelbaan 4,Padelbaan 5,Padelbaan 6,Padelbaan 8"
2026-04-15T11:45:40.837742,Vinkenveld,12:00,4,0,0.0,"available: Padelbaan 1 / PURE Tennis & Padel,Padelbaan 2,Padelbaan 3,Padelbaan 4"
2026-04-15T12:15:42.239473,Terwegen,12:30,8,2,25.0,"booked: Padelbaan 1 (Panorama court),Padelbaan 6; available: Padelbaan 2,Padelbaan 3,Padelbaan 4,Padelbaan 5,Padelbaan 7,Padelbaan 8"
2026-04-15T12:15:42.239473,Vinkenveld,12:30,4,0,0.0,"available: Padelbaan 1 / PURE Tennis & Padel,Padelbaan 2,Padelbaan 3,Padelbaan 4"
2026-04-15T12:45:39.761373,Terwegen,13:00,8,1,12.5,"booked: Padelbaan 2; available: Padelbaan 1 (Panorama court),Padelbaan 3,Padelbaan 4,Padelbaan 5,Padelbaan 6,Padelbaan 7,Padelbaan 8"
2026-04-15T12:45:39.761373,Vinkenveld,13:00,4,0,0.0,"available: Padelbaan 1 / PURE Tennis & Padel,Padelbaan 2,Padelbaan 3,Padelbaan 4"
2026-04-15T13:15:39.693791,Terwegen,13:30,8,0,0.0,"available: Padelbaan 1 (Panorama court),Padelbaan 2,Padelbaan 3,Padelbaan 4,Padelbaan 5,Padelbaan 6,Padelbaan 7,Padelbaan 8"
2026-04-15T13:15:39.693791,Vinkenveld,13:30,4,0,0.0,"available: Padelbaan 1 / PURE Tennis & Padel,Padelbaan 2,Padelbaan 3,Padelbaan 4"
2026-04-15T13:45:40.368233,Terwegen,14:00,8,3,37.5,"booked: Padelbaan 1 (Panorama court),Padelbaan 2,Padelbaan 6; available: Padelbaan 3,Padelbaan 4,Padelbaan 5,Padelbaan 7,Padelbaan 8"
2026-04-15T13:45:40.368233,Vinkenveld,14:00,4,0,0.0,"available: Padelbaan 1 / PURE Tennis & Padel,Padelbaan 2,Padelbaan 3,Padelbaan 4"
2026-04-15T14:15:40.048013,Terwegen,14:30,8,3,37.5,"booked: Padelbaan 2,Padelbaan 3,Padelbaan 8; available: Padelbaan 1 (Panorama court),Padelbaan 4,Padelbaan 5,Padelbaan 6,Padelbaan 7"
2026-04-15T14:15:40.048013,Vinkenveld,14:30,4,0,0.0,"available: Padelbaan 1 / PURE Tennis & Padel,Padelbaan 2,Padelbaan 3,Padelbaan 4"
2026-04-15T14:45:56.746634,Terwegen,15:00,8,3,37.5,"booked: Padelbaan 1 (Panorama court),Padelbaan 2,Padelbaan 6; available: Padelbaan 3,Padelbaan 4,Padelbaan 5,Padelbaan 7,Padelbaan 8"
2026-04-15T14:45:56.746634,Vinkenveld,15:00,4,0,0.0,"available: Padelbaan 1 / PURE Tennis & Padel,Padelbaan 2,Padelbaan 3,Padelbaan 4"
2026-04-15T15:15:45.550082,Terwegen,15:30,8,5,62.5,"booked: Padelbaan 1 (Panorama court),Padelbaan 2,Padelbaan 3,Padelbaan 6,Padelbaan 8; available: Padelbaan 4,Padelbaan 5,Padelbaan 7"
2026-04-15T15:15:45.550082,Vinkenveld,15:30,4,1,25.0,"booked: Padelbaan 1 / PURE Tennis & Padel; available: Padelbaan 2,Padelbaan 3,Padelbaan 4"
2026-04-15T15:45:41.792219,Terwegen,16:00,8,5,62.5,"booked: Padelbaan 1 (Panorama court),Padelbaan 3,Padelbaan 6,Padelbaan 7,Padelbaan 8; available: Padelbaan 2,Padelbaan 4,Padelbaan 5"
2026-04-15T15:45:41.792219,Vinkenveld,16:00,4,3,75.0,"booked: Padelbaan 1 / PURE Tennis & Padel,Padelbaan 2,Padelbaan 3; available: Padelbaan 4"
2026-04-15T16:15:41.751854,Terwegen,16:30,8,5,62.5,"booked: Padelbaan 1 (Panorama court),Padelbaan 2,Padelbaan 3,Padelbaan 6,Padelbaan 8; available: Padelbaan 4,Padelbaan 5,Padelbaan 7"
2026-04-15T16:15:41.751854,Vinkenveld,16:30,4,3,75.0,"booked: Padelbaan 1 / PURE Tennis & Padel,Padelbaan 2,Padelbaan 3; available: Padelbaan 4"
2026-04-15T16:45:43.011487,Terwegen,17:00,8,6,75.0,"booked: Padelbaan 2,Padelbaan 3,Padelbaan 4,Padelbaan 5,Padelbaan 7,Padelbaan 8; available: Padelbaan 1 (Panorama court),Padelbaan 6"
2026-04-15T16:45:43.011487,Vinkenveld,17:00,4,3,75.0,"booked: Padelbaan 2,Padelbaan 3,Padelbaan 4; available: Padelbaan 1 / PURE Tennis & Padel"
2026-04-15T17:15:46.932041,Terwegen,17:30,8,5,62.5,"booked: Padelbaan 1 (Panorama court),Padelbaan 3,Padelbaan 6,Padelbaan 7,Padelbaan 8; available: Padelbaan 2,Padelbaan 4,Padelbaan 5"
2026-04-15T17:15:46.932041,Vinkenveld,17:30,4,3,75.0,"booked: Padelbaan 2,Padelbaan 3,Padelbaan 4; available: Padelbaan 1 / PURE Tennis & Padel"
2026-04-15T17:45:40.926502,Terwegen,18:00,8,7,87.5,"booked: Padelbaan 2,Padelbaan 3,Padelbaan 4,Padelbaan 5,Padelbaan 6,Padelbaan 7,Padelbaan 8; available: Padelbaan 1 (Panorama court)"
2026-04-15T17:45:40.926502,Vinkenveld,18:00,4,4,100.0,"booked: Padelbaan 1 / PURE Tennis & Padel,Padelbaan 2,Padelbaan 3,Padelbaan 4"
2026-04-15T18:15:45.434805,Terwegen,18:30,8,8,100.0,"booked: Padelbaan 1 (Panorama court),Padelbaan 2,Padelbaan 3,Padelbaan 4,Padelbaan 5,Padelbaan 6,Padelbaan 7,Padelbaan 8"
2026-04-15T18:15:45.434805,Vinkenveld,18:30,4,4,100.0,"booked: Padelbaan 1 / PURE Tennis & Padel,Padelbaan 2,Padelbaan 3,Padelbaan 4"
2026-04-15T18:45:46.984501,Terwegen,19:00,8,8,100.0,"booked: Padelbaan 1 (Panorama court),Padelbaan 2,Padelbaan 3,Padelbaan 4,Padelbaan 5,Padelbaan 6,Padelbaan 7,Padelbaan 8"
2026-04-15T18:45:46.984501,Vinkenveld,19:00,4,4,100.0,"booked: Padelbaan 1 / PURE Tennis & Padel,Padelbaan 2,Padelbaan 3,Padelbaan 4"
2026-04-15T19:15:43.866827,Terwegen,19:30,8,8,100.0,"booked: Padelbaan 1 (Panorama court),Padelbaan 2,Padelbaan 3,Padelbaan 4,Padelbaan 5,Padelbaan 6,Padelbaan 7,Padelbaan 8"
2026-04-15T19:15:43.866827,Vinkenveld,19:30,4,4,100.0,"booked: Padelbaan 1 / PURE Tennis & Padel,Padelbaan 2,Padelbaan 3,Padelbaan 4"
2026-04-15T19:45:48.153277,Terwegen,20:00,8,8,100.0,"booked: Padelbaan 1 (Panorama court),Padelbaan 2,Padelbaan 3,Padelbaan 4,Padelbaan 5,Padelbaan 6,Padelbaan 7,Padelbaan 8"
2026-04-15T19:45:48.153277,Vinkenveld,20:00,4,4,100.0,"booked: Padelbaan 1 / PURE Tennis & Padel,Padelbaan 2,Padelbaan 3,Padelbaan 4"
2026-04-15T20:15:52.219474,Terwegen,20:30,8,8,100.0,"booked: Padelbaan 1 (Panorama court),Padelbaan 2,Padelbaan 3,Padelbaan 4,Padelbaan 5,Padelbaan 6,Padelbaan 7,Padelbaan 8"
2026-04-15T20:46:04.882776,Terwegen,21:00,8,8,100.0,"booked: Padelbaan 1 (Panorama court),Padelbaan 2,Padelbaan 3,Padelbaan 4,Padelbaan 5,Padelbaan 6,Padelbaan 7,Padelbaan 8"
2026-04-15T20:46:04.882776,Vinkenveld,21:00,4,4,100.0,"booked: Padelbaan 1 / PURE Tennis & Padel,Padelbaan 2,Padelbaan 3,Padelbaan 4"
2026-04-15T21:15:54.030934,Terwegen,21:30,8,8,100.0,"booked: Padelbaan 1 (Panorama court),Padelbaan 2,Padelbaan 3,Padelbaan 4,Padelbaan 5,Padelbaan 6,Padelbaan 7,Padelbaan 8"
2026-04-15T21:15:54.030934,Vinkenveld,21:30,4,4,100.0,"booked: Padelbaan 1 / PURE Tennis & Padel,Padelbaan 2,Padelbaan 3,Padelbaan 4"
2026-04-15T21:45:46.007954,Terwegen,22:00,8,8,100.0,"booked: Padelbaan 1 (Panorama court),Padelbaan 2,Padelbaan 3,Padelbaan 4,Padelbaan 5,Padelbaan 6,Padelbaan 7,Padelbaan 8"
2026-04-15T21:45:46.007954,Vinkenveld,22:00,4,0,0.0,"available: Padelbaan 1 / PURE Tennis & Padel,Padelbaan 2,Padelbaan 3,Padelbaan 4"
2026-04-15T23:45:40.858692,Terwegen,00:00,8,8,100.0,"booked: Padelbaan 1 (Panorama court),Padelbaan 2,Padelbaan 3,Padelbaan 4,Padelbaan 5,Padelbaan 6,Padelbaan 7,Padelbaan 8"
2026-04-15T23:45:40.858692,Vinkenveld,00:00,4,4,100.0,"booked: Padelbaan 1 / PURE Tennis & Padel,Padelbaan 2,Padelbaan 3,Padelbaan 4"
2026-04-16T00:15:38.259129,Terwegen,00:30,8,8,100.0,"booked: Padelbaan 1 (Panorama court),Padelbaan 2,Padelbaan 3,Padelbaan 4,Padelbaan 5,Padelbaan 6,Padelbaan 7,Padelbaan 8"
2026-04-16T00:15:38.259129,Vinkenveld,00:30,4,4,100.0,"booked: Padelbaan 1 / PURE Tennis & Padel,Padelbaan 2,Padelbaan 3,Padelbaan 4"
2026-04-16T00:45:38.961446,Terwegen,01:00,8,8,100.0,"booked: Padelbaan 1 (Panorama court),Padelbaan 2,Padelbaan 3,Padelbaan 4,Padelbaan 5,Padelbaan 6,Padelbaan 7,Padelbaan 8"
2026-04-16T00:45:38.961446,Vinkenveld,01:00,4,4,100.0,"booked: Padelbaan 1 / PURE Tennis & Padel,Padelbaan 2,Padelbaan 3,Padelbaan 4"
2026-04-16T01:15:42.617879,Terwegen,01:30,8,8,100.0,"booked: Padelbaan 1 (Panorama court),Padelbaan 2,Padelbaan 3,Padelbaan 4,Padelbaan 5,Padelbaan 6,Padelbaan 7,Padelbaan 8"
2026-04-16T01:15:42.617879,Vinkenveld,01:30,4,4,100.0,"booked: Padelbaan 1 / PURE Tennis & Padel,Padelbaan 2,Padelbaan 3,Padelbaan 4"
2026-04-16T01:45:39.378377,Terwegen,02:00,8,8,100.0,"booked: Padelbaan 1 (Panorama court),Padelbaan 2,Padelbaan 3,Padelbaan 4,Padelbaan 5,Padelbaan 6,Padelbaan 7,Padelbaan 8"
2026-04-16T01:45:39.378377,Vinkenveld,02:00,4,4,100.0,"booked: Padelbaan 1 / PURE Tennis & Padel,Padelbaan 2,Padelbaan 3,Padelbaan 4"
2026-04-16T02:15:39.743656,Terwegen,02:30,8,8,100.0,"booked: Padelbaan 1 (Panorama court),Padelbaan 2,Padelbaan 3,Padelbaan 4,Padelbaan 5,Padelbaan 6,Padelbaan 7,Padelbaan 8"
2026-04-16T02:15:39.743656,Vinkenveld,02:30,4,4,100.0,"booked: Padelbaan 1 / PURE Tennis & Padel,Padelbaan 2,Padelbaan 3,Padelbaan 4"
2026-04-16T02:45:37.185497,Terwegen,03:00,8,8,100.0,"booked: Padelbaan 1 (Panorama court),Padelbaan 2,Padelbaan 3,Padelbaan 4,Padelbaan 5,Padelbaan 6,Padelbaan 7,Padelbaan 8"
2026-04-16T02:45:37.185497,Vinkenveld,03:00,4,4,100.0,"booked: Padelbaan 1 / PURE Tennis & Padel,Padelbaan 2,Padelbaan 3,Padelbaan 4"
2026-04-16T03:15:38.191430,Terwegen,03:30,8,8,100.0,"booked: Padelbaan 1 (Panorama court),Padelbaan 2,Padelbaan 3,Padelbaan 4,Padelbaan 5,Padelbaan 6,Padelbaan 7,Padelbaan 8"
2026-04-16T03:15:38.191430,Vinkenveld,03:30,4,4,100.0,"booked: Padelbaan 1 / PURE Tennis & Padel,Padelbaan 2,Padelbaan 3,Padelbaan 4"
2026-04-16T03:45:50.189921,Terwegen,04:00,8,8,100.0,"booked: Padelbaan 1 (Panorama court),Padelbaan 2,Padelbaan 3,Padelbaan 4,Padelbaan 5,Padelbaan 6,Padelbaan 7,Padelbaan 8"
2026-04-16T03:45:50.189921,Vinkenveld,04:00,4,4,100.0,"booked: Padelbaan 1 / PURE Tennis & Padel,Padelbaan 2,Padelbaan 3,Padelbaan 4"
2026-04-16T04:15:35.649261,Terwegen,04:30,8,8,100.0,"booked: Padelbaan 1 (Panorama court),Padelbaan 2,Padelbaan 3,Padelbaan 4,Padelbaan 5,Padelbaan 6,Padelbaan 7,Padelbaan 8"
2026-04-16T04:15:35.649261,Vinkenveld,04:30,4,4,100.0,"booked: Padelbaan 1 / PURE Tennis & Padel,Padelbaan 2,Padelbaan 3,Padelbaan 4"
2026-04-16T04:49:21.848600,Terwegen,05:00,8,8,100.0,"booked: Padelbaan 1 (Panorama court),Padelbaan 2,Padelbaan 3,Padelbaan 4,Padelbaan 5,Padelbaan 6,Padelbaan 7,Padelbaan 8"
2026-04-16T04:49:21.848600,Vinkenveld,05:00,4,4,100.0,"booked: Padelbaan 1 / PURE Tennis & Padel,Padelbaan 2,Padelbaan 3,Padelbaan 4"
2026-04-16T05:15:40.843809,Terwegen,05:30,8,8,100.0,"booked: Padelbaan 1 (Panorama court),Padelbaan 2,Padelbaan 3,Padelbaan 4,Padelbaan 5,Padelbaan 6,Padelbaan 7,Padelbaan 8"
2026-04-16T05:15:40.843809,Vinkenveld,05:30,4,4,100.0,"booked: Padelbaan 1 / PURE Tennis & Padel,Padelbaan 2,Padelbaan 3,Padelbaan 4"
2026-04-16T05:45:38.765245,Terwegen,06:00,8,8,100.0,"booked: Padelbaan 1 (Panorama court),Padelbaan 2,Padelbaan 3,Padelbaan 4,Padelbaan 5,Padelbaan 6,Padelbaan 7,Padelbaan 8"
2026-04-16T05:45:38.765245,Vinkenveld,06:00,4,4,100.0,"booked: Padelbaan 1 / PURE Tennis & Padel,Padelbaan 2,Padelbaan 3,Padelbaan 4"
2026-04-16T06:15:37.960776,Terwegen,06:30,8,8,100.0,"booked: Padelbaan 1 (Panorama court),Padelbaan 2,Padelbaan 3,Padelbaan 4,Padelbaan 5,Padelbaan 6,Padelbaan 7,Padelbaan 8"
2026-04-16T06:15:37.960776,Vinkenveld,06:30,4,4,100.0,"booked: Padelbaan 1 / PURE Tennis & Padel,Padelbaan 2,Padelbaan 3,Padelbaan 4"
2026-04-16T06:45:34.586506,Terwegen,07:00,8,8,100.0,"booked: Padelbaan 1 (Panorama court),Padelbaan 2,Padelbaan 3,Padelbaan 4,Padelbaan 5,Padelbaan 6,Padelbaan 7,Padelbaan 8"
2026-04-16T06:45:34.586506,Vinkenveld,07:00,4,4,100.0,"booked: Padelbaan 1 / PURE Tennis & Padel,Padelbaan 2,Padelbaan 3,Padelbaan 4"
2026-04-16T07:15:41.516585,Terwegen,07:30,8,8,100.0,"booked: Padelbaan 1 (Panorama court),Padelbaan 2,Padelbaan 3,Padelbaan 4,Padelbaan 5,Padelbaan 6,Padelbaan 7,Padelbaan 8"
2026-04-16T07:15:41.516585,Vinkenveld,07:30,4,4,100.0,"booked: Padelbaan 1 / PURE Tennis & Padel,Padelbaan 2,Padelbaan 3,Padelbaan 4"
2026-04-16T07:45:38.630236,Terwegen,08:00,8,0,0.0,"available: Padelbaan 1 (Panorama court),Padelbaan 2,Padelbaan 3,Padelbaan 4,Padelbaan 5,Padelbaan 6,Padelbaan 7,Padelbaan 8"
2026-04-16T07:45:38.630236,Vinkenveld,08:00,4,0,0.0,"available: Padelbaan 1 / PURE Tennis & Padel,Padelbaan 2,Padelbaan 3,Padelbaan 4"
2026-04-16T08:15:39.646571,Terwegen,08:30,8,2,25.0,"booked: Padelbaan 1 (Panorama court),Padelbaan 3; available: Padelbaan 2,Padelbaan 4,Padelbaan 5,Padelbaan 6,Padelbaan 7,Padelbaan 8"
2026-04-16T08:15:39.646571,Vinkenveld,08:30,4,1,25.0,"booked: Padelbaan 2; available: Padelbaan 1 / PURE Tennis & Padel,Padelbaan 3,Padelbaan 4"
2026-04-16T08:45:40.074725,Terwegen,09:00,8,2,25.0,"booked: Padelbaan 1 (Panorama court),Padelbaan 3; available: Padelbaan 2,Padelbaan 4,Padelbaan 5,Padelbaan 6,Padelbaan 7,Padelbaan 8"
2026-04-16T08:45:40.074725,Vinkenveld,09:00,4,1,25.0,"booked: Padelbaan 2; available: Padelbaan 1 / PURE Tennis & Padel,Padelbaan 3,Padelbaan 4"
2026-04-16T09:15:38.415447,Terwegen,09:30,8,2,25.0,"booked: Padelbaan 1 (Panorama court),Padelbaan 3; available: Padelbaan 2,Padelbaan 4,Padelbaan 5,Padelbaan 6,Padelbaan 7,Padelbaan 8"
2026-04-16T09:15:38.415447,Vinkenveld,09:30,4,1,25.0,"booked: Padelbaan 2; available: Padelbaan 1 / PURE Tennis & Padel,Padelbaan 3,Padelbaan 4"
2026-04-16T09:45:36.584588,Terwegen,10:00,8,2,25.0,"booked: Padelbaan 1 (Panorama court),Padelbaan 3; available: Padelbaan 2,Padelbaan 4,Padelbaan 5,Padelbaan 6,Padelbaan 7,Padelbaan 8"
2026-04-16T09:45:36.584588,Vinkenveld,10:00,4,0,0.0,"available: Padelbaan 1 / PURE Tennis & Padel,Padelbaan 2,Padelbaan 3,Padelbaan 4"
2026-04-16T10:15:40.123767,Terwegen,10:30,8,0,0.0,"available: Padelbaan 1 (Panorama court),Padelbaan 2,Padelbaan 3,Padelbaan 4,Padelbaan 5,Padelbaan 6,Padelbaan 7,Padelbaan 8"
2026-04-16T10:15:40.123767,Vinkenveld,10:30,4,0,0.0,"available: Padelbaan 1 / PURE Tennis & Padel,Padelbaan 2,Padelbaan 3,Padelbaan 4"
2026-04-16T10:45:52.406660,Terwegen,11:00,8,2,25.0,"booked: Padelbaan 1 (Panorama court),Padelbaan 3; available: Padelbaan 2,Padelbaan 4,Padelbaan 5,Padelbaan 6,Padelbaan 7,Padelbaan 8"
2026-04-16T10:45:52.406660,Vinkenveld,11:00,4,0,0.0,"available: Padelbaan 1 / PURE Tennis & Padel,Padelbaan 2,Padelbaan 3,Padelbaan 4"
2026-04-16T11:27:49.765862,Terwegen,11:30,8,0,0.0,"available: Padelbaan 1 (Panorama court),Padelbaan 2,Padelbaan 3,Padelbaan 4,Padelbaan 5,Padelbaan 6,Padelbaan 7,Padelbaan 8"
2026-04-16T11:27:49.765862,Vinkenveld,11:30,4,0,0.0,"available: Padelbaan 1 / PURE Tennis & Padel,Padelbaan 2,Padelbaan 3,Padelbaan 4"
2026-04-16T11:45:44.863592,Terwegen,12:00,8,0,0.0,"available: Padelbaan 1 (Panorama court),Padelbaan 2,Padelbaan 3,Padelbaan 4,Padelbaan 5,Padelbaan 6,Padelbaan 7,Padelbaan 8"
2026-04-16T11:45:44.863592,Vinkenveld,12:00,4,0,0.0,"available: Padelbaan 1 / PURE Tennis & Padel,Padelbaan 2,Padelbaan 3,Padelbaan 4"
2026-04-16T12:15:46.813983,Terwegen,12:30,8,0,0.0,"available: Padelbaan 1 (Panorama court),Padelbaan 2,Padelbaan 3,Padelbaan 4,Padelbaan 5,Padelbaan 6,Padelbaan 7,Padelbaan 8"
2026-04-16T12:15:46.813983,Vinkenveld,12:30,4,0,0.0,"available: Padelbaan 1 / PURE Tennis & Padel,Padelbaan 2,Padelbaan 3,Padelbaan 4"
2026-04-16T12:45:43.624820,Terwegen,13:00,8,0,0.0,"available: Padelbaan 1 (Panorama court),Padelbaan 2,Padelbaan 3,Padelbaan 4,Padelbaan 5,Padelbaan 6,Padelbaan 7,Padelbaan 8"
2026-04-16T12:45:43.624820,Vinkenveld,13:00,4,1,25.0,"booked: Padelbaan 2; available: Padelbaan 1 / PURE Tennis & Padel,Padelbaan 3,Padelbaan 4"
2026-04-16T13:15:40.090622,Terwegen,13:30,8,0,0.0,"available: Padelbaan 1 (Panorama court),Padelbaan 2,Padelbaan 3,Padelbaan 4,Padelbaan 5,Padelbaan 6,Padelbaan 7,Padelbaan 8"
2026-04-16T13:15:40.090622,Vinkenveld,13:30,4,1,25.0,"booked: Padelbaan 2; available: Padelbaan 1 / PURE Tennis & Padel,Padelbaan 3,Padelbaan 4"
2026-04-16T13:45:43.069416,Terwegen,14:00,8,0,0.0,"available: Padelbaan 1 (Panorama court),Padelbaan 2,Padelbaan 3,Padelbaan 4,Padelbaan 5,Padelbaan 6,Padelbaan 7,Padelbaan 8"
2026-04-16T13:45:43.069416,Vinkenveld,14:00,4,1,25.0,"booked: Padelbaan 2; available: Padelbaan 1 / PURE Tennis & Padel,Padelbaan 3,Padelbaan 4"
2026-04-16T14:15:53.428242,Terwegen,14:30,8,2,25.0,"booked: Padelbaan 1 (Panorama court),Padelbaan 3; available: Padelbaan 2,Padelbaan 4,Padelbaan 5,Padelbaan 6,Padelbaan 7,Padelbaan 8"
2026-04-16T14:15:53.428242,Vinkenveld,14:30,4,0,0.0,"available: Padelbaan 1 / PURE Tennis & Padel,Padelbaan 2,Padelbaan 3,Padelbaan 4"
2026-04-16T14:45:41.315594,Terwegen,15:00,8,1,12.5,"booked: Padelbaan 2; available: Padelbaan 1 (Panorama court),Padelbaan 3,Padelbaan 4,Padelbaan 5,Padelbaan 6,Padelbaan 7,Padelbaan 8"
2026-04-16T14:45:41.315594,Vinkenveld,15:00,4,0,0.0,"available: Padelbaan 1 / PURE Tennis & Padel,Padelbaan 2,Padelbaan 3,Padelbaan 4"
2026-04-16T15:15:39.189248,Terwegen,15:30,8,7,87.5,"booked: Padelbaan 1 (Panorama court),Padelbaan 3,Padelbaan 4,Padelbaan 5,Padelbaan 6,Padelbaan 7,Padelbaan 8; available: Padelbaan 2"
2026-04-16T15:15:39.189248,Vinkenveld,15:30,4,0,0.0,"available: Padelbaan 1 / PURE Tennis & Padel,Padelbaan 2,Padelbaan 3,Padelbaan 4"
2026-04-16T15:45:50.001379,Terwegen,16:00,8,3,37.5,"booked: Padelbaan 1 (Panorama court),Padelbaan 2,Padelbaan 3; available: Padelbaan 4,Padelbaan 5,Padelbaan 6,Padelbaan 7,Padelbaan 8"
2026-04-16T15:45:50.001379,Vinkenveld,16:00,4,0,0.0,"available: Padelbaan 1 / PURE Tennis & Padel,Padelbaan 2,Padelbaan 3,Padelbaan 4"
2026-04-16T16:15:51.444778,Terwegen,16:30,8,8,100.0,"booked: Padelbaan 1 (Panorama court),Padelbaan 2,Padelbaan 3,Padelbaan 4,Padelbaan 5,Padelbaan 6,Padelbaan 7,Padelbaan 8"
2026-04-16T16:15:51.444778,Vinkenveld,16:30,4,2,50.0,"booked: Padelbaan 3,Padelbaan 4; available: Padelbaan 1 / PURE Tennis & Padel,Padelbaan 2"
2026-04-16T16:45:45.329365,Terwegen,17:00,8,8,100.0,"booked: Padelbaan 1 (Panorama court),Padelbaan 2,Padelbaan 3,Padelbaan 4,Padelbaan 5,Padelbaan 6,Padelbaan 7,Padelbaan 8"
2026-04-16T16:45:45.329365,Vinkenveld,17:00,4,2,50.0,"booked: Padelbaan 3,Padelbaan 4; available: Padelbaan 1 / PURE Tennis & Padel,Padelbaan 2"
2026-04-16T17:15:44.247506,Terwegen,17:30,8,8,100.0,"booked: Padelbaan 1 (Panorama court),Padelbaan 2,Padelbaan 3,Padelbaan 4,Padelbaan 5,Padelbaan 6,Padelbaan 7,Padelbaan 8"
2026-04-16T17:15:44.247506,Vinkenveld,17:30,4,2,50.0,"booked: Padelbaan 3,Padelbaan 4; available: Padelbaan 1 / PURE Tennis & Padel,Padelbaan 2"
2026-04-16T17:45:55.975687,Terwegen,18:00,8,8,100.0,"booked: Padelbaan 1 (Panorama court),Padelbaan 2,Padelbaan 3,Padelbaan 4,Padelbaan 5,Padelbaan 6,Padelbaan 7,Padelbaan 8"
2026-04-16T17:45:55.975687,Vinkenveld,18:00,4,2,50.0,"booked: Padelbaan 3,Padelbaan 4; available: Padelbaan 1 / PURE Tennis & Padel,Padelbaan 2"
2026-04-16T18:15:44.168831,Terwegen,18:30,8,8,100.0,"booked: Padelbaan 1 (Panorama court),Padelbaan 2,Padelbaan 3,Padelbaan 4,Padelbaan 5,Padelbaan 6,Padelbaan 7,Padelbaan 8"
2026-04-16T18:15:44.168831,Vinkenveld,18:30,4,3,75.0,"booked: Padelbaan 2,Padelbaan 3,Padelbaan 4; available: Padelbaan 1 / PURE Tennis & Padel"
2026-04-16T18:45:42.154026,Terwegen,19:00,8,8,100.0,"booked: Padelbaan 1 (Panorama court),Padelbaan 2,Padelbaan 3,Padelbaan 4,Padelbaan 5,Padelbaan 6,Padelbaan 7,Padelbaan 8"
2026-04-16T18:45:42.154026,Vinkenveld,19:00,4,4,100.0,"booked: Padelbaan 1 / PURE Tennis & Padel,Padelbaan 2,Padelbaan 3,Padelbaan 4"
2026-04-16T19:15:44.842145,Terwegen,19:30,8,8,100.0,"booked: Padelbaan 1 (Panorama court),Padelbaan 2,Padelbaan 3,Padelbaan 4,Padelbaan 5,Padelbaan 6,Padelbaan 7,Padelbaan 8"
2026-04-16T19:15:44.842145,Vinkenveld,19:30,4,4,100.0,"booked: Padelbaan 1 / PURE Tennis & Padel,Padelbaan 2,Padelbaan 3,Padelbaan 4"
2026-04-16T19:45:43.215553,Terwegen,20:00,8,8,100.0,"booked: Padelbaan 1 (Panorama court),Padelbaan 2,Padelbaan 3,Padelbaan 4,Padelbaan 5,Padelbaan 6,Padelbaan 7,Padelbaan 8"
2026-04-16T19:45:43.215553,Vinkenveld,20:00,4,4,100.0,"booked: Padelbaan 1 / PURE Tennis & Padel,Padelbaan 2,Padelbaan 3,Padelbaan 4"
2026-04-16T20:15:39.367110,Terwegen,20:30,8,8,100.0,"booked: Padelbaan 1 (Panorama court),Padelbaan 2,Padelbaan 3,Padelbaan 4,Padelbaan 5,Padelbaan 6,Padelbaan 7,Padelbaan 8"
2026-04-16T20:15:39.367110,Vinkenveld,20:30,4,4,100.0,"booked: Padelbaan 1 / PURE Tennis & Padel,Padelbaan 2,Padelbaan 3,Padelbaan 4"
2026-04-16T20:45:39.805182,Terwegen,21:00,8,8,100.0,"booked: Padelbaan 1 (Panorama court),Padelbaan 2,Padelbaan 3,Padelbaan 4,Padelbaan 5,Padelbaan 6,Padelbaan 7,Padelbaan 8"
2026-04-16T20:45:39.805182,Vinkenveld,21:00,4,4,100.0,"booked: Padelbaan 1 / PURE Tennis & Padel,Padelbaan 2,Padelbaan 3,Padelbaan 4"
2026-04-16T21:15:49.281139,Terwegen,21:30,8,8,100.0,"booked: Padelbaan 1 (Panorama court),Padelbaan 2,Padelbaan 3,Padelbaan 4,Padelbaan 5,Padelbaan 6,Padelbaan 7,Padelbaan 8"
2026-04-16T21:15:49.281139,Vinkenveld,21:30,4,4,100.0,"booked: Padelbaan 1 / PURE Tennis & Padel,Padelbaan 2,Padelbaan 3,Padelbaan 4"
2026-04-16T21:45:46.269810,Terwegen,22:00,8,5,62.5,"booked: Padelbaan 1 (Panorama court),Padelbaan 2,Padelbaan 3,Padelbaan 4,Padelbaan 7; available: Padelbaan 5,Padelbaan 6,Padelbaan 8"
2026-04-16T21:45:46.269810,Vinkenveld,22:00,4,4,100.0,"booked: Padelbaan 1 / PURE Tennis & Padel,Padelbaan 2,Padelbaan 3,Padelbaan 4"
2026-04-16T23:45:39.326718,Terwegen,00:00,8,8,100.0,"booked: Padelbaan 1 (Panorama court),Padelbaan 2,Padelbaan 3,Padelbaan 4,Padelbaan 5,Padelbaan 6,Padelbaan 7,Padelbaan 8"
2026-04-16T23:45:39.326718,Vinkenveld,00:00,4,4,100.0,"booked: Padelbaan 1 / PURE Tennis & Padel,Padelbaan 2,Padelbaan 3,Padelbaan 4"
2026-04-17T00:15:37.320891,Terwegen,00:30,8,8,100.0,"booked: Padelbaan 1 (Panorama court),Padelbaan 2,Padelbaan 3,Padelbaan 4,Padelbaan 5,Padelbaan 6,Padelbaan 7,Padelbaan 8"
2026-04-17T00:15:37.320891,Vinkenveld,00:30,4,4,100.0,"booked: Padelbaan 1 / PURE Tennis & Padel,Padelbaan 2,Padelbaan 3,Padelbaan 4"
2026-04-17T00:45:40.923558,Terwegen,01:00,8,8,100.0,"booked: Padelbaan 1 (Panorama court),Padelbaan 2,Padelbaan 3,Padelbaan 4,Padelbaan 5,Padelbaan 6,Padelbaan 7,Padelbaan 8"
2026-04-17T00:45:40.923558,Vinkenveld,01:00,4,4,100.0,"booked: Padelbaan 1 / PURE Tennis & Padel,Padelbaan 2,Padelbaan 3,Padelbaan 4"
2026-04-17T01:15:48.737918,Terwegen,01:30,8,8,100.0,"booked: Padelbaan 1 (Panorama court),Padelbaan 2,Padelbaan 3,Padelbaan 4,Padelbaan 5,Padelbaan 6,Padelbaan 7,Padelbaan 8"
2026-04-17T01:15:48.737918,Vinkenveld,01:30,4,4,100.0,"booked: Padelbaan 1 / PURE Tennis & Padel,Padelbaan 2,Padelbaan 3,Padelbaan 4"
2026-04-17T01:45:39.613306,Terwegen,02:00,8,8,100.0,"booked: Padelbaan 1 (Panorama court),Padelbaan 2,Padelbaan 3,Padelbaan 4,Padelbaan 5,Padelbaan 6,Padelbaan 7,Padelbaan 8"
2026-04-17T01:45:39.613306,Vinkenveld,02:00,4,4,100.0,"booked: Padelbaan 1 / PURE Tennis & Padel,Padelbaan 2,Padelbaan 3,Padelbaan 4"
2026-04-17T02:15:37.211978,Terwegen,02:30,8,8,100.0,"booked: Padelbaan 1 (Panorama court),Padelbaan 2,Padelbaan 3,Padelbaan 4,Padelbaan 5,Padelbaan 6,Padelbaan 7,Padelbaan 8"
2026-04-17T02:15:37.211978,Vinkenveld,02:30,4,4,100.0,"booked: Padelbaan 1 / PURE Tennis & Padel,Padelbaan 2,Padelbaan 3,Padelbaan 4"
2026-04-17T02:45:37.860912,Terwegen,03:00,8,8,100.0,"booked: Padelbaan 1 (Panorama court),Padelbaan 2,Padelbaan 3,Padelbaan 4,Padelbaan 5,Padelbaan 6,Padelbaan 7,Padelbaan 8"
2026-04-17T02:45:37.860912,Vinkenveld,03:00,4,4,100.0,"booked: Padelbaan 1 / PURE Tennis & Padel,Padelbaan 2,Padelbaan 3,Padelbaan 4"
2026-04-17T03:15:39.829110,Terwegen,03:30,8,8,100.0,"booked: Padelbaan 1 (Panorama court),Padelbaan 2,Padelbaan 3,Padelbaan 4,Padelbaan 5,Padelbaan 6,Padelbaan 7,Padelbaan 8"
2026-04-17T03:15:39.829110,Vinkenveld,03:30,4,4,100.0,"booked: Padelbaan 1 / PURE Tennis & Padel,Padelbaan 2,Padelbaan 3,Padelbaan 4"
2026-04-17T03:45:40.647213,Terwegen,04:00,8,8,100.0,"booked: Padelbaan 1 (Panorama court),Padelbaan 2,Padelbaan 3,Padelbaan 4,Padelbaan 5,Padelbaan 6,Padelbaan 7,Padelbaan 8"
2026-04-17T03:45:40.647213,Vinkenveld,04:00,4,4,100.0,"booked: Padelbaan 1 / PURE Tennis & Padel,Padelbaan 2,Padelbaan 3,Padelbaan 4"
2026-04-17T04:15:36.500192,Terwegen,04:30,8,8,100.0,"booked: Padelbaan 1 (Panorama court),Padelbaan 2,Padelbaan 3,Padelbaan 4,Padelbaan 5,Padelbaan 6,Padelbaan 7,Padelbaan 8"
2026-04-17T04:15:36.500192,Vinkenveld,04:30,4,4,100.0,"booked: Padelbaan 1 / PURE Tennis & Padel,Padelbaan 2,Padelbaan 3,Padelbaan 4"
2026-04-17T04:45:38.602661,Terwegen,05:00,8,8,100.0,"booked: Padelbaan 1 (Panorama court),Padelbaan 2,Padelbaan 3,Padelbaan 4,Padelbaan 5,Padelbaan 6,Padelbaan 7,Padelbaan 8"
2026-04-17T04:45:38.602661,Vinkenveld,05:00,4,4,100.0,"booked: Padelbaan 1 / PURE Tennis & Padel,Padelbaan 2,Padelbaan 3,Padelbaan 4"
2026-04-17T05:15:39.690358,Terwegen,05:30,8,8,100.0,"booked: Padelbaan 1 (Panorama court),Padelbaan 2,Padelbaan 3,Padelbaan 4,Padelbaan 5,Padelbaan 6,Padelbaan 7,Padelbaan 8"
2026-04-17T05:15:39.690358,Vinkenveld,05:30,4,4,100.0,"booked: Padelbaan 1 / PURE Tennis & Padel,Padelbaan 2,Padelbaan 3,Padelbaan 4"
2026-04-17T05:45:35.052470,Terwegen,06:00,8,8,100.0,"booked: Padelbaan 1 (Panorama court),Padelbaan 2,Padelbaan 3,Padelbaan 4,Padelbaan 5,Padelbaan 6,Padelbaan 7,Padelbaan 8"
2026-04-17T05:45:35.052470,Vinkenveld,06:00,4,4,100.0,"booked: Padelbaan 1 / PURE Tennis & Padel,Padelbaan 2,Padelbaan 3,Padelbaan 4"
2026-04-17T06:15:40.850379,Terwegen,06:30,8,8,100.0,"booked: Padelbaan 1 (Panorama court),Padelbaan 2,Padelbaan 3,Padelbaan 4,Padelbaan 5,Padelbaan 6,Padelbaan 7,Padelbaan 8"
2026-04-17T06:15:40.850379,Vinkenveld,06:30,4,4,100.0,"booked: Padelbaan 1 / PURE Tennis & Padel,Padelbaan 2,Padelbaan 3,Padelbaan 4"
2026-04-17T06:45:40.493728,Terwegen,07:00,8,8,100.0,"booked: Padelbaan 1 (Panorama court),Padelbaan 2,Padelbaan 3,Padelbaan 4,Padelbaan 5,Padelbaan 6,Padelbaan 7,Padelbaan 8"
2026-04-17T06:45:40.493728,Vinkenveld,07:00,4,4,100.0,"booked: Padelbaan 1 / PURE Tennis & Padel,Padelbaan 2,Padelbaan 3,Padelbaan 4"
2026-04-17T07:15:40.314119,Terwegen,07:30,8,8,100.0,"booked: Padelbaan 1 (Panorama court),Padelbaan 2,Padelbaan 3,Padelbaan 4,Padelbaan 5,Padelbaan 6,Padelbaan 7,Padelbaan 8"
2026-04-17T07:15:40.314119,Vinkenveld,07:30,4,4,100.0,"booked: Padelbaan 1 / PURE Tennis & Padel,Padelbaan 2,Padelbaan 3,Padelbaan 4"
2026-04-17T07:45:38.211194,Terwegen,08:00,8,1,12.5,"booked: Padelbaan 3; available: Padelbaan 1 (Panorama court),Padelbaan 2,Padelbaan 4,Padelbaan 5,Padelbaan 6,Padelbaan 7,Padelbaan 8"
2026-04-17T07:45:38.211194,Vinkenveld,08:00,4,0,0.0,"available: Padelbaan 1 / PURE Tennis & Padel,Padelbaan 2,Padelbaan 3,Padelbaan 4"
2026-04-17T08:15:36.746651,Terwegen,08:30,8,7,87.5,"booked: Padelbaan 1 (Panorama court),Padelbaan 2,Padelbaan 4,Padelbaan 5,Padelbaan 6,Padelbaan 7,Padelbaan 8; available: Padelbaan 3"
2026-04-17T08:15:36.746651,Vinkenveld,08:30,4,1,25.0,"booked: Padelbaan 4; available: Padelbaan 1 / PURE Tennis & Padel,Padelbaan 2,Padelbaan 3"
2026-04-17T08:45:35.778629,Terwegen,09:00,8,7,87.5,"booked: Padelbaan 1 (Panorama court),Padelbaan 2,Padelbaan 3,Padelbaan 4,Padelbaan 6,Padelbaan 7,Padelbaan 8; available: Padelbaan 5"
2026-04-17T08:45:35.778629,Vinkenveld,09:00,4,1,25.0,"booked: Padelbaan 4; available: Padelbaan 1 / PURE Tennis & Padel,Padelbaan 2,Padelbaan 3"
2026-04-17T09:15:38.239619,Terwegen,09:30,8,8,100.0,"booked: Padelbaan 1 (Panorama court),Padelbaan 2,Padelbaan 3,Padelbaan 4,Padelbaan 5,Padelbaan 6,Padelbaan 7,Padelbaan 8"
2026-04-17T09:15:38.239619,Vinkenveld,09:30,4,2,50.0,"booked: Padelbaan 3,Padelbaan 4; available: Padelbaan 1 / PURE Tennis & Padel,Padelbaan 2"
2026-04-17T09:45:37.838827,Terwegen,10:00,8,7,87.5,"booked: Padelbaan 1 (Panorama court),Padelbaan 2,Padelbaan 3,Padelbaan 4,Padelbaan 5,Padelbaan 6,Padelbaan 8; available: Padelbaan 7"
2026-04-17T09:45:37.838827,Vinkenveld,10:00,4,1,25.0,"booked: Padelbaan 3; available: Padelbaan 1 / PURE Tennis & Padel,Padelbaan 2,Padelbaan 4"
2026-04-17T10:15:35.739611,Terwegen,10:30,8,7,87.5,"booked: Padelbaan 1 (Panorama court),Padelbaan 2,Padelbaan 3,Padelbaan 5,Padelbaan 6,Padelbaan 7,Padelbaan 8; available: Padelbaan 4"
2026-04-17T10:15:35.739611,Vinkenveld,10:30,4,1,25.0,"booked: Padelbaan 3; available: Padelbaan 1 / PURE Tennis & Padel,Padelbaan 2,Padelbaan 4"
2026-04-17T10:45:40.461415,Terwegen,11:00,8,5,62.5,"booked: Padelbaan 1 (Panorama court),Padelbaan 2,Padelbaan 4,Padelbaan 6,Padelbaan 8; available: Padelbaan 3,Padelbaan 5,Padelbaan 7"
2026-04-17T10:45:40.461415,Vinkenveld,11:00,4,1,25.0,"booked: Padelbaan 3; available: Padelbaan 1 / PURE Tennis & Padel,Padelbaan 2,Padelbaan 4"
2026-04-17T11:15:38.666372,Terwegen,11:30,8,4,50.0,"booked: Padelbaan 3,Padelbaan 5,Padelbaan 6,Padelbaan 8; available: Padelbaan 1 (Panorama court),Padelbaan 2,Padelbaan 4,Padelbaan 7"
2026-04-17T11:15:38.666372,Vinkenveld,11:30,4,1,25.0,"booked: Padelbaan 3; available: Padelbaan 1 / PURE Tennis & Padel,Padelbaan 2,Padelbaan 4"
2026-04-17T11:45:43.124876,Terwegen,12:00,8,3,37.5,"booked: Padelbaan 1 (Panorama court),Padelbaan 2,Padelbaan 8; available: Padelbaan 3,Padelbaan 4,Padelbaan 5,Padelbaan 6,Padelbaan 7"
2026-04-17T11:45:43.124876,Vinkenveld,12:00,4,1,25.0,"booked: Padelbaan 3; available: Padelbaan 1 / PURE Tennis & Padel,Padelbaan 2,Padelbaan 4"
2026-04-17T12:15:47.503358,Terwegen,12:30,8,2,25.0,"booked: Padelbaan 6,Padelbaan 8; available: Padelbaan 1 (Panorama court),Padelbaan 2,Padelbaan 3,Padelbaan 4,Padelbaan 5,Padelbaan 7"
2026-04-17T12:15:47.503358,Vinkenveld,12:30,4,1,25.0,"booked: Padelbaan 3; available: Padelbaan 1 / PURE Tennis & Padel,Padelbaan 2,Padelbaan 4"
2026-04-17T12:45:35.662830,Terwegen,13:00,8,1,12.5,"booked: Padelbaan 1 (Panorama court); available: Padelbaan 2,Padelbaan 3,Padelbaan 4,Padelbaan 5,Padelbaan 6,Padelbaan 7,Padelbaan 8"
2026-04-17T12:45:35.662830,Vinkenveld,13:00,4,0,0.0,"available: Padelbaan 1 / PURE Tennis & Padel,Padelbaan 2,Padelbaan 3,Padelbaan 4"
2026-04-17T13:15:43.415063,Terwegen,13:30,8,2,25.0,"booked: Padelbaan 1 (Panorama court),Padelbaan 8; available: Padelbaan 2,Padelbaan 3,Padelbaan 4,Padelbaan 5,Padelbaan 6,Padelbaan 7"
2026-04-17T13:15:43.415063,Vinkenveld,13:30,4,0,0.0,"available: Padelbaan 1 / PURE Tennis & Padel,Padelbaan 2,Padelbaan 3,Padelbaan 4"
2026-04-17T13:45:37.605613,Terwegen,14:00,8,3,37.5,"booked: Padelbaan 1 (Panorama court),Padelbaan 4,Padelbaan 8; available: Padelbaan 2,Padelbaan 3,Padelbaan 5,Padelbaan 6,Padelbaan 7"
2026-04-17T13:45:37.605613,Vinkenveld,14:00,4,0,0.0,"available: Padelbaan 1 / PURE Tennis & Padel,Padelbaan 2,Padelbaan 3,Padelbaan 4"
2026-04-17T14:15:43.686471,Terwegen,14:30,8,3,37.5,"booked: Padelbaan 1 (Panorama court),Padelbaan 3,Padelbaan 8; available: Padelbaan 2,Padelbaan 4,Padelbaan 5,Padelbaan 6,Padelbaan 7"
2026-04-17T14:15:43.686471,Vinkenveld,14:30,4,0,0.0,"available: Padelbaan 1 / PURE Tennis & Padel,Padelbaan 2,Padelbaan 3,Padelbaan 4"
2026-04-17T14:45:48.943089,Terwegen,15:00,8,2,25.0,"booked: Padelbaan 4,Padelbaan 8; available: Padelbaan 1 (Panorama court),Padelbaan 2,Padelbaan 3,Padelbaan 5,Padelbaan 6,Padelbaan 7"
2026-04-17T14:45:48.943089,Vinkenveld,15:00,4,1,25.0,"booked: Padelbaan 4; available: Padelbaan 1 / PURE Tennis & Padel,Padelbaan 2,Padelbaan 3"
2026-04-17T15:15:43.721290,Terwegen,15:30,8,4,50.0,"booked: Padelbaan 1 (Panorama court),Padelbaan 2,Padelbaan 3,Padelbaan 4; available: Padelbaan 5,Padelbaan 6,Padelbaan 7,Padelbaan 8"
2026-04-17T15:15:43.721290,Vinkenveld,15:30,4,1,25.0,"booked: Padelbaan 4; available: Padelbaan 1 / PURE Tennis & Padel,Padelbaan 2,Padelbaan 3"
2026-04-17T15:45:40.567313,Terwegen,16:00,8,4,50.0,"booked: Padelbaan 1 (Panorama court),Padelbaan 3,Padelbaan 4,Padelbaan 8; available: Padelbaan 2,Padelbaan 5,Padelbaan 6,Padelbaan 7"
2026-04-17T15:45:40.567313,Vinkenveld,16:00,4,1,25.0,"booked: Padelbaan 4; available: Padelbaan 1 / PURE Tennis & Padel,Padelbaan 2,Padelbaan 3"
2026-04-17T16:15:40.839736,Terwegen,16:30,8,5,62.5,"booked: Padelbaan 2,Padelbaan 3,Padelbaan 5,Padelbaan 6,Padelbaan 8; available: Padelbaan 1 (Panorama court),Padelbaan 4,Padelbaan 7"
2026-04-17T16:15:40.839736,Vinkenveld,16:30,4,0,0.0,"available: Padelbaan 1 / PURE Tennis & Padel,Padelbaan 2,Padelbaan 3,Padelbaan 4"
2026-04-17T16:45:43.417639,Terwegen,17:00,8,8,100.0,"booked: Padelbaan 1 (Panorama court),Padelbaan 2,Padelbaan 3,Padelbaan 4,Padelbaan 5,Padelbaan 6,Padelbaan 7,Padelbaan 8"
2026-04-17T16:45:43.417639,Vinkenveld,17:00,4,1,25.0,"booked: Padelbaan 2; available: Padelbaan 1 / PURE Tennis & Padel,Padelbaan 3,Padelbaan 4"
2026-04-17T17:15:40.348487,Terwegen,17:30,8,5,62.5,"booked: Padelbaan 1 (Panorama court),Padelbaan 2,Padelbaan 3,Padelbaan 5,Padelbaan 6; available: Padelbaan 4,Padelbaan 7,Padelbaan 8"
2026-04-17T17:15:40.348487,Vinkenveld,17:30,4,1,25.0,"booked: Padelbaan 2; available: Padelbaan 1 / PURE Tennis & Padel,Padelbaan 3,Padelbaan 4"
2026-04-17T17:45:38.415325,Terwegen,18:00,8,8,100.0,"booked: Padelbaan 1 (Panorama court),Padelbaan 2,Padelbaan 3,Padelbaan 4,Padelbaan 5,Padelbaan 6,Padelbaan 7,Padelbaan 8"
2026-04-17T17:45:38.415325,Vinkenveld,18:00,4,4,100.0,"booked: Padelbaan 1 / PURE Tennis & Padel,Padelbaan 2,Padelbaan 3,Padelbaan 4"
2026-04-17T18:15:41.947082,Terwegen,18:30,8,8,100.0,"booked: Padelbaan 1 (Panorama court),Padelbaan 2,Padelbaan 3,Padelbaan 4,Padelbaan 5,Padelbaan 6,Padelbaan 7,Padelbaan 8"
2026-04-17T18:15:41.947082,Vinkenveld,18:30,4,4,100.0,"booked: Padelbaan 1 / PURE Tennis & Padel,Padelbaan 2,Padelbaan 3,Padelbaan 4"
2026-04-17T18:45:38.220436,Terwegen,19:00,8,8,100.0,"booked: Padelbaan 1 (Panorama court),Padelbaan 2,Padelbaan 3,Padelbaan 4,Padelbaan 5,Padelbaan 6,Padelbaan 7,Padelbaan 8"
2026-04-17T18:45:38.220436,Vinkenveld,19:00,4,4,100.0,"booked: Padelbaan 1 / PURE Tennis & Padel,Padelbaan 2,Padelbaan 3,Padelbaan 4"
2026-04-17T19:16:00.049967,Terwegen,19:30,8,8,100.0,"booked: Padelbaan 1 (Panorama court),Padelbaan 2,Padelbaan 3,Padelbaan 4,Padelbaan 5,Padelbaan 6,Padelbaan 7,Padelbaan 8"
2026-04-17T19:16:00.049967,Vinkenveld,19:30,4,4,100.0,"booked: Padelbaan 1 / PURE Tennis & Padel,Padelbaan 2,Padelbaan 3,Padelbaan 4"
2026-04-17T19:45:40.533428,Terwegen,20:00,8,8,100.0,"booked: Padelbaan 1 (Panorama court),Padelbaan 2,Padelbaan 3,Padelbaan 4,Padelbaan 5,Padelbaan 6,Padelbaan 7,Padelbaan 8"
2026-04-17T19:45:40.533428,Vinkenveld,20:00,4,4,100.0,"booked: Padelbaan 1 / PURE Tennis & Padel,Padelbaan 2,Padelbaan 3,Padelbaan 4"
2026-04-17T20:15:36.553711,Terwegen,20:30,8,8,100.0,"booked: Padelbaan 1 (Panorama court),Padelbaan 2,Padelbaan 3,Padelbaan 4,Padelbaan 5,Padelbaan 6,Padelbaan 7,Padelbaan 8"
2026-04-17T20:15:36.553711,Vinkenveld,20:30,4,4,100.0,"booked: Padelbaan 1 / PURE Tennis & Padel,Padelbaan 2,Padelbaan 3,Padelbaan 4"
2026-04-17T20:45:36.796718,Terwegen,21:00,8,8,100.0,"booked: Padelbaan 1 (Panorama court),Padelbaan 2,Padelbaan 3,Padelbaan 4,Padelbaan 5,Padelbaan 6,Padelbaan 7,Padelbaan 8"
2026-04-17T20:45:36.796718,Vinkenveld,21:00,4,4,100.0,"booked: Padelbaan 1 / PURE Tennis & Padel,Padelbaan 2,Padelbaan 3,Padelbaan 4"
2026-04-17T21:15:40.108308,Terwegen,21:30,8,8,100.0,"booked: Padelbaan 1 (Panorama court),Padelbaan 2,Padelbaan 3,Padelbaan 4,Padelbaan 5,Padelbaan 6,Padelbaan 7,Padelbaan 8"
2026-04-17T21:15:40.108308,Vinkenveld,21:30,4,3,75.0,"booked: Padelbaan 1 / PURE Tennis & Padel,Padelbaan 2,Padelbaan 4; available: Padelbaan 3"
2026-04-17T21:45:39.428418,Terwegen,22:00,8,8,100.0,"booked: Padelbaan 1 (Panorama court),Padelbaan 2,Padelbaan 3,Padelbaan 4,Padelbaan 5,Padelbaan 6,Padelbaan 7,Padelbaan 8"
2026-04-17T21:45:39.428418,Vinkenveld,22:00,4,3,75.0,"booked: Padelbaan 1 / PURE Tennis & Padel,Padelbaan 2,Padelbaan 4; available: Padelbaan 3"
2026-04-17T23:45:36.101292,Terwegen,00:00,8,8,100.0,"booked: Padelbaan 1 (Panorama court),Padelbaan 2,Padelbaan 3,Padelbaan 4,Padelbaan 5,Padelbaan 6,Padelbaan 7,Padelbaan 8"
2026-04-17T23:45:36.101292,Vinkenveld,00:00,4,4,100.0,"booked: Padelbaan 1 / PURE Tennis & Padel,Padelbaan 2,Padelbaan 3,Padelbaan 4"
2026-04-18T00:15:37.388917,Terwegen,00:30,8,8,100.0,"booked: Padelbaan 1 (Panorama court),Padelbaan 2,Padelbaan 3,Padelbaan 4,Padelbaan 5,Padelbaan 6,Padelbaan 7,Padelbaan 8"
2026-04-18T00:15:37.388917,Vinkenveld,00:30,4,4,100.0,"booked: Padelbaan 1 / PURE Tennis & Padel,Padelbaan 2,Padelbaan 3,Padelbaan 4"
2026-04-18T00:45:39.729266,Terwegen,01:00,8,8,100.0,"booked: Padelbaan 1 (Panorama court),Padelbaan 2,Padelbaan 3,Padelbaan 4,Padelbaan 5,Padelbaan 6,Padelbaan 7,Padelbaan 8"
2026-04-18T00:45:39.729266,Vinkenveld,01:00,4,4,100.0,"booked: Padelbaan 1 / PURE Tennis & Padel,Padelbaan 2,Padelbaan 3,Padelbaan 4"
2026-04-18T01:15:41.381129,Terwegen,01:30,8,8,100.0,"booked: Padelbaan 1 (Panorama court),Padelbaan 2,Padelbaan 3,Padelbaan 4,Padelbaan 5,Padelbaan 6,Padelbaan 7,Padelbaan 8"
2026-04-18T01:15:41.381129,Vinkenveld,01:30,4,4,100.0,"booked: Padelbaan 1 / PURE Tennis & Padel,Padelbaan 2,Padelbaan 3,Padelbaan 4"
2026-04-18T01:45:48.145963,Terwegen,02:00,8,8,100.0,"booked: Padelbaan 1 (Panorama court),Padelbaan 2,Padelbaan 3,Padelbaan 4,Padelbaan 5,Padelbaan 6,Padelbaan 7,Padelbaan 8"
2026-04-18T01:45:48.145963,Vinkenveld,02:00,4,4,100.0,"booked: Padelbaan 1 / PURE Tennis & Padel,Padelbaan 2,Padelbaan 3,Padelbaan 4"
2026-04-18T02:15:35.550605,Terwegen,02:30,8,8,100.0,"booked: Padelbaan 1 (Panorama court),Padelbaan 2,Padelbaan 3,Padelbaan 4,Padelbaan 5,Padelbaan 6,Padelbaan 7,Padelbaan 8"
2026-04-18T02:15:35.550605,Vinkenveld,02:30,4,4,100.0,"booked: Padelbaan 1 / PURE Tennis & Padel,Padelbaan 2,Padelbaan 3,Padelbaan 4"
2026-04-18T02:45:36.873542,Terwegen,03:00,8,8,100.0,"booked: Padelbaan 1 (Panorama court),Padelbaan 2,Padelbaan 3,Padelbaan 4,Padelbaan 5,Padelbaan 6,Padelbaan 7,Padelbaan 8"
2026-04-18T02:45:36.873542,Vinkenveld,03:00,4,4,100.0,"booked: Padelbaan 1 / PURE Tennis & Padel,Padelbaan 2,Padelbaan 3,Padelbaan 4"
2026-04-18T03:15:38.183947,Terwegen,03:30,8,8,100.0,"booked: Padelbaan 1 (Panorama court),Padelbaan 2,Padelbaan 3,Padelbaan 4,Padelbaan 5,Padelbaan 6,Padelbaan 7,Padelbaan 8"
2026-04-18T03:15:38.183947,Vinkenveld,03:30,4,4,100.0,"booked: Padelbaan 1 / PURE Tennis & Padel,Padelbaan 2,Padelbaan 3,Padelbaan 4"
2026-04-18T03:45:38.528598,Terwegen,04:00,8,8,100.0,"booked: Padelbaan 1 (Panorama court),Padelbaan 2,Padelbaan 3,Padelbaan 4,Padelbaan 5,Padelbaan 6,Padelbaan 7,Padelbaan 8"
2026-04-18T03:45:38.528598,Vinkenveld,04:00,4,4,100.0,"booked: Padelbaan 1 / PURE Tennis & Padel,Padelbaan 2,Padelbaan 3,Padelbaan 4"
2026-04-18T04:15:36.564043,Terwegen,04:30,8,8,100.0,"booked: Padelbaan 1 (Panorama court),Padelbaan 2,Padelbaan 3,Padelbaan 4,Padelbaan 5,Padelbaan 6,Padelbaan 7,Padelbaan 8"
2026-04-18T04:15:36.564043,Vinkenveld,04:30,4,4,100.0,"booked: Padelbaan 1 / PURE Tennis & Padel,Padelbaan 2,Padelbaan 3,Padelbaan 4"
2026-04-18T04:45:36.083017,Terwegen,05:00,8,8,100.0,"booked: Padelbaan 1 (Panorama court),Padelbaan 2,Padelbaan 3,Padelbaan 4,Padelbaan 5,Padelbaan 6,Padelbaan 7,Padelbaan 8"
2026-04-18T04:45:36.083017,Vinkenveld,05:00,4,4,100.0,"booked: Padelbaan 1 / PURE Tennis & Padel,Padelbaan 2,Padelbaan 3,Padelbaan 4"
2026-04-18T05:15:39.946239,Terwegen,05:30,8,8,100.0,"booked: Padelbaan 1 (Panorama court),Padelbaan 2,Padelbaan 3,Padelbaan 4,Padelbaan 5,Padelbaan 6,Padelbaan 7,Padelbaan 8"
2026-04-18T05:15:39.946239,Vinkenveld,05:30,4,4,100.0,"booked: Padelbaan 1 / PURE Tennis & Padel,Padelbaan 2,Padelbaan 3,Padelbaan 4"
2026-04-18T05:45:36.459519,Terwegen,06:00,8,8,100.0,"booked: Padelbaan 1 (Panorama court),Padelbaan 2,Padelbaan 3,Padelbaan 4,Padelbaan 5,Padelbaan 6,Padelbaan 7,Padelbaan 8"
2026-04-18T05:45:36.459519,Vinkenveld,06:00,4,4,100.0,"booked: Padelbaan 1 / PURE Tennis & Padel,Padelbaan 2,Padelbaan 3,Padelbaan 4"
2026-04-18T06:15:40.760176,Terwegen,06:30,8,8,100.0,"booked: Padelbaan 1 (Panorama court),Padelbaan 2,Padelbaan 3,Padelbaan 4,Padelbaan 5,Padelbaan 6,Padelbaan 7,Padelbaan 8"
2026-04-18T06:15:40.760176,Vinkenveld,06:30,4,4,100.0,"booked: Padelbaan 1 / PURE Tennis & Padel,Padelbaan 2,Padelbaan 3,Padelbaan 4"
2026-04-18T06:45:43.268973,Terwegen,07:00,8,8,100.0,"booked: Padelbaan 1 (Panorama court),Padelbaan 2,Padelbaan 3,Padelbaan 4,Padelbaan 5,Padelbaan 6,Padelbaan 7,Padelbaan 8"
2026-04-18T06:45:43.268973,Vinkenveld,07:00,4,4,100.0,"booked: Padelbaan 1 / PURE Tennis & Padel,Padelbaan 2,Padelbaan 3,Padelbaan 4"
2026-04-18T07:15:38.214846,Terwegen,07:30,8,8,100.0,"booked: Padelbaan 1 (Panorama court),Padelbaan 2,Padelbaan 3,Padelbaan 4,Padelbaan 5,Padelbaan 6,Padelbaan 7,Padelbaan 8"
2026-04-18T07:15:38.214846,Vinkenveld,07:30,4,4,100.0,"booked: Padelbaan 1 / PURE Tennis & Padel,Padelbaan 2,Padelbaan 3,Padelbaan 4"
2026-04-18T07:45:35.987546,Terwegen,08:00,8,1,12.5,"booked: Padelbaan 4; available: Padelbaan 1 (Panorama court),Padelbaan 2,Padelbaan 3,Padelbaan 5,Padelbaan 6,Padelbaan 7,Padelbaan 8"
2026-04-18T07:45:35.987546,Vinkenveld,08:00,4,0,0.0,"available: Padelbaan 1 / PURE Tennis & Padel,Padelbaan 2,Padelbaan 3,Padelbaan 4"
2026-04-18T08:15:38.066214,Terwegen,08:30,8,6,75.0,"booked: Padelbaan 1 (Panorama court),Padelbaan 2,Padelbaan 3,Padelbaan 4,Padelbaan 6,Padelbaan 8; available: Padelbaan 5,Padelbaan 7"
2026-04-18T08:15:38.066214,Vinkenveld,08:30,4,0,0.0,"available: Padelbaan 1 / PURE Tennis & Padel,Padelbaan 2,Padelbaan 3,Padelbaan 4"
2026-04-18T08:45:37.318488,Terwegen,09:00,8,2,25.0,"booked: Padelbaan 1 (Panorama court),Padelbaan 4; available: Padelbaan 2,Padelbaan 3,Padelbaan 5,Padelbaan 6,Padelbaan 7,Padelbaan 8"
2026-04-18T08:45:37.318488,Vinkenveld,09:00,4,1,25.0,"booked: Padelbaan 1 / PURE Tennis & Padel; available: Padelbaan 2,Padelbaan 3,Padelbaan 4"
2026-04-18T09:15:35.487793,Terwegen,09:30,8,7,87.5,"booked: Padelbaan 1 (Panorama court),Padelbaan 2,Padelbaan 3,Padelbaan 4,Padelbaan 5,Padelbaan 6,Padelbaan 8; available: Padelbaan 7"
2026-04-18T09:15:35.487793,Vinkenveld,09:30,4,1,25.0,"booked: Padelbaan 1 / PURE Tennis & Padel; available: Padelbaan 2,Padelbaan 3,Padelbaan 4"
2026-04-18T09:45:37.591852,Terwegen,10:00,8,6,75.0,"booked: Padelbaan 1 (Panorama court),Padelbaan 2,Padelbaan 3,Padelbaan 4,Padelbaan 6,Padelbaan 8; available: Padelbaan 5,Padelbaan 7"
2026-04-18T09:45:37.591852,Vinkenveld,10:00,4,2,50.0,"booked: Padelbaan 1 / PURE Tennis & Padel,Padelbaan 4; available: Padelbaan 2,Padelbaan 3"
2026-04-18T10:15:36.435132,Terwegen,10:30,8,7,87.5,"booked: Padelbaan 2,Padelbaan 3,Padelbaan 4,Padelbaan 5,Padelbaan 6,Padelbaan 7,Padelbaan 8; available: Padelbaan 1 (Panorama court)"
2026-04-18T10:15:36.435132,Vinkenveld,10:30,4,3,75.0,"booked: Padelbaan 1 / PURE Tennis & Padel,Padelbaan 3,Padelbaan 4; available: Padelbaan 2"
2026-04-18T10:45:34.800897,Terwegen,11:00,8,7,87.5,"booked: Padelbaan 1 (Panorama court),Padelbaan 2,Padelbaan 3,Padelbaan 4,Padelbaan 5,Padelbaan 6,Padelbaan 8; available: Padelbaan 7"
2026-04-18T10:45:34.800897,Vinkenveld,11:00,4,3,75.0,"booked: Padelbaan 1 / PURE Tennis & Padel,Padelbaan 3,Padelbaan 4; available: Padelbaan 2"
2026-04-18T11:15:46.565759,Terwegen,11:30,8,5,62.5,"booked: Padelbaan 2,Padelbaan 4,Padelbaan 5,Padelbaan 7,Padelbaan 8; available: Padelbaan 1 (Panorama court),Padelbaan 3,Padelbaan 6"
2026-04-18T11:15:46.565759,Vinkenveld,11:30,4,3,75.0,"booked: Padelbaan 1 / PURE Tennis & Padel,Padelbaan 2,Padelbaan 3; available: Padelbaan 4"
2026-04-18T11:45:42.834602,Terwegen,12:00,8,6,75.0,"booked: Padelbaan 2,Padelbaan 3,Padelbaan 4,Padelbaan 6,Padelbaan 7,Padelbaan 8; available: Padelbaan 1 (Panorama court),Padelbaan 5"
2026-04-18T11:45:42.834602,Vinkenveld,12:00,4,2,50.0,"booked: Padelbaan 1 / PURE Tennis & Padel,Padelbaan 2; available: Padelbaan 3,Padelbaan 4"
2026-04-18T12:15:38.516736,Terwegen,12:30,8,5,62.5,"booked: Padelbaan 2,Padelbaan 4,Padelbaan 5,Padelbaan 7,Padelbaan 8; available: Padelbaan 1 (Panorama court),Padelbaan 3,Padelbaan 6"
2026-04-18T12:15:38.516736,Vinkenveld,12:30,4,1,25.0,"booked: Padelbaan 2; available: Padelbaan 1 / PURE Tennis & Padel,Padelbaan 3,Padelbaan 4"
2026-04-18T12:45:36.862491,Terwegen,13:00,8,1,12.5,"booked: Padelbaan 8; available: Padelbaan 1 (Panorama court),Padelbaan 2,Padelbaan 3,Padelbaan 4,Padelbaan 5,Padelbaan 6,Padelbaan 7"
2026-04-18T12:45:36.862491,Vinkenveld,13:00,4,1,25.0,"booked: Padelbaan 2; available: Padelbaan 1 / PURE Tennis & Padel,Padelbaan 3,Padelbaan 4"
2026-04-18T13:15:38.139952,Terwegen,13:30,8,5,62.5,"booked: Padelbaan 1 (Panorama court),Padelbaan 2,Padelbaan 6,Padelbaan 7,Padelbaan 8; available: Padelbaan 3,Padelbaan 4,Padelbaan 5"
2026-04-18T13:15:38.139952,Vinkenveld,13:30,4,1,25.0,"booked: Padelbaan 2; available: Padelbaan 1 / PURE Tennis & Padel,Padelbaan 3,Padelbaan 4"
2026-04-18T13:45:36.707910,Terwegen,14:00,8,0,0.0,"available: Padelbaan 1 (Panorama court),Padelbaan 2,Padelbaan 3,Padelbaan 4,Padelbaan 5,Padelbaan 6,Padelbaan 7,Padelbaan 8"
2026-04-18T13:45:36.707910,Vinkenveld,14:00,4,1,25.0,"booked: Padelbaan 2; available: Padelbaan 1 / PURE Tennis & Padel,Padelbaan 3,Padelbaan 4"
2026-04-18T14:15:42.695590,Terwegen,14:30,8,4,50.0,"booked: Padelbaan 1 (Panorama court),Padelbaan 6,Padelbaan 7,Padelbaan 8; available: Padelbaan 2,Padelbaan 3,Padelbaan 4,Padelbaan 5"
2026-04-18T14:15:42.695590,Vinkenveld,14:30,4,4,100.0,"booked: Padelbaan 1 / PURE Tennis & Padel,Padelbaan 2,Padelbaan 3,Padelbaan 4"
2026-04-18T14:45:35.968437,Terwegen,15:00,8,5,62.5,"booked: Padelbaan 1 (Panorama court),Padelbaan 4,Padelbaan 5,Padelbaan 6,Padelbaan 7; available: Padelbaan 2,Padelbaan 3,Padelbaan 8"
2026-04-18T14:45:35.968437,Vinkenveld,15:00,4,3,75.0,"booked: Padelbaan 1 / PURE Tennis & Padel,Padelbaan 3,Padelbaan 4; available: Padelbaan 2"
2026-04-18T15:15:44.746739,Terwegen,15:30,8,3,37.5,"booked: Padelbaan 1 (Panorama court),Padelbaan 6,Padelbaan 7; available: Padelbaan 2,Padelbaan 3,Padelbaan 4,Padelbaan 5,Padelbaan 8"
2026-04-18T15:15:44.746739,Vinkenveld,15:30,4,4,100.0,"booked: Padelbaan 1 / PURE Tennis & Padel,Padelbaan 2,Padelbaan 3,Padelbaan 4"
2026-04-18T15:45:37.632645,Terwegen,16:00,8,4,50.0,"booked: Padelbaan 1 (Panorama court),Padelbaan 4,Padelbaan 5,Padelbaan 7; available: Padelbaan 2,Padelbaan 3,Padelbaan 6,Padelbaan 8"
2026-04-18T15:45:37.632645,Vinkenveld,16:00,4,2,50.0,"booked: Padelbaan 1 / PURE Tennis & Padel,Padelbaan 2; available: Padelbaan 3,Padelbaan 4"
2026-04-18T16:15:37.523507,Terwegen,16:30,8,4,50.0,"booked: Padelbaan 4,Padelbaan 5,Padelbaan 6,Padelbaan 7; available: Padelbaan 1 (Panorama court),Padelbaan 2,Padelbaan 3,Padelbaan 8"
2026-04-18T16:15:37.523507,Vinkenveld,16:30,4,2,50.0,"booked: Padelbaan 1 / PURE Tennis & Padel,Padelbaan 2; available: Padelbaan 3,Padelbaan 4"
2026-04-18T16:45:40.737344,Terwegen,17:00,8,3,37.5,"booked: Padelbaan 1 (Panorama court),Padelbaan 3,Padelbaan 6; available: Padelbaan 2,Padelbaan 4,Padelbaan 5,Padelbaan 7,Padelbaan 8"
2026-04-18T16:45:40.737344,Vinkenveld,17:00,4,1,25.0,"booked: Padelbaan 2; available: Padelbaan 1 / PURE Tennis & Padel,Padelbaan 3,Padelbaan 4"
2026-04-18T17:15:37.957536,Terwegen,17:30,8,4,50.0,"booked: Padelbaan 2,Padelbaan 3,Padelbaan 6,Padelbaan 7; available: Padelbaan 1 (Panorama court),Padelbaan 4,Padelbaan 5,Padelbaan 8"
2026-04-18T17:15:37.957536,Vinkenveld,17:30,4,1,25.0,"booked: Padelbaan 2; available: Padelbaan 1 / PURE Tennis & Padel,Padelbaan 3,Padelbaan 4"
2026-04-18T17:45:36.451932,Terwegen,18:00,8,0,0.0,"available: Padelbaan 1 (Panorama court),Padelbaan 2,Padelbaan 3,Padelbaan 4,Padelbaan 5,Padelbaan 6,Padelbaan 7,Padelbaan 8"
2026-04-18T18:15:41.815768,Terwegen,18:30,8,8,100.0,"booked: Padelbaan 1 (Panorama court),Padelbaan 2,Padelbaan 3,Padelbaan 4,Padelbaan 5,Padelbaan 6,Padelbaan 7,Padelbaan 8"
2026-04-18T18:15:41.815768,Vinkenveld,18:30,4,0,0.0,"available: Padelbaan 1 / PURE Tennis & Padel,Padelbaan 2,Padelbaan 3,Padelbaan 4"
2026-04-18T18:45:37.674492,Terwegen,19:00,8,1,12.5,"booked: Padelbaan 2; available: Padelbaan 1 (Panorama court),Padelbaan 3,Padelbaan 4,Padelbaan 5,Padelbaan 6,Padelbaan 7,Padelbaan 8"
2026-04-18T18:45:37.674492,Vinkenveld,19:00,4,0,0.0,"available: Padelbaan 1 / PURE Tennis & Padel,Padelbaan 2,Padelbaan 3,Padelbaan 4"
2026-04-18T19:15:35.000493,Vinkenveld,19:30,4,1,25.0,"booked: Padelbaan 3; available: Padelbaan 1 / PURE Tennis & Padel,Padelbaan 2,Padelbaan 4"
2026-04-18T19:45:39.548402,Vinkenveld,20:00,4,1,25.0,"booked: Padelbaan 3; available: Padelbaan 1 / PURE Tennis & Padel,Padelbaan 2,Padelbaan 4"
2026-04-18T20:15:38.253809,Vinkenveld,20:30,4,1,25.0,"booked: Padelbaan 3; available: Padelbaan 1 / PURE Tennis & Padel,Padelbaan 2,Padelbaan 4"
2026-04-18T20:45:37.036278,Vinkenveld,21:00,4,1,25.0,"booked: Padelbaan 3; available: Padelbaan 1 / PURE Tennis & Padel,Padelbaan 2,Padelbaan 4"
2026-04-18T21:15:37.565324,Vinkenveld,21:30,4,4,100.0,"booked: Padelbaan 1 / PURE Tennis & Padel,Padelbaan 2,Padelbaan 3,Padelbaan 4"
2026-04-18T21:45:39.824796,Vinkenveld,22:00,4,4,100.0,"booked: Padelbaan 1 / PURE Tennis & Padel,Padelbaan 2,Padelbaan 3,Padelbaan 4"
2026-04-18T23:45:42.712295,Terwegen,00:00,8,8,100.0,"booked: Padelbaan 1 (Panorama court),Padelbaan 2,Padelbaan 3,Padelbaan 4,Padelbaan 5,Padelbaan 6,Padelbaan 7,Padelbaan 8"
2026-04-18T23:45:42.712295,Vinkenveld,00:00,4,4,100.0,"booked: Padelbaan 1 / PURE Tennis & Padel,Padelbaan 2,Padelbaan 3,Padelbaan 4"
2026-04-19T00:15:43.404970,Terwegen,00:30,8,8,100.0,"booked: Padelbaan 1 (Panorama court),Padelbaan 2,Padelbaan 3,Padelbaan 4,Padelbaan 5,Padelbaan 6,Padelbaan 7,Padelbaan 8"
2026-04-19T00:15:43.404970,Vinkenveld,00:30,4,4,100.0,"booked: Padelbaan 1 / PURE Tennis & Padel,Padelbaan 2,Padelbaan 3,Padelbaan 4"
2026-04-19T00:45:34.883179,Terwegen,01:00,8,8,100.0,"booked: Padelbaan 1 (Panorama court),Padelbaan 2,Padelbaan 3,Padelbaan 4,Padelbaan 5,Padelbaan 6,Padelbaan 7,Padelbaan 8"
2026-04-19T00:45:34.883179,Vinkenveld,01:00,4,4,100.0,"booked: Padelbaan 1 / PURE Tennis & Padel,Padelbaan 2,Padelbaan 3,Padelbaan 4"
2026-04-19T01:15:38.585689,Terwegen,01:30,8,8,100.0,"booked: Padelbaan 1 (Panorama court),Padelbaan 2,Padelbaan 3,Padelbaan 4,Padelbaan 5,Padelbaan 6,Padelbaan 7,Padelbaan 8"
2026-04-19T01:15:38.585689,Vinkenveld,01:30,4,4,100.0,"booked: Padelbaan 1 / PURE Tennis & Padel,Padelbaan 2,Padelbaan 3,Padelbaan 4"
2026-04-19T01:45:40.754387,Terwegen,02:00,8,8,100.0,"booked: Padelbaan 1 (Panorama court),Padelbaan 2,Padelbaan 3,Padelbaan 4,Padelbaan 5,Padelbaan 6,Padelbaan 7,Padelbaan 8"
2026-04-19T01:45:40.754387,Vinkenveld,02:00,4,4,100.0,"booked: Padelbaan 1 / PURE Tennis & Padel,Padelbaan 2,Padelbaan 3,Padelbaan 4"
2026-04-19T02:15:42.245363,Terwegen,02:30,8,8,100.0,"booked: Padelbaan 1 (Panorama court),Padelbaan 2,Padelbaan 3,Padelbaan 4,Padelbaan 5,Padelbaan 6,Padelbaan 7,Padelbaan 8"
2026-04-19T02:15:42.245363,Vinkenveld,02:30,4,4,100.0,"booked: Padelbaan 1 / PURE Tennis & Padel,Padelbaan 2,Padelbaan 3,Padelbaan 4"
2026-04-19T02:45:36.709255,Terwegen,03:00,8,8,100.0,"booked: Padelbaan 1 (Panorama court),Padelbaan 2,Padelbaan 3,Padelbaan 4,Padelbaan 5,Padelbaan 6,Padelbaan 7,Padelbaan 8"
2026-04-19T02:45:36.709255,Vinkenveld,03:00,4,4,100.0,"booked: Padelbaan 1 / PURE Tennis & Padel,Padelbaan 2,Padelbaan 3,Padelbaan 4"
2026-04-19T03:15:37.777173,Terwegen,03:30,8,8,100.0,"booked: Padelbaan 1 (Panorama court),Padelbaan 2,Padelbaan 3,Padelbaan 4,Padelbaan 5,Padelbaan 6,Padelbaan 7,Padelbaan 8"
2026-04-19T03:15:37.777173,Vinkenveld,03:30,4,4,100.0,"booked: Padelbaan 1 / PURE Tennis & Padel,Padelbaan 2,Padelbaan 3,Padelbaan 4"
2026-04-19T04:15:38.905385,Terwegen,04:30,8,8,100.0,"booked: Padelbaan 1 (Panorama court),Padelbaan 2,Padelbaan 3,Padelbaan 4,Padelbaan 5,Padelbaan 6,Padelbaan 7,Padelbaan 8"
2026-04-19T04:15:38.905385,Vinkenveld,04:30,4,4,100.0,"booked: Padelbaan 1 / PURE Tennis & Padel,Padelbaan 2,Padelbaan 3,Padelbaan 4"
2026-04-19T04:45:38.038283,Terwegen,05:00,8,8,100.0,"booked: Padelbaan 1 (Panorama court),Padelbaan 2,Padelbaan 3,Padelbaan 4,Padelbaan 5,Padelbaan 6,Padelbaan 7,Padelbaan 8"
2026-04-19T04:45:38.038283,Vinkenveld,05:00,4,4,100.0,"booked: Padelbaan 1 / PURE Tennis & Padel,Padelbaan 2,Padelbaan 3,Padelbaan 4"
2026-04-19T05:15:40.426147,Terwegen,05:30,8,8,100.0,"booked: Padelbaan 1 (Panorama court),Padelbaan 2,Padelbaan 3,Padelbaan 4,Padelbaan 5,Padelbaan 6,Padelbaan 7,Padelbaan 8"
2026-04-19T05:15:40.426147,Vinkenveld,05:30,4,4,100.0,"booked: Padelbaan 1 / PURE Tennis & Padel,Padelbaan 2,Padelbaan 3,Padelbaan 4"
2026-04-19T05:45:40.614329,Terwegen,06:00,8,8,100.0,"booked: Padelbaan 1 (Panorama court),Padelbaan 2,Padelbaan 3,Padelbaan 4,Padelbaan 5,Padelbaan 6,Padelbaan 7,Padelbaan 8"
2026-04-19T05:45:40.614329,Vinkenveld,06:00,4,4,100.0,"booked: Padelbaan 1 / PURE Tennis & Padel,Padelbaan 2,Padelbaan 3,Padelbaan 4"
2026-04-19T06:15:42.292626,Terwegen,06:30,8,8,100.0,"booked: Padelbaan 1 (Panorama court),Padelbaan 2,Padelbaan 3,Padelbaan 4,Padelbaan 5,Padelbaan 6,Padelbaan 7,Padelbaan 8"
2026-04-19T06:15:42.292626,Vinkenveld,06:30,4,4,100.0,"booked: Padelbaan 1 / PURE Tennis & Padel,Padelbaan 2,Padelbaan 3,Padelbaan 4"
2026-04-19T06:45:40.716157,Terwegen,07:00,8,8,100.0,"booked: Padelbaan 1 (Panorama court),Padelbaan 2,Padelbaan 3,Padelbaan 4,Padelbaan 5,Padelbaan 6,Padelbaan 7,Padelbaan 8"
2026-04-19T06:45:40.716157,Vinkenveld,07:00,4,4,100.0,"booked: Padelbaan 1 / PURE Tennis & Padel,Padelbaan 2,Padelbaan 3,Padelbaan 4"
2026-04-19T07:15:36.905354,Terwegen,07:30,8,8,100.0,"booked: Padelbaan 1 (Panorama court),Padelbaan 2,Padelbaan 3,Padelbaan 4,Padelbaan 5,Padelbaan 6,Padelbaan 7,Padelbaan 8"
2026-04-19T07:15:36.905354,Vinkenveld,07:30,4,4,100.0,"booked: Padelbaan 1 / PURE Tennis & Padel,Padelbaan 2,Padelbaan 3,Padelbaan 4"
2026-04-19T07:45:45.353960,Terwegen,08:00,8,4,50.0,"booked: Padelbaan 1 (Panorama court),Padelbaan 2,Padelbaan 3,Padelbaan 5; available: Padelbaan 4,Padelbaan 6,Padelbaan 7,Padelbaan 8"
2026-04-19T07:45:45.353960,Vinkenveld,08:00,4,2,50.0,"booked: Padelbaan 1 / PURE Tennis & Padel,Padelbaan 4; available: Padelbaan 2,Padelbaan 3"
2026-04-19T08:15:47.751887,Terwegen,08:30,8,6,75.0,"booked: Padelbaan 1 (Panorama court),Padelbaan 4,Padelbaan 5,Padelbaan 6,Padelbaan 7,Padelbaan 8; available: Padelbaan 2,Padelbaan 3"
2026-04-19T08:15:47.751887,Vinkenveld,08:30,4,4,100.0,"booked: Padelbaan 1 / PURE Tennis & Padel,Padelbaan 2,Padelbaan 3,Padelbaan 4"
2026-04-19T08:45:42.895765,Terwegen,09:00,8,8,100.0,"booked: Padelbaan 1 (Panorama court),Padelbaan 2,Padelbaan 3,Padelbaan 4,Padelbaan 5,Padelbaan 6,Padelbaan 7,Padelbaan 8"
2026-04-19T08:45:42.895765,Vinkenveld,09:00,4,4,100.0,"booked: Padelbaan 1 / PURE Tennis & Padel,Padelbaan 2,Padelbaan 3,Padelbaan 4"
2026-04-19T09:15:38.420922,Terwegen,09:30,8,8,100.0,"booked: Padelbaan 1 (Panorama court),Padelbaan 2,Padelbaan 3,Padelbaan 4,Padelbaan 5,Padelbaan 6,Padelbaan 7,Padelbaan 8"
2026-04-19T09:15:38.420922,Vinkenveld,09:30,4,4,100.0,"booked: Padelbaan 1 / PURE Tennis & Padel,Padelbaan 2,Padelbaan 3,Padelbaan 4"
2026-04-19T09:45:35.821092,Terwegen,10:00,8,8,100.0,"booked: Padelbaan 1 (Panorama court),Padelbaan 2,Padelbaan 3,Padelbaan 4,Padelbaan 5,Padelbaan 6,Padelbaan 7,Padelbaan 8"
2026-04-19T09:45:35.821092,Vinkenveld,10:00,4,4,100.0,"booked: Padelbaan 1 / PURE Tennis & Padel,Padelbaan 2,Padelbaan 3,Padelbaan 4"
2026-04-19T10:15:44.007047,Terwegen,10:30,8,7,87.5,"booked: Padelbaan 1 (Panorama court),Padelbaan 2,Padelbaan 3,Padelbaan 5,Padelbaan 6,Padelbaan 7,Padelbaan 8; available: Padelbaan 4"
2026-04-19T10:15:44.007047,Vinkenveld,10:30,4,4,100.0,"booked: Padelbaan 1 / PURE Tennis & Padel,Padelbaan 2,Padelbaan 3,Padelbaan 4"
2026-04-19T10:45:35.588987,Terwegen,11:00,8,8,100.0,"booked: Padelbaan 1 (Panorama court),Padelbaan 2,Padelbaan 3,Padelbaan 4,Padelbaan 5,Padelbaan 6,Padelbaan 7,Padelbaan 8"
2026-04-19T10:45:35.588987,Vinkenveld,11:00,4,4,100.0,"booked: Padelbaan 1 / PURE Tennis & Padel,Padelbaan 2,Padelbaan 3,Padelbaan 4"
2026-04-19T11:15:34.058814,Terwegen,11:30,8,8,100.0,"booked: Padelbaan 1 (Panorama court),Padelbaan 2,Padelbaan 3,Padelbaan 4,Padelbaan 5,Padelbaan 6,Padelbaan 7,Padelbaan 8"
2026-04-19T11:15:34.058814,Vinkenveld,11:30,4,4,100.0,"booked: Padelbaan 1 / PURE Tennis & Padel,Padelbaan 2,Padelbaan 3,Padelbaan 4"
2026-04-19T11:45:34.584654,Terwegen,12:00,8,7,87.5,"booked: Padelbaan 2,Padelbaan 3,Padelbaan 4,Padelbaan 5,Padelbaan 6,Padelbaan 7,Padelbaan 8; available: Padelbaan 1 (Panorama court)"
2026-04-19T11:45:34.584654,Vinkenveld,12:00,4,3,75.0,"booked: Padelbaan 1 / PURE Tennis & Padel,Padelbaan 2,Padelbaan 3; available: Padelbaan 4"
2026-04-19T12:15:41.367384,Terwegen,12:30,8,7,87.5,"booked: Padelbaan 1 (Panorama court),Padelbaan 2,Padelbaan 4,Padelbaan 5,Padelbaan 6,Padelbaan 7,Padelbaan 8; available: Padelbaan 3"
2026-04-19T12:15:41.367384,Vinkenveld,12:30,4,2,50.0,"booked: Padelbaan 2,Padelbaan 3; available: Padelbaan 1 / PURE Tennis & Padel,Padelbaan 4"
2026-04-19T12:45:36.659271,Terwegen,13:00,8,6,75.0,"booked: Padelbaan 2,Padelbaan 3,Padelbaan 4,Padelbaan 5,Padelbaan 6,Padelbaan 7; available: Padelbaan 1 (Panorama court),Padelbaan 8"
2026-04-19T12:45:36.659271,Vinkenveld,13:00,4,2,50.0,"booked: Padelbaan 2,Padelbaan 3; available: Padelbaan 1 / PURE Tennis & Padel,Padelbaan 4"
2026-04-19T13:15:36.993927,Terwegen,13:30,8,8,100.0,"booked: Padelbaan 1 (Panorama court),Padelbaan 2,Padelbaan 3,Padelbaan 4,Padelbaan 5,Padelbaan 6,Padelbaan 7,Padelbaan 8"
2026-04-19T13:15:36.993927,Vinkenveld,13:30,4,3,75.0,"booked: Padelbaan 2,Padelbaan 3,Padelbaan 4; available: Padelbaan 1 / PURE Tennis & Padel"
2026-04-19T13:45:35.898527,Terwegen,14:00,8,7,87.5,"booked: Padelbaan 1 (Panorama court),Padelbaan 2,Padelbaan 4,Padelbaan 5,Padelbaan 6,Padelbaan 7,Padelbaan 8; available: Padelbaan 3"
2026-04-19T13:45:35.898527,Vinkenveld,14:00,4,4,100.0,"booked: Padelbaan 1 / PURE Tennis & Padel,Padelbaan 2,Padelbaan 3,Padelbaan 4"
2026-04-19T14:15:42.806133,Terwegen,14:30,8,6,75.0,"booked: Padelbaan 1 (Panorama court),Padelbaan 2,Padelbaan 3,Padelbaan 4,Padelbaan 5,Padelbaan 7; available: Padelbaan 6,Padelbaan 8"
2026-04-19T14:15:42.806133,Vinkenveld,14:30,4,3,75.0,"booked: Padelbaan 1 / PURE Tennis & Padel,Padelbaan 2,Padelbaan 4; available: Padelbaan 3"
2026-04-19T14:45:36.997124,Terwegen,15:00,8,7,87.5,"booked: Padelbaan 1 (Panorama court),Padelbaan 2,Padelbaan 3,Padelbaan 4,Padelbaan 5,Padelbaan 6,Padelbaan 8; available: Padelbaan 7"
2026-04-19T14:45:36.997124,Vinkenveld,15:00,4,3,75.0,"booked: Padelbaan 1 / PURE Tennis & Padel,Padelbaan 2,Padelbaan 3; available: Padelbaan 4"
2026-04-19T15:15:43.856094,Terwegen,15:30,8,7,87.5,"booked: Padelbaan 1 (Panorama court),Padelbaan 2,Padelbaan 3,Padelbaan 4,Padelbaan 5,Padelbaan 7,Padelbaan 8; available: Padelbaan 6"
2026-04-19T15:15:43.856094,Vinkenveld,15:30,4,4,100.0,"booked: Padelbaan 1 / PURE Tennis & Padel,Padelbaan 2,Padelbaan 3,Padelbaan 4"
2026-04-19T15:45:41.529277,Terwegen,16:00,8,5,62.5,"booked: Padelbaan 1 (Panorama court),Padelbaan 2,Padelbaan 3,Padelbaan 4,Padelbaan 8; available: Padelbaan 5,Padelbaan 6,Padelbaan 7"
2026-04-19T15:45:41.529277,Vinkenveld,16:00,4,3,75.0,"booked: Padelbaan 2,Padelbaan 3,Padelbaan 4; available: Padelbaan 1 / PURE Tennis & Padel"
2026-04-19T16:15:37.411800,Terwegen,16:30,8,5,62.5,"booked: Padelbaan 1 (Panorama court),Padelbaan 2,Padelbaan 4,Padelbaan 5,Padelbaan 8; available: Padelbaan 3,Padelbaan 6,Padelbaan 7"
2026-04-19T16:15:37.411800,Vinkenveld,16:30,4,2,50.0,"booked: Padelbaan 2,Padelbaan 4; available: Padelbaan 1 / PURE Tennis & Padel,Padelbaan 3"
2026-04-19T16:45:47.147854,Terwegen,17:00,8,2,25.0,"booked: Padelbaan 2,Padelbaan 3; available: Padelbaan 1 (Panorama court),Padelbaan 4,Padelbaan 5,Padelbaan 6,Padelbaan 7,Padelbaan 8"
2026-04-19T16:45:47.147854,Vinkenveld,17:00,4,1,25.0,"booked: Padelbaan 4; available: Padelbaan 1 / PURE Tennis & Padel,Padelbaan 2,Padelbaan 3"
2026-04-19T17:15:39.671584,Terwegen,17:30,8,8,100.0,"booked: Padelbaan 1 (Panorama court),Padelbaan 2,Padelbaan 3,Padelbaan 4,Padelbaan 5,Padelbaan 6,Padelbaan 7,Padelbaan 8"
2026-04-19T17:15:39.671584,Vinkenveld,17:30,4,1,25.0,"booked: Padelbaan 4; available: Padelbaan 1 / PURE Tennis & Padel,Padelbaan 2,Padelbaan 3"
2026-04-19T17:45:36.086033,Terwegen,18:00,8,1,12.5,"booked: Padelbaan 2; available: Padelbaan 1 (Panorama court),Padelbaan 3,Padelbaan 4,Padelbaan 5,Padelbaan 6,Padelbaan 7,Padelbaan 8"
2026-04-19T17:45:36.086033,Vinkenveld,18:00,4,1,25.0,"booked: Padelbaan 4; available: Padelbaan 1 / PURE Tennis & Padel,Padelbaan 2,Padelbaan 3"
2026-04-19T18:15:57.537981,Vinkenveld,18:30,4,0,0.0,"available: Padelbaan 1 / PURE Tennis & Padel,Padelbaan 2,Padelbaan 3,Padelbaan 4"
2026-04-19T18:45:38.005013,Vinkenveld,19:00,4,0,0.0,"available: Padelbaan 1 / PURE Tennis & Padel,Padelbaan 2,Padelbaan 3,Padelbaan 4"
2026-04-19T19:15:34.763539,Vinkenveld,19:30,4,2,50.0,"booked: Padelbaan 3,Padelbaan 4; available: Padelbaan 1 / PURE Tennis & Padel,Padelbaan 2"
2026-04-19T19:45:36.816013,Vinkenveld,20:00,4,2,50.0,"booked: Padelbaan 3,Padelbaan 4; available: Padelbaan 1 / PURE Tennis & Padel,Padelbaan 2"
2026-04-19T20:15:38.843175,Vinkenveld,20:30,4,2,50.0,"booked: Padelbaan 3,Padelbaan 4; available: Padelbaan 1 / PURE Tennis & Padel,Padelbaan 2"
2026-04-19T20:45:37.689888,Vinkenveld,21:00,4,2,50.0,"booked: Padelbaan 3,Padelbaan 4; available: Padelbaan 1 / PURE Tennis & Padel,Padelbaan 2"
2026-04-19T21:15:38.099651,Vinkenveld,21:30,4,4,100.0,"booked: Padelbaan 1 / PURE Tennis & Padel,Padelbaan 2,Padelbaan 3,Padelbaan 4"
2026-04-19T21:45:35.752690,Vinkenveld,22:00,4,4,100.0,"booked: Padelbaan 1 / PURE Tennis & Padel,Padelbaan 2,Padelbaan 3,Padelbaan 4"
2026-04-19T23:45:38.754522,Terwegen,00:00,8,8,100.0,"booked: Padelbaan 1 (Panorama court),Padelbaan 2,Padelbaan 3,Padelbaan 4,Padelbaan 5,Padelbaan 6,Padelbaan 7,Padelbaan 8"
2026-04-19T23:45:38.754522,Vinkenveld,00:00,4,4,100.0,"booked: Padelbaan 1 / PURE Tennis & Padel,Padelbaan 2,Padelbaan 3,Padelbaan 4"
2026-04-20T00:15:35.829777,Terwegen,00:30,8,8,100.0,"booked: Padelbaan 1 (Panorama court),Padelbaan 2,Padelbaan 3,Padelbaan 4,Padelbaan 5,Padelbaan 6,Padelbaan 7,Padelbaan 8"
2026-04-20T00:15:35.829777,Vinkenveld,00:30,4,4,100.0,"booked: Padelbaan 1 / PURE Tennis & Padel,Padelbaan 2,Padelbaan 3,Padelbaan 4"
2026-04-20T00:45:37.620016,Terwegen,01:00,8,8,100.0,"booked: Padelbaan 1 (Panorama court),Padelbaan 2,Padelbaan 3,Padelbaan 4,Padelbaan 5,Padelbaan 6,Padelbaan 7,Padelbaan 8"
2026-04-20T00:45:37.620016,Vinkenveld,01:00,4,4,100.0,"booked: Padelbaan 1 / PURE Tennis & Padel,Padelbaan 2,Padelbaan 3,Padelbaan 4"
2026-04-20T01:15:37.028127,Terwegen,01:30,8,8,100.0,"booked: Padelbaan 1 (Panorama court),Padelbaan 2,Padelbaan 3,Padelbaan 4,Padelbaan 5,Padelbaan 6,Padelbaan 7,Padelbaan 8"
2026-04-20T01:15:37.028127,Vinkenveld,01:30,4,4,100.0,"booked: Padelbaan 1 / PURE Tennis & Padel,Padelbaan 2,Padelbaan 3,Padelbaan 4"
2026-04-20T01:45:38.064336,Terwegen,02:00,8,8,100.0,"booked: Padelbaan 1 (Panorama court),Padelbaan 2,Padelbaan 3,Padelbaan 4,Padelbaan 5,Padelbaan 6,Padelbaan 7,Padelbaan 8"
2026-04-20T01:45:38.064336,Vinkenveld,02:00,4,4,100.0,"booked: Padelbaan 1 / PURE Tennis & Padel,Padelbaan 2,Padelbaan 3,Padelbaan 4"
2026-04-20T02:15:42.511457,Terwegen,02:30,8,8,100.0,"booked: Padelbaan 1 (Panorama court),Padelbaan 2,Padelbaan 3,Padelbaan 4,Padelbaan 5,Padelbaan 6,Padelbaan 7,Padelbaan 8"
2026-04-20T02:15:42.511457,Vinkenveld,02:30,4,4,100.0,"booked: Padelbaan 1 / PURE Tennis & Padel,Padelbaan 2,Padelbaan 3,Padelbaan 4"
2026-04-20T02:45:36.547905,Terwegen,03:00,8,8,100.0,"booked: Padelbaan 1 (Panorama court),Padelbaan 2,Padelbaan 3,Padelbaan 4,Padelbaan 5,Padelbaan 6,Padelbaan 7,Padelbaan 8"
2026-04-20T02:45:36.547905,Vinkenveld,03:00,4,4,100.0,"booked: Padelbaan 1 / PURE Tennis & Padel,Padelbaan 2,Padelbaan 3,Padelbaan 4"
2026-04-20T03:15:41.373388,Terwegen,03:30,8,8,100.0,"booked: Padelbaan 1 (Panorama court),Padelbaan 2,Padelbaan 3,Padelbaan 4,Padelbaan 5,Padelbaan 6,Padelbaan 7,Padelbaan 8"
2026-04-20T03:15:41.373388,Vinkenveld,03:30,4,4,100.0,"booked: Padelbaan 1 / PURE Tennis & Padel,Padelbaan 2,Padelbaan 3,Padelbaan 4"
2026-04-20T03:45:34.770034,Terwegen,04:00,8,8,100.0,"booked: Padelbaan 1 (Panorama court),Padelbaan 2,Padelbaan 3,Padelbaan 4,Padelbaan 5,Padelbaan 6,Padelbaan 7,Padelbaan 8"
2026-04-20T03:45:34.770034,Vinkenveld,04:00,4,4,100.0,"booked: Padelbaan 1 / PURE Tennis & Padel,Padelbaan 2,Padelbaan 3,Padelbaan 4"
2026-04-20T04:15:41.703662,Terwegen,04:30,8,8,100.0,"booked: Padelbaan 1 (Panorama court),Padelbaan 2,Padelbaan 3,Padelbaan 4,Padelbaan 5,Padelbaan 6,Padelbaan 7,Padelbaan 8"
2026-04-20T04:15:41.703662,Vinkenveld,04:30,4,4,100.0,"booked: Padelbaan 1 / PURE Tennis & Padel,Padelbaan 2,Padelbaan 3,Padelbaan 4"
2026-04-20T04:45:42.188933,Terwegen,05:00,8,8,100.0,"booked: Padelbaan 1 (Panorama court),Padelbaan 2,Padelbaan 3,Padelbaan 4,Padelbaan 5,Padelbaan 6,Padelbaan 7,Padelbaan 8"
2026-04-20T04:45:42.188933,Vinkenveld,05:00,4,4,100.0,"booked: Padelbaan 1 / PURE Tennis & Padel,Padelbaan 2,Padelbaan 3,Padelbaan 4"
2026-04-20T05:15:38.521895,Terwegen,05:30,8,8,100.0,"booked: Padelbaan 1 (Panorama court),Padelbaan 2,Padelbaan 3,Padelbaan 4,Padelbaan 5,Padelbaan 6,Padelbaan 7,Padelbaan 8"
2026-04-20T05:15:38.521895,Vinkenveld,05:30,4,4,100.0,"booked: Padelbaan 1 / PURE Tennis & Padel,Padelbaan 2,Padelbaan 3,Padelbaan 4"
2026-04-20T05:45:43.232813,Terwegen,06:00,8,8,100.0,"booked: Padelbaan 1 (Panorama court),Padelbaan 2,Padelbaan 3,Padelbaan 4,Padelbaan 5,Padelbaan 6,Padelbaan 7,Padelbaan 8"
2026-04-20T05:45:43.232813,Vinkenveld,06:00,4,4,100.0,"booked: Padelbaan 1 / PURE Tennis & Padel,Padelbaan 2,Padelbaan 3,Padelbaan 4"
2026-04-20T06:15:38.786794,Terwegen,06:30,8,8,100.0,"booked: Padelbaan 1 (Panorama court),Padelbaan 2,Padelbaan 3,Padelbaan 4,Padelbaan 5,Padelbaan 6,Padelbaan 7,Padelbaan 8"
2026-04-20T06:15:38.786794,Vinkenveld,06:30,4,4,100.0,"booked: Padelbaan 1 / PURE Tennis & Padel,Padelbaan 2,Padelbaan 3,Padelbaan 4"
2026-04-20T06:45:42.545474,Terwegen,07:00,8,8,100.0,"booked: Padelbaan 1 (Panorama court),Padelbaan 2,Padelbaan 3,Padelbaan 4,Padelbaan 5,Padelbaan 6,Padelbaan 7,Padelbaan 8"
2026-04-20T06:45:42.545474,Vinkenveld,07:00,4,4,100.0,"booked: Padelbaan 1 / PURE Tennis & Padel,Padelbaan 2,Padelbaan 3,Padelbaan 4"
2026-04-20T07:15:36.740045,Terwegen,07:30,8,8,100.0,"booked: Padelbaan 1 (Panorama court),Padelbaan 2,Padelbaan 3,Padelbaan 4,Padelbaan 5,Padelbaan 6,Padelbaan 7,Padelbaan 8"
2026-04-20T07:15:36.740045,Vinkenveld,07:30,4,4,100.0,"booked: Padelbaan 1 / PURE Tennis & Padel,Padelbaan 2,Padelbaan 3,Padelbaan 4"
2026-04-20T07:45:38.844707,Terwegen,08:00,8,0,0.0,"available: Padelbaan 1 (Panorama court),Padelbaan 2,Padelbaan 3,Padelbaan 4,Padelbaan 5,Padelbaan 6,Padelbaan 7,Padelbaan 8"
2026-04-20T07:45:38.844707,Vinkenveld,08:00,4,0,0.0,"available: Padelbaan 1 / PURE Tennis & Padel,Padelbaan 2,Padelbaan 3,Padelbaan 4"
2026-04-20T08:15:42.907597,Terwegen,08:30,8,0,0.0,"available: Padelbaan 1 (Panorama court),Padelbaan 2,Padelbaan 3,Padelbaan 4,Padelbaan 5,Padelbaan 6,Padelbaan 7,Padelbaan 8"
2026-04-20T08:15:42.907597,Vinkenveld,08:30,4,2,50.0,"booked: Padelbaan 2,Padelbaan 3; available: Padelbaan 1 / PURE Tennis & Padel,Padelbaan 4"
2026-04-20T08:45:36.659452,Terwegen,09:00,8,1,12.5,"booked: Padelbaan 3; available: Padelbaan 1 (Panorama court),Padelbaan 2,Padelbaan 4,Padelbaan 5,Padelbaan 6,Padelbaan 7,Padelbaan 8"
2026-04-20T08:45:36.659452,Vinkenveld,09:00,4,2,50.0,"booked: Padelbaan 3,Padelbaan 4; available: Padelbaan 1 / PURE Tennis & Padel,Padelbaan 2"
2026-04-20T09:15:39.856571,Terwegen,09:30,8,2,25.0,"booked: Padelbaan 1 (Panorama court),Padelbaan 3; available: Padelbaan 2,Padelbaan 4,Padelbaan 5,Padelbaan 6,Padelbaan 7,Padelbaan 8"
2026-04-20T09:15:39.856571,Vinkenveld,09:30,4,2,50.0,"booked: Padelbaan 3,Padelbaan 4; available: Padelbaan 1 / PURE Tennis & Padel,Padelbaan 2"
2026-04-20T09:45:41.752446,Terwegen,10:00,8,1,12.5,"booked: Padelbaan 3; available: Padelbaan 1 (Panorama court),Padelbaan 2,Padelbaan 4,Padelbaan 5,Padelbaan 6,Padelbaan 7,Padelbaan 8"
2026-04-20T09:45:41.752446,Vinkenveld,10:00,4,0,0.0,"available: Padelbaan 1 / PURE Tennis & Padel,Padelbaan 2,Padelbaan 3,Padelbaan 4"
2026-04-20T10:15:39.257298,Terwegen,10:30,8,3,37.5,"booked: Padelbaan 1 (Panorama court),Padelbaan 2,Padelbaan 3; available: Padelbaan 4,Padelbaan 5,Padelbaan 6,Padelbaan 7,Padelbaan 8"
2026-04-20T10:15:39.257298,Vinkenveld,10:30,4,2,50.0,"booked: Padelbaan 3,Padelbaan 4; available: Padelbaan 1 / PURE Tennis & Padel,Padelbaan 2"
2026-04-20T10:45:36.841893,Terwegen,11:00,8,2,25.0,"booked: Padelbaan 1 (Panorama court),Padelbaan 2; available: Padelbaan 3,Padelbaan 4,Padelbaan 5,Padelbaan 6,Padelbaan 7,Padelbaan 8"
2026-04-20T10:45:36.841893,Vinkenveld,11:00,4,1,25.0,"booked: Padelbaan 4; available: Padelbaan 1 / PURE Tennis & Padel,Padelbaan 2,Padelbaan 3"
2026-04-20T11:15:42.115503,Terwegen,11:30,8,3,37.5,"booked: Padelbaan 1 (Panorama court),Padelbaan 2,Padelbaan 3; available: Padelbaan 4,Padelbaan 5,Padelbaan 6,Padelbaan 7,Padelbaan 8"
2026-04-20T11:15:42.115503,Vinkenveld,11:30,4,1,25.0,"booked: Padelbaan 4; available: Padelbaan 1 / PURE Tennis & Padel,Padelbaan 2,Padelbaan 3"
2026-04-20T11:45:44.265164,Terwegen,12:00,8,3,37.5,"booked: Padelbaan 1 (Panorama court),Padelbaan 2,Padelbaan 3; available: Padelbaan 4,Padelbaan 5,Padelbaan 6,Padelbaan 7,Padelbaan 8"
2026-04-20T11:45:44.265164,Vinkenveld,12:00,4,1,25.0,"booked: Padelbaan 4; available: Padelbaan 1 / PURE Tennis & Padel,Padelbaan 2,Padelbaan 3"
2026-04-20T12:15:40.484154,Terwegen,12:30,8,3,37.5,"booked: Padelbaan 1 (Panorama court),Padelbaan 2,Padelbaan 3; available: Padelbaan 4,Padelbaan 5,Padelbaan 6,Padelbaan 7,Padelbaan 8"
2026-04-20T12:15:40.484154,Vinkenveld,12:30,4,0,0.0,"available: Padelbaan 1 / PURE Tennis & Padel,Padelbaan 2,Padelbaan 3,Padelbaan 4"
2026-04-20T12:45:41.083165,Terwegen,13:00,8,1,12.5,"booked: Padelbaan 8; available: Padelbaan 1 (Panorama court),Padelbaan 2,Padelbaan 3,Padelbaan 4,Padelbaan 5,Padelbaan 6,Padelbaan 7"
2026-04-20T12:45:41.083165,Vinkenveld,13:00,4,0,0.0,"available: Padelbaan 1 / PURE Tennis & Padel,Padelbaan 2,Padelbaan 3,Padelbaan 4"
2026-04-20T13:15:43.503734,Terwegen,13:30,8,3,37.5,"booked: Padelbaan 1 (Panorama court),Padelbaan 2,Padelbaan 3; available: Padelbaan 4,Padelbaan 5,Padelbaan 6,Padelbaan 7,Padelbaan 8"
2026-04-20T13:15:43.503734,Vinkenveld,13:30,4,1,25.0,"booked: Padelbaan 3; available: Padelbaan 1 / PURE Tennis & Padel,Padelbaan 2,Padelbaan 4"
2026-04-20T13:45:35.594772,Terwegen,14:00,8,2,25.0,"booked: Padelbaan 1 (Panorama court),Padelbaan 8; available: Padelbaan 2,Padelbaan 3,Padelbaan 4,Padelbaan 5,Padelbaan 6,Padelbaan 7"
2026-04-20T13:45:35.594772,Vinkenveld,14:00,4,2,50.0,"booked: Padelbaan 3,Padelbaan 4; available: Padelbaan 1 / PURE Tennis & Padel,Padelbaan 2"
2026-04-20T14:15:39.205972,Terwegen,14:30,8,3,37.5,"booked: Padelbaan 1 (Panorama court),Padelbaan 2,Padelbaan 8; available: Padelbaan 3,Padelbaan 4,Padelbaan 5,Padelbaan 6,Padelbaan 7"
2026-04-20T14:15:39.205972,Vinkenveld,14:30,4,2,50.0,"booked: Padelbaan 3,Padelbaan 4; available: Padelbaan 1 / PURE Tennis & Padel,Padelbaan 2"
2026-04-20T14:45:42.107218,Terwegen,15:00,8,2,25.0,"booked: Padelbaan 1 (Panorama court),Padelbaan 8; available: Padelbaan 2,Padelbaan 3,Padelbaan 4,Padelbaan 5,Padelbaan 6,Padelbaan 7"
2026-04-20T14:45:42.107218,Vinkenveld,15:00,4,1,25.0,"booked: Padelbaan 4; available: Padelbaan 1 / PURE Tennis & Padel,Padelbaan 2,Padelbaan 3"
2026-04-20T15:15:45.190645,Terwegen,15:30,8,2,25.0,"booked: Padelbaan 2,Padelbaan 8; available: Padelbaan 1 (Panorama court),Padelbaan 3,Padelbaan 4,Padelbaan 5,Padelbaan 6,Padelbaan 7"
2026-04-20T15:15:45.190645,Vinkenveld,15:30,4,0,0.0,"available: Padelbaan 1 / PURE Tennis & Padel,Padelbaan 2,Padelbaan 3,Padelbaan 4"
2026-04-20T15:45:38.813324,Terwegen,16:00,8,4,50.0,"booked: Padelbaan 1 (Panorama court),Padelbaan 2,Padelbaan 3,Padelbaan 7; available: Padelbaan 4,Padelbaan 5,Padelbaan 6,Padelbaan 8"
2026-04-20T15:45:38.813324,Vinkenveld,16:00,4,0,0.0,"available: Padelbaan 1 / PURE Tennis & Padel,Padelbaan 2,Padelbaan 3,Padelbaan 4"
2026-04-20T16:15:46.013441,Terwegen,16:30,8,3,37.5,"booked: Padelbaan 1 (Panorama court),Padelbaan 2,Padelbaan 8; available: Padelbaan 3,Padelbaan 4,Padelbaan 5,Padelbaan 6,Padelbaan 7"
2026-04-20T16:15:46.013441,Vinkenveld,16:30,4,0,0.0,"available: Padelbaan 1 / PURE Tennis & Padel,Padelbaan 2,Padelbaan 3,Padelbaan 4"
2026-04-20T16:45:42.080667,Terwegen,17:00,8,8,100.0,"booked: Padelbaan 1 (Panorama court),Padelbaan 2,Padelbaan 3,Padelbaan 4,Padelbaan 5,Padelbaan 6,Padelbaan 7,Padelbaan 8"
2026-04-20T16:45:42.080667,Vinkenveld,17:00,4,1,25.0,"booked: Padelbaan 2; available: Padelbaan 1 / PURE Tennis & Padel,Padelbaan 3,Padelbaan 4"
2026-04-20T17:15:50.630790,Terwegen,17:30,8,4,50.0,"booked: Padelbaan 1 (Panorama court),Padelbaan 2,Padelbaan 3,Padelbaan 7; available: Padelbaan 4,Padelbaan 5,Padelbaan 6,Padelbaan 8"
2026-04-20T17:15:50.630790,Vinkenveld,17:30,4,3,75.0,"booked: Padelbaan 1 / PURE Tennis & Padel,Padelbaan 2,Padelbaan 4; available: Padelbaan 3"
2026-04-20T17:45:48.539493,Terwegen,18:00,8,8,100.0,"booked: Padelbaan 1 (Panorama court),Padelbaan 2,Padelbaan 3,Padelbaan 4,Padelbaan 5,Padelbaan 6,Padelbaan 7,Padelbaan 8"
2026-04-20T17:45:48.539493,Vinkenveld,18:00,4,4,100.0,"booked: Padelbaan 1 / PURE Tennis & Padel,Padelbaan 2,Padelbaan 3,Padelbaan 4"
2026-04-20T18:15:43.351820,Terwegen,18:30,8,8,100.0,"booked: Padelbaan 1 (Panorama court),Padelbaan 2,Padelbaan 3,Padelbaan 4,Padelbaan 5,Padelbaan 6,Padelbaan 7,Padelbaan 8"
2026-04-20T18:15:43.351820,Vinkenveld,18:30,4,4,100.0,"booked: Padelbaan 1 / PURE Tennis & Padel,Padelbaan 2,Padelbaan 3,Padelbaan 4"
2026-04-20T18:45:43.699254,Terwegen,19:00,8,8,100.0,"booked: Padelbaan 1 (Panorama court),Padelbaan 2,Padelbaan 3,Padelbaan 4,Padelbaan 5,Padelbaan 6,Padelbaan 7,Padelbaan 8"
2026-04-20T18:45:43.699254,Vinkenveld,19:00,4,4,100.0,"booked: Padelbaan 1 / PURE Tennis & Padel,Padelbaan 2,Padelbaan 3,Padelbaan 4"
2026-04-20T19:15:39.429397,Terwegen,19:30,8,8,100.0,"booked: Padelbaan 1 (Panorama court),Padelbaan 2,Padelbaan 3,Padelbaan 4,Padelbaan 5,Padelbaan 6,Padelbaan 7,Padelbaan 8"
2026-04-20T19:15:39.429397,Vinkenveld,19:30,4,4,100.0,"booked: Padelbaan 1 / PURE Tennis & Padel,Padelbaan 2,Padelbaan 3,Padelbaan 4"
2026-04-20T19:45:40.598624,Terwegen,20:00,8,8,100.0,"booked: Padelbaan 1 (Panorama court),Padelbaan 2,Padelbaan 3,Padelbaan 4,Padelbaan 5,Padelbaan 6,Padelbaan 7,Padelbaan 8"
2026-04-20T19:45:40.598624,Vinkenveld,20:00,4,4,100.0,"booked: Padelbaan 1 / PURE Tennis & Padel,Padelbaan 2,Padelbaan 3,Padelbaan 4"
2026-04-20T20:15:39.391180,Terwegen,20:30,8,8,100.0,"booked: Padelbaan 1 (Panorama court),Padelbaan 2,Padelbaan 3,Padelbaan 4,Padelbaan 5,Padelbaan 6,Padelbaan 7,Padelbaan 8"
2026-04-20T20:15:39.391180,Vinkenveld,20:30,4,4,100.0,"booked: Padelbaan 1 / PURE Tennis & Padel,Padelbaan 2,Padelbaan 3,Padelbaan 4"
2026-04-20T20:45:49.551671,Terwegen,21:00,8,8,100.0,"booked: Padelbaan 1 (Panorama court),Padelbaan 2,Padelbaan 3,Padelbaan 4,Padelbaan 5,Padelbaan 6,Padelbaan 7,Padelbaan 8"
2026-04-20T20:45:49.551671,Vinkenveld,21:00,4,4,100.0,"booked: Padelbaan 1 / PURE Tennis & Padel,Padelbaan 2,Padelbaan 3,Padelbaan 4"
2026-04-20T21:15:45.107573,Terwegen,21:30,8,8,100.0,"booked: Padelbaan 1 (Panorama court),Padelbaan 2,Padelbaan 3,Padelbaan 4,Padelbaan 5,Padelbaan 6,Padelbaan 7,Padelbaan 8"
2026-04-20T21:15:45.107573,Vinkenveld,21:30,4,4,100.0,"booked: Padelbaan 1 / PURE Tennis & Padel,Padelbaan 2,Padelbaan 3,Padelbaan 4"
2026-04-20T21:45:44.105258,Terwegen,22:00,8,8,100.0,"booked: Padelbaan 1 (Panorama court),Padelbaan 2,Padelbaan 3,Padelbaan 4,Padelbaan 5,Padelbaan 6,Padelbaan 7,Padelbaan 8"
2026-04-20T21:45:44.105258,Vinkenveld,22:00,4,2,50.0,"booked: Padelbaan 2,Padelbaan 3; available: Padelbaan 1 / PURE Tennis & Padel,Padelbaan 4"
2026-04-20T23:45:43.778538,Terwegen,00:00,8,8,100.0,"booked: Padelbaan 1 (Panorama court),Padelbaan 2,Padelbaan 3,Padelbaan 4,Padelbaan 5,Padelbaan 6,Padelbaan 7,Padelbaan 8"
2026-04-20T23:45:43.778538,Vinkenveld,00:00,4,4,100.0,"booked: Padelbaan 1 / PURE Tennis & Padel,Padelbaan 2,Padelbaan 3,Padelbaan 4"
2026-04-21T00:15:37.497675,Terwegen,00:30,8,8,100.0,"booked: Padelbaan 1 (Panorama court),Padelbaan 2,Padelbaan 3,Padelbaan 4,Padelbaan 5,Padelbaan 6,Padelbaan 7,Padelbaan 8"
2026-04-21T00:15:37.497675,Vinkenveld,00:30,4,4,100.0,"booked: Padelbaan 1 / PURE Tennis & Padel,Padelbaan 2,Padelbaan 3,Padelbaan 4"
2026-04-21T00:45:38.844658,Terwegen,01:00,8,8,100.0,"booked: Padelbaan 1 (Panorama court),Padelbaan 2,Padelbaan 3,Padelbaan 4,Padelbaan 5,Padelbaan 6,Padelbaan 7,Padelbaan 8"
2026-04-21T00:45:38.844658,Vinkenveld,01:00,4,4,100.0,"booked: Padelbaan 1 / PURE Tennis & Padel,Padelbaan 2,Padelbaan 3,Padelbaan 4"
2026-04-21T01:15:35.435204,Terwegen,01:30,8,8,100.0,"booked: Padelbaan 1 (Panorama court),Padelbaan 2,Padelbaan 3,Padelbaan 4,Padelbaan 5,Padelbaan 6,Padelbaan 7,Padelbaan 8"
2026-04-21T01:15:35.435204,Vinkenveld,01:30,4,4,100.0,"booked: Padelbaan 1 / PURE Tennis & Padel,Padelbaan 2,Padelbaan 3,Padelbaan 4"
2026-04-21T01:45:37.232724,Terwegen,02:00,8,8,100.0,"booked: Padelbaan 1 (Panorama court),Padelbaan 2,Padelbaan 3,Padelbaan 4,Padelbaan 5,Padelbaan 6,Padelbaan 7,Padelbaan 8"
2026-04-21T01:45:37.232724,Vinkenveld,02:00,4,4,100.0,"booked: Padelbaan 1 / PURE Tennis & Padel,Padelbaan 2,Padelbaan 3,Padelbaan 4"
2026-04-21T02:15:36.885097,Terwegen,02:30,8,8,100.0,"booked: Padelbaan 1 (Panorama court),Padelbaan 2,Padelbaan 3,Padelbaan 4,Padelbaan 5,Padelbaan 6,Padelbaan 7,Padelbaan 8"
2026-04-21T02:15:36.885097,Vinkenveld,02:30,4,4,100.0,"booked: Padelbaan 1 / PURE Tennis & Padel,Padelbaan 2,Padelbaan 3,Padelbaan 4"
2026-04-21T02:45:36.865987,Terwegen,03:00,8,8,100.0,"booked: Padelbaan 1 (Panorama court),Padelbaan 2,Padelbaan 3,Padelbaan 4,Padelbaan 5,Padelbaan 6,Padelbaan 7,Padelbaan 8"
2026-04-21T02:45:36.865987,Vinkenveld,03:00,4,4,100.0,"booked: Padelbaan 1 / PURE Tennis & Padel,Padelbaan 2,Padelbaan 3,Padelbaan 4"
2026-04-21T03:15:39.128441,Terwegen,03:30,8,8,100.0,"booked: Padelbaan 1 (Panorama court),Padelbaan 2,Padelbaan 3,Padelbaan 4,Padelbaan 5,Padelbaan 6,Padelbaan 7,Padelbaan 8"
2026-04-21T03:15:39.128441,Vinkenveld,03:30,4,4,100.0,"booked: Padelbaan 1 / PURE Tennis & Padel,Padelbaan 2,Padelbaan 3,Padelbaan 4"
2026-04-21T03:45:42.052395,Terwegen,04:00,8,8,100.0,"booked: Padelbaan 1 (Panorama court),Padelbaan 2,Padelbaan 3,Padelbaan 4,Padelbaan 5,Padelbaan 6,Padelbaan 7,Padelbaan 8"
2026-04-21T03:45:42.052395,Vinkenveld,04:00,4,4,100.0,"booked: Padelbaan 1 / PURE Tennis & Padel,Padelbaan 2,Padelbaan 3,Padelbaan 4"
2026-04-21T04:15:35.544675,Terwegen,04:30,8,8,100.0,"booked: Padelbaan 1 (Panorama court),Padelbaan 2,Padelbaan 3,Padelbaan 4,Padelbaan 5,Padelbaan 6,Padelbaan 7,Padelbaan 8"
2026-04-21T04:15:35.544675,Vinkenveld,04:30,4,4,100.0,"booked: Padelbaan 1 / PURE Tennis & Padel,Padelbaan 2,Padelbaan 3,Padelbaan 4"
2026-04-21T04:45:44.512719,Terwegen,05:00,8,8,100.0,"booked: Padelbaan 1 (Panorama court),Padelbaan 2,Padelbaan 3,Padelbaan 4,Padelbaan 5,Padelbaan 6,Padelbaan 7,Padelbaan 8"
2026-04-21T04:45:44.512719,Vinkenveld,05:00,4,4,100.0,"booked: Padelbaan 1 / PURE Tennis & Padel,Padelbaan 2,Padelbaan 3,Padelbaan 4"
2026-04-21T05:15:41.858874,Terwegen,05:30,8,8,100.0,"booked: Padelbaan 1 (Panorama court),Padelbaan 2,Padelbaan 3,Padelbaan 4,Padelbaan 5,Padelbaan 6,Padelbaan 7,Padelbaan 8"
2026-04-21T05:15:41.858874,Vinkenveld,05:30,4,4,100.0,"booked: Padelbaan 1 / PURE Tennis & Padel,Padelbaan 2,Padelbaan 3,Padelbaan 4"
2026-04-21T05:45:41.287400,Terwegen,06:00,8,8,100.0,"booked: Padelbaan 1 (Panorama court),Padelbaan 2,Padelbaan 3,Padelbaan 4,Padelbaan 5,Padelbaan 6,Padelbaan 7,Padelbaan 8"
2026-04-21T05:45:41.287400,Vinkenveld,06:00,4,4,100.0,"booked: Padelbaan 1 / PURE Tennis & Padel,Padelbaan 2,Padelbaan 3,Padelbaan 4"
2026-04-21T06:15:39.239245,Terwegen,06:30,8,8,100.0,"booked: Padelbaan 1 (Panorama court),Padelbaan 2,Padelbaan 3,Padelbaan 4,Padelbaan 5,Padelbaan 6,Padelbaan 7,Padelbaan 8"
2026-04-21T06:15:39.239245,Vinkenveld,06:30,4,4,100.0,"booked: Padelbaan 1 / PURE Tennis & Padel,Padelbaan 2,Padelbaan 3,Padelbaan 4"
2026-04-21T06:45:42.363483,Terwegen,07:00,8,8,100.0,"booked: Padelbaan 1 (Panorama court),Padelbaan 2,Padelbaan 3,Padelbaan 4,Padelbaan 5,Padelbaan 6,Padelbaan 7,Padelbaan 8"
2026-04-21T06:45:42.363483,Vinkenveld,07:00,4,4,100.0,"booked: Padelbaan 1 / PURE Tennis & Padel,Padelbaan 2,Padelbaan 3,Padelbaan 4"
2026-04-21T07:15:44.963135,Terwegen,07:30,8,8,100.0,"booked: Padelbaan 1 (Panorama court),Padelbaan 2,Padelbaan 3,Padelbaan 4,Padelbaan 5,Padelbaan 6,Padelbaan 7,Padelbaan 8"
2026-04-21T07:15:44.963135,Vinkenveld,07:30,4,4,100.0,"booked: Padelbaan 1 / PURE Tennis & Padel,Padelbaan 2,Padelbaan 3,Padelbaan 4"
2026-04-21T07:45:47.167778,Terwegen,08:00,8,4,50.0,"booked: Padelbaan 1 (Panorama court),Padelbaan 2,Padelbaan 3,Padelbaan 6; available: Padelbaan 4,Padelbaan 5,Padelbaan 7,Padelbaan 8"
2026-04-21T07:45:47.167778,Vinkenveld,08:00,4,0,0.0,"available: Padelbaan 1 / PURE Tennis & Padel,Padelbaan 2,Padelbaan 3,Padelbaan 4"
2026-04-21T08:15:37.694812,Terwegen,08:30,8,2,25.0,"booked: Padelbaan 1 (Panorama court),Padelbaan 3; available: Padelbaan 2,Padelbaan 4,Padelbaan 5,Padelbaan 6,Padelbaan 7,Padelbaan 8"
2026-04-21T08:15:37.694812,Vinkenveld,08:30,4,0,0.0,"available: Padelbaan 1 / PURE Tennis & Padel,Padelbaan 2,Padelbaan 3,Padelbaan 4"
2026-04-21T08:45:38.634107,Terwegen,09:00,8,4,50.0,"booked: Padelbaan 1 (Panorama court),Padelbaan 2,Padelbaan 3,Padelbaan 6; available: Padelbaan 4,Padelbaan 5,Padelbaan 7,Padelbaan 8"
2026-04-21T08:45:38.634107,Vinkenveld,09:00,4,1,25.0,"booked: Padelbaan 4; available: Padelbaan 1 / PURE Tennis & Padel,Padelbaan 2,Padelbaan 3"
2026-04-21T09:15:40.202805,Terwegen,09:30,8,3,37.5,"booked: Padelbaan 2,Padelbaan 3,Padelbaan 6; available: Padelbaan 1 (Panorama court),Padelbaan 4,Padelbaan 5,Padelbaan 7,Padelbaan 8"
2026-04-21T09:15:40.202805,Vinkenveld,09:30,4,1,25.0,"booked: Padelbaan 4; available: Padelbaan 1 / PURE Tennis & Padel,Padelbaan 2,Padelbaan 3"
2026-04-21T09:45:42.207620,Terwegen,10:00,8,4,50.0,"booked: Padelbaan 1 (Panorama court),Padelbaan 2,Padelbaan 3,Padelbaan 6; available: Padelbaan 4,Padelbaan 5,Padelbaan 7,Padelbaan 8"
2026-04-21T09:45:42.207620,Vinkenveld,10:00,4,1,25.0,"booked: Padelbaan 4; available: Padelbaan 1 / PURE Tennis & Padel,Padelbaan 2,Padelbaan 3"
2026-04-21T10:15:49.037634,Terwegen,10:30,8,1,12.5,"booked: Padelbaan 6; available: Padelbaan 1 (Panorama court),Padelbaan 2,Padelbaan 3,Padelbaan 4,Padelbaan 5,Padelbaan 7,Padelbaan 8"
2026-04-21T10:15:49.037634,Vinkenveld,10:30,4,0,0.0,"available: Padelbaan 1 / PURE Tennis & Padel,Padelbaan 2,Padelbaan 3,Padelbaan 4"
2026-04-21T10:45:41.442067,Terwegen,11:00,8,2,25.0,"booked: Padelbaan 2,Padelbaan 3; available: Padelbaan 1 (Panorama court),Padelbaan 4,Padelbaan 5,Padelbaan 6,Padelbaan 7,Padelbaan 8"
2026-04-21T10:45:41.442067,Vinkenveld,11:00,4,0,0.0,"available: Padelbaan 1 / PURE Tennis & Padel,Padelbaan 2,Padelbaan 3,Padelbaan 4"
2026-04-21T11:15:36.763588,Terwegen,11:30,8,1,12.5,"booked: Padelbaan 6; available: Padelbaan 1 (Panorama court),Padelbaan 2,Padelbaan 3,Padelbaan 4,Padelbaan 5,Padelbaan 7,Padelbaan 8"
2026-04-21T11:15:36.763588,Vinkenveld,11:30,4,0,0.0,"available: Padelbaan 1 / PURE Tennis & Padel,Padelbaan 2,Padelbaan 3,Padelbaan 4"
2026-04-21T11:45:44.364235,Terwegen,12:00,8,0,0.0,"available: Padelbaan 1 (Panorama court),Padelbaan 2,Padelbaan 3,Padelbaan 4,Padelbaan 5,Padelbaan 6,Padelbaan 7,Padelbaan 8"
2026-04-21T11:45:44.364235,Vinkenveld,12:00,4,0,0.0,"available: Padelbaan 1 / PURE Tennis & Padel,Padelbaan 2,Padelbaan 3,Padelbaan 4"
2026-04-21T12:15:43.048863,Terwegen,12:30,8,0,0.0,"available: Padelbaan 1 (Panorama court),Padelbaan 2,Padelbaan 3,Padelbaan 4,Padelbaan 5,Padelbaan 6,Padelbaan 7,Padelbaan 8"
2026-04-21T12:15:43.048863,Vinkenveld,12:30,4,0,0.0,"available: Padelbaan 1 / PURE Tennis & Padel,Padelbaan 2,Padelbaan 3,Padelbaan 4"
2026-04-21T12:45:39.233545,Terwegen,13:00,8,1,12.5,"booked: Padelbaan 1 (Panorama court); available: Padelbaan 2,Padelbaan 3,Padelbaan 4,Padelbaan 5,Padelbaan 6,Padelbaan 7,Padelbaan 8"
2026-04-21T12:45:39.233545,Vinkenveld,13:00,4,0,0.0,"available: Padelbaan 1 / PURE Tennis & Padel,Padelbaan 2,Padelbaan 3,Padelbaan 4"
2026-04-21T13:15:37.078111,Terwegen,13:30,8,0,0.0,"available: Padelbaan 1 (Panorama court),Padelbaan 2,Padelbaan 3,Padelbaan 4,Padelbaan 5,Padelbaan 6,Padelbaan 7,Padelbaan 8"
2026-04-21T13:15:37.078111,Vinkenveld,13:30,4,0,0.0,"available: Padelbaan 1 / PURE Tennis & Padel,Padelbaan 2,Padelbaan 3,Padelbaan 4"
2026-04-21T13:45:37.462805,Terwegen,14:00,8,3,37.5,"booked: Padelbaan 1 (Panorama court),Padelbaan 2,Padelbaan 6; available: Padelbaan 3,Padelbaan 4,Padelbaan 5,Padelbaan 7,Padelbaan 8"
2026-04-21T13:45:37.462805,Vinkenveld,14:00,4,0,0.0,"available: Padelbaan 1 / PURE Tennis & Padel,Padelbaan 2,Padelbaan 3,Padelbaan 4"
2026-04-21T14:15:46.816629,Terwegen,14:30,8,3,37.5,"booked: Padelbaan 1 (Panorama court),Padelbaan 2,Padelbaan 3; available: Padelbaan 4,Padelbaan 5,Padelbaan 6,Padelbaan 7,Padelbaan 8"
2026-04-21T14:15:46.816629,Vinkenveld,14:30,4,0,0.0,"available: Padelbaan 1 / PURE Tennis & Padel,Padelbaan 2,Padelbaan 3,Padelbaan 4"
2026-04-21T14:45:40.917174,Terwegen,15:00,8,3,37.5,"booked: Padelbaan 1 (Panorama court),Padelbaan 2,Padelbaan 6; available: Padelbaan 3,Padelbaan 4,Padelbaan 5,Padelbaan 7,Padelbaan 8"
2026-04-21T14:45:40.917174,Vinkenveld,15:00,4,0,0.0,"available: Padelbaan 1 / PURE Tennis & Padel,Padelbaan 2,Padelbaan 3,Padelbaan 4"
2026-04-21T15:15:49.245986,Terwegen,15:30,8,3,37.5,"booked: Padelbaan 1 (Panorama court),Padelbaan 3,Padelbaan 6; available: Padelbaan 2,Padelbaan 4,Padelbaan 5,Padelbaan 7,Padelbaan 8"
2026-04-21T15:15:49.245986,Vinkenveld,15:30,4,0,0.0,"available: Padelbaan 1 / PURE Tennis & Padel,Padelbaan 2,Padelbaan 3,Padelbaan 4"
2026-04-21T15:45:43.129727,Terwegen,16:00,8,5,62.5,"booked: Padelbaan 1 (Panorama court),Padelbaan 2,Padelbaan 3,Padelbaan 4,Padelbaan 6; available: Padelbaan 5,Padelbaan 7,Padelbaan 8"
2026-04-21T15:45:43.129727,Vinkenveld,16:00,4,0,0.0,"available: Padelbaan 1 / PURE Tennis & Padel,Padelbaan 2,Padelbaan 3,Padelbaan 4"
2026-04-21T16:15:52.806568,Terwegen,16:30,8,3,37.5,"booked: Padelbaan 1 (Panorama court),Padelbaan 3,Padelbaan 4; available: Padelbaan 2,Padelbaan 5,Padelbaan 6,Padelbaan 7,Padelbaan 8"
2026-04-21T16:15:52.806568,Vinkenveld,16:30,4,2,50.0,"booked: Padelbaan 3,Padelbaan 4; available: Padelbaan 1 / PURE Tennis & Padel,Padelbaan 2"
2026-04-21T16:45:53.887851,Terwegen,17:00,8,7,87.5,"booked: Padelbaan 1 (Panorama court),Padelbaan 2,Padelbaan 3,Padelbaan 4,Padelbaan 6,Padelbaan 7,Padelbaan 8; available: Padelbaan 5"
2026-04-21T16:45:53.887851,Vinkenveld,17:00,4,3,75.0,"booked: Padelbaan 1 / PURE Tennis & Padel,Padelbaan 3,Padelbaan 4; available: Padelbaan 2"
2026-04-21T17:15:40.517562,Terwegen,17:30,8,5,62.5,"booked: Padelbaan 1 (Panorama court),Padelbaan 3,Padelbaan 4,Padelbaan 5,Padelbaan 6; available: Padelbaan 2,Padelbaan 7,Padelbaan 8"
2026-04-21T17:15:40.517562,Vinkenveld,17:30,4,3,75.0,"booked: Padelbaan 1 / PURE Tennis & Padel,Padelbaan 3,Padelbaan 4; available: Padelbaan 2"
2026-04-21T17:45:39.156028,Terwegen,18:00,8,6,75.0,"booked: Padelbaan 1 (Panorama court),Padelbaan 2,Padelbaan 3,Padelbaan 4,Padelbaan 7,Padelbaan 8; available: Padelbaan 5,Padelbaan 6"
2026-04-21T17:45:39.156028,Vinkenveld,18:00,4,4,100.0,"booked: Padelbaan 1 / PURE Tennis & Padel,Padelbaan 2,Padelbaan 3,Padelbaan 4"
2026-04-21T18:15:36.968675,Terwegen,18:30,8,8,100.0,"booked: Padelbaan 1 (Panorama court),Padelbaan 2,Padelbaan 3,Padelbaan 4,Padelbaan 5,Padelbaan 6,Padelbaan 7,Padelbaan 8"
2026-04-21T18:15:36.968675,Vinkenveld,18:30,4,4,100.0,"booked: Padelbaan 1 / PURE Tennis & Padel,Padelbaan 2,Padelbaan 3,Padelbaan 4"
2026-04-21T18:45:39.827351,Terwegen,19:00,8,8,100.0,"booked: Padelbaan 1 (Panorama court),Padelbaan 2,Padelbaan 3,Padelbaan 4,Padelbaan 5,Padelbaan 6,Padelbaan 7,Padelbaan 8"
2026-04-21T18:45:39.827351,Vinkenveld,19:00,4,4,100.0,"booked: Padelbaan 1 / PURE Tennis & Padel,Padelbaan 2,Padelbaan 3,Padelbaan 4"
2026-04-21T19:15:38.482088,Terwegen,19:30,8,8,100.0,"booked: Padelbaan 1 (Panorama court),Padelbaan 2,Padelbaan 3,Padelbaan 4,Padelbaan 5,Padelbaan 6,Padelbaan 7,Padelbaan 8"
2026-04-21T19:15:38.482088,Vinkenveld,19:30,4,4,100.0,"booked: Padelbaan 1 / PURE Tennis & Padel,Padelbaan 2,Padelbaan 3,Padelbaan 4"
2026-04-21T19:45:39.330754,Terwegen,20:00,8,8,100.0,"booked: Padelbaan 1 (Panorama court),Padelbaan 2,Padelbaan 3,Padelbaan 4,Padelbaan 5,Padelbaan 6,Padelbaan 7,Padelbaan 8"
2026-04-21T19:45:39.330754,Vinkenveld,20:00,4,4,100.0,"booked: Padelbaan 1 / PURE Tennis & Padel,Padelbaan 2,Padelbaan 3,Padelbaan 4"
2026-04-21T20:15:40.048562,Terwegen,20:30,8,8,100.0,"booked: Padelbaan 1 (Panorama court),Padelbaan 2,Padelbaan 3,Padelbaan 4,Padelbaan 5,Padelbaan 6,Padelbaan 7,Padelbaan 8"
2026-04-21T20:15:40.048562,Vinkenveld,20:30,4,4,100.0,"booked: Padelbaan 1 / PURE Tennis & Padel,Padelbaan 2,Padelbaan 3,Padelbaan 4"
2026-04-21T20:45:40.408786,Terwegen,21:00,8,8,100.0,"booked: Padelbaan 1 (Panorama court),Padelbaan 2,Padelbaan 3,Padelbaan 4,Padelbaan 5,Padelbaan 6,Padelbaan 7,Padelbaan 8"
2026-04-21T20:45:40.408786,Vinkenveld,21:00,4,4,100.0,"booked: Padelbaan 1 / PURE Tennis & Padel,Padelbaan 2,Padelbaan 3,Padelbaan 4"
2026-04-21T21:15:35.576530,Terwegen,21:30,8,8,100.0,"booked: Padelbaan 1 (Panorama court),Padelbaan 2,Padelbaan 3,Padelbaan 4,Padelbaan 5,Padelbaan 6,Padelbaan 7,Padelbaan 8"
2026-04-21T21:15:35.576530,Vinkenveld,21:30,4,3,75.0,"booked: Padelbaan 1 / PURE Tennis & Padel,Padelbaan 2,Padelbaan 3; available: Padelbaan 4"
2026-04-21T21:45:42.965273,Terwegen,22:00,8,8,100.0,"booked: Padelbaan 1 (Panorama court),Padelbaan 2,Padelbaan 3,Padelbaan 4,Padelbaan 5,Padelbaan 6,Padelbaan 7,Padelbaan 8"
2026-04-21T21:45:42.965273,Vinkenveld,22:00,4,1,25.0,"booked: Padelbaan 2; available: Padelbaan 1 / PURE Tennis & Padel,Padelbaan 3,Padelbaan 4"
2026-04-21T23:45:34.291303,Terwegen,00:00,8,8,100.0,"booked: Padelbaan 1 (Panorama court),Padelbaan 2,Padelbaan 3,Padelbaan 4,Padelbaan 5,Padelbaan 6,Padelbaan 7,Padelbaan 8"
2026-04-21T23:45:34.291303,Vinkenveld,00:00,4,4,100.0,"booked: Padelbaan 1 / PURE Tennis & Padel,Padelbaan 2,Padelbaan 3,Padelbaan 4"
2026-04-22T00:15:45.976545,Terwegen,00:30,8,8,100.0,"booked: Padelbaan 1 (Panorama court),Padelbaan 2,Padelbaan 3,Padelbaan 4,Padelbaan 5,Padelbaan 6,Padelbaan 7,Padelbaan 8"
2026-04-22T00:15:45.976545,Vinkenveld,00:30,4,4,100.0,"booked: Padelbaan 1 / PURE Tennis & Padel,Padelbaan 2,Padelbaan 3,Padelbaan 4"
2026-04-22T00:45:52.815049,Terwegen,01:00,8,8,100.0,"booked: Padelbaan 1 (Panorama court),Padelbaan 2,Padelbaan 3,Padelbaan 4,Padelbaan 5,Padelbaan 6,Padelbaan 7,Padelbaan 8"
2026-04-22T00:45:52.815049,Vinkenveld,01:00,4,4,100.0,"booked: Padelbaan 1 / PURE Tennis & Padel,Padelbaan 2,Padelbaan 3,Padelbaan 4"
2026-04-22T01:15:39.627240,Terwegen,01:30,8,8,100.0,"booked: Padelbaan 1 (Panorama court),Padelbaan 2,Padelbaan 3,Padelbaan 4,Padelbaan 5,Padelbaan 6,Padelbaan 7,Padelbaan 8"
2026-04-22T01:15:39.627240,Vinkenveld,01:30,4,4,100.0,"booked: Padelbaan 1 / PURE Tennis & Padel,Padelbaan 2,Padelbaan 3,Padelbaan 4"
2026-04-22T01:45:41.988050,Terwegen,02:00,8,8,100.0,"booked: Padelbaan 1 (Panorama court),Padelbaan 2,Padelbaan 3,Padelbaan 4,Padelbaan 5,Padelbaan 6,Padelbaan 7,Padelbaan 8"
2026-04-22T01:45:41.988050,Vinkenveld,02:00,4,4,100.0,"booked: Padelbaan 1 / PURE Tennis & Padel,Padelbaan 2,Padelbaan 3,Padelbaan 4"
2026-04-22T02:15:43.792687,Terwegen,02:30,8,8,100.0,"booked: Padelbaan 1 (Panorama court),Padelbaan 2,Padelbaan 3,Padelbaan 4,Padelbaan 5,Padelbaan 6,Padelbaan 7,Padelbaan 8"
2026-04-22T02:15:43.792687,Vinkenveld,02:30,4,4,100.0,"booked: Padelbaan 1 / PURE Tennis & Padel,Padelbaan 2,Padelbaan 3,Padelbaan 4"
2026-04-22T02:45:36.701438,Terwegen,03:00,8,8,100.0,"booked: Padelbaan 1 (Panorama court),Padelbaan 2,Padelbaan 3,Padelbaan 4,Padelbaan 5,Padelbaan 6,Padelbaan 7,Padelbaan 8"
2026-04-22T02:45:36.701438,Vinkenveld,03:00,4,4,100.0,"booked: Padelbaan 1 / PURE Tennis & Padel,Padelbaan 2,Padelbaan 3,Padelbaan 4"
2026-04-22T03:15:31.463120,Terwegen,03:30,8,8,100.0,"booked: Padelbaan 1 (Panorama court),Padelbaan 2,Padelbaan 3,Padelbaan 4,Padelbaan 5,Padelbaan 6,Padelbaan 7,Padelbaan 8"
2026-04-22T03:15:31.463120,Vinkenveld,03:30,4,4,100.0,"booked: Padelbaan 1 / PURE Tennis & Padel,Padelbaan 2,Padelbaan 3,Padelbaan 4"
2026-04-22T03:45:41.590323,Terwegen,04:00,8,8,100.0,"booked: Padelbaan 1 (Panorama court),Padelbaan 2,Padelbaan 3,Padelbaan 4,Padelbaan 5,Padelbaan 6,Padelbaan 7,Padelbaan 8"
2026-04-22T03:45:41.590323,Vinkenveld,04:00,4,4,100.0,"booked: Padelbaan 1 / PURE Tennis & Padel,Padelbaan 2,Padelbaan 3,Padelbaan 4"
2026-04-22T04:15:40.045455,Terwegen,04:30,8,8,100.0,"booked: Padelbaan 1 (Panorama court),Padelbaan 2,Padelbaan 3,Padelbaan 4,Padelbaan 5,Padelbaan 6,Padelbaan 7,Padelbaan 8"
2026-04-22T04:15:40.045455,Vinkenveld,04:30,4,4,100.0,"booked: Padelbaan 1 / PURE Tennis & Padel,Padelbaan 2,Padelbaan 3,Padelbaan 4"
2026-04-22T04:48:27.937303,Terwegen,05:00,8,8,100.0,"booked: Padelbaan 1 (Panorama court),Padelbaan 2,Padelbaan 3,Padelbaan 4,Padelbaan 5,Padelbaan 6,Padelbaan 7,Padelbaan 8"
2026-04-22T04:48:27.937303,Vinkenveld,05:00,4,4,100.0,"booked: Padelbaan 1 / PURE Tennis & Padel,Padelbaan 2,Padelbaan 3,Padelbaan 4"
2026-04-22T05:15:31.858692,Terwegen,05:30,8,8,100.0,"booked: Padelbaan 1 (Panorama court),Padelbaan 2,Padelbaan 3,Padelbaan 4,Padelbaan 5,Padelbaan 6,Padelbaan 7,Padelbaan 8"
2026-04-22T05:15:31.858692,Vinkenveld,05:30,4,4,100.0,"booked: Padelbaan 1 / PURE Tennis & Padel,Padelbaan 2,Padelbaan 3,Padelbaan 4"
2026-04-22T05:45:34.754254,Terwegen,06:00,8,8,100.0,"booked: Padelbaan 1 (Panorama court),Padelbaan 2,Padelbaan 3,Padelbaan 4,Padelbaan 5,Padelbaan 6,Padelbaan 7,Padelbaan 8"
2026-04-22T05:45:34.754254,Vinkenveld,06:00,4,4,100.0,"booked: Padelbaan 1 / PURE Tennis & Padel,Padelbaan 2,Padelbaan 3,Padelbaan 4"
2026-04-22T06:15:39.277674,Terwegen,06:30,8,8,100.0,"booked: Padelbaan 1 (Panorama court),Padelbaan 2,Padelbaan 3,Padelbaan 4,Padelbaan 5,Padelbaan 6,Padelbaan 7,Padelbaan 8"
2026-04-22T06:15:39.277674,Vinkenveld,06:30,4,4,100.0,"booked: Padelbaan 1 / PURE Tennis & Padel,Padelbaan 2,Padelbaan 3,Padelbaan 4"
2026-04-22T06:45:41.542385,Terwegen,07:00,8,8,100.0,"booked: Padelbaan 1 (Panorama court),Padelbaan 2,Padelbaan 3,Padelbaan 4,Padelbaan 5,Padelbaan 6,Padelbaan 7,Padelbaan 8"
2026-04-22T06:45:41.542385,Vinkenveld,07:00,4,4,100.0,"booked: Padelbaan 1 / PURE Tennis & Padel,Padelbaan 2,Padelbaan 3,Padelbaan 4"
2026-04-22T07:15:37.541318,Terwegen,07:30,8,8,100.0,"booked: Padelbaan 1 (Panorama court),Padelbaan 2,Padelbaan 3,Padelbaan 4,Padelbaan 5,Padelbaan 6,Padelbaan 7,Padelbaan 8"
2026-04-22T07:15:37.541318,Vinkenveld,07:30,4,4,100.0,"booked: Padelbaan 1 / PURE Tennis & Padel,Padelbaan 2,Padelbaan 3,Padelbaan 4"
2026-04-22T07:45:45.324128,Terwegen,08:00,8,0,0.0,"available: Padelbaan 1 (Panorama court),Padelbaan 2,Padelbaan 3,Padelbaan 4,Padelbaan 5,Padelbaan 6,Padelbaan 7,Padelbaan 8"
2026-04-22T07:45:45.324128,Vinkenveld,08:00,4,4,100.0,"booked: Padelbaan 1 / PURE Tennis & Padel,Padelbaan 2,Padelbaan 3,Padelbaan 4"
2026-04-22T08:15:35.327966,Terwegen,08:30,8,3,37.5,"booked: Padelbaan 1 (Panorama court),Padelbaan 3,Padelbaan 6; available: Padelbaan 2,Padelbaan 4,Padelbaan 5,Padelbaan 7,Padelbaan 8"
2026-04-22T08:15:35.327966,Vinkenveld,08:30,4,4,100.0,"booked: Padelbaan 1 / PURE Tennis & Padel,Padelbaan 2,Padelbaan 3,Padelbaan 4"
2026-04-22T08:49:32.537890,Terwegen,09:00,8,2,25.0,"booked: Padelbaan 3,Padelbaan 6; available: Padelbaan 1 (Panorama court),Padelbaan 2,Padelbaan 4,Padelbaan 5,Padelbaan 7,Padelbaan 8"
2026-04-22T08:49:32.537890,Vinkenveld,09:00,4,4,100.0,"booked: Padelbaan 1 / PURE Tennis & Padel,Padelbaan 2,Padelbaan 3,Padelbaan 4"
2026-04-22T09:15:40.310386,Terwegen,09:30,8,3,37.5,"booked: Padelbaan 1 (Panorama court),Padelbaan 3,Padelbaan 6; available: Padelbaan 2,Padelbaan 4,Padelbaan 5,Padelbaan 7,Padelbaan 8"
2026-04-22T09:15:40.310386,Vinkenveld,09:30,4,0,0.0,"available: Padelbaan 1 / PURE Tennis & Padel,Padelbaan 2,Padelbaan 3,Padelbaan 4"
2026-04-22T09:45:42.875362,Terwegen,10:00,8,3,37.5,"booked: Padelbaan 1 (Panorama court),Padelbaan 3,Padelbaan 6; available: Padelbaan 2,Padelbaan 4,Padelbaan 5,Padelbaan 7,Padelbaan 8"
2026-04-22T09:45:42.875362,Vinkenveld,10:00,4,0,0.0,"available: Padelbaan 1 / PURE Tennis & Padel,Padelbaan 2,Padelbaan 3,Padelbaan 4"
2026-04-22T10:15:47.891110,Terwegen,10:30,8,2,25.0,"booked: Padelbaan 1 (Panorama court),Padelbaan 6; available: Padelbaan 2,Padelbaan 3,Padelbaan 4,Padelbaan 5,Padelbaan 7,Padelbaan 8"
2026-04-22T10:15:47.891110,Vinkenveld,10:30,4,0,0.0,"available: Padelbaan 1 / PURE Tennis & Padel,Padelbaan 2,Padelbaan 3,Padelbaan 4"
2026-04-22T10:45:56.112030,Terwegen,11:00,8,3,37.5,"booked: Padelbaan 1 (Panorama court),Padelbaan 3,Padelbaan 6; available: Padelbaan 2,Padelbaan 4,Padelbaan 5,Padelbaan 7,Padelbaan 8"
2026-04-22T10:45:56.112030,Vinkenveld,11:00,4,0,0.0,"available: Padelbaan 1 / PURE Tennis & Padel,Padelbaan 2,Padelbaan 3,Padelbaan 4"
2026-04-22T11:15:46.890167,Terwegen,11:30,8,1,12.5,"booked: Padelbaan 6; available: Padelbaan 1 (Panorama court),Padelbaan 2,Padelbaan 3,Padelbaan 4,Padelbaan 5,Padelbaan 7,Padelbaan 8"
2026-04-22T11:15:46.890167,Vinkenveld,11:30,4,0,0.0,"available: Padelbaan 1 / PURE Tennis & Padel,Padelbaan 2,Padelbaan 3,Padelbaan 4"
2026-04-22T11:45:42.338107,Terwegen,12:00,8,1,12.5,"booked: Padelbaan 1 (Panorama court); available: Padelbaan 2,Padelbaan 3,Padelbaan 4,Padelbaan 5,Padelbaan 6,Padelbaan 7,Padelbaan 8"
2026-04-22T11:45:42.338107,Vinkenveld,12:00,4,0,0.0,"available: Padelbaan 1 / PURE Tennis & Padel,Padelbaan 2,Padelbaan 3,Padelbaan 4"
2026-04-22T12:15:40.427202,Terwegen,12:30,8,3,37.5,"booked: Padelbaan 2,Padelbaan 4,Padelbaan 6; available: Padelbaan 1 (Panorama court),Padelbaan 3,Padelbaan 5,Padelbaan 7,Padelbaan 8"
2026-04-22T12:15:40.427202,Vinkenveld,12:30,4,0,0.0,"available: Padelbaan 1 / PURE Tennis & Padel,Padelbaan 2,Padelbaan 3,Padelbaan 4"
2026-04-22T12:45:40.866867,Terwegen,13:00,8,0,0.0,"available: Padelbaan 1 (Panorama court),Padelbaan 2,Padelbaan 3,Padelbaan 4,Padelbaan 5,Padelbaan 6,Padelbaan 7,Padelbaan 8"
2026-04-22T12:45:40.866867,Vinkenveld,13:00,4,0,0.0,"available: Padelbaan 1 / PURE Tennis & Padel,Padelbaan 2,Padelbaan 3,Padelbaan 4"
2026-04-22T13:15:36.951659,Terwegen,13:30,8,6,75.0,"booked: Padelbaan 2,Padelbaan 4,Padelbaan 5,Padelbaan 6,Padelbaan 7,Padelbaan 8; available: Padelbaan 1 (Panorama court),Padelbaan 3"
2026-04-22T13:15:36.951659,Vinkenveld,13:30,4,0,0.0,"available: Padelbaan 1 / PURE Tennis & Padel,Padelbaan 2,Padelbaan 3,Padelbaan 4"
2026-04-22T13:53:56.816875,Terwegen,14:00,8,4,50.0,"booked: Padelbaan 1 (Panorama court),Padelbaan 2,Padelbaan 3,Padelbaan 4; available: Padelbaan 5,Padelbaan 6,Padelbaan 7,Padelbaan 8"
2026-04-22T13:53:56.816875,Vinkenveld,14:00,4,0,0.0,"available: Padelbaan 1 / PURE Tennis & Padel,Padelbaan 2,Padelbaan 3,Padelbaan 4"
2026-04-22T14:15:43.711453,Terwegen,14:30,8,6,75.0,"booked: Padelbaan 2,Padelbaan 4,Padelbaan 5,Padelbaan 6,Padelbaan 7,Padelbaan 8; available: Padelbaan 1 (Panorama court),Padelbaan 3"
2026-04-22T14:15:43.711453,Vinkenveld,14:30,4,1,25.0,"booked: Padelbaan 3; available: Padelbaan 1 / PURE Tennis & Padel,Padelbaan 2,Padelbaan 4"
2026-04-22T14:45:39.685283,Terwegen,15:00,8,8,100.0,"booked: Padelbaan 1 (Panorama court),Padelbaan 2,Padelbaan 3,Padelbaan 4,Padelbaan 5,Padelbaan 6,Padelbaan 7,Padelbaan 8"
2026-04-22T14:45:39.685283,Vinkenveld,15:00,4,1,25.0,"booked: Padelbaan 3; available: Padelbaan 1 / PURE Tennis & Padel,Padelbaan 2,Padelbaan 4"
2026-04-22T15:15:40.900280,Terwegen,15:30,8,8,100.0,"booked: Padelbaan 1 (Panorama court),Padelbaan 2,Padelbaan 3,Padelbaan 4,Padelbaan 5,Padelbaan 6,Padelbaan 7,Padelbaan 8"
2026-04-22T15:15:40.900280,Vinkenveld,15:30,4,1,25.0,"booked: Padelbaan 3; available: Padelbaan 1 / PURE Tennis & Padel,Padelbaan 2,Padelbaan 4"
2026-04-22T15:45:44.455965,Terwegen,16:00,8,7,87.5,"booked: Padelbaan 1 (Panorama court),Padelbaan 2,Padelbaan 3,Padelbaan 4,Padelbaan 5,Padelbaan 6,Padelbaan 8; available: Padelbaan 7"
2026-04-22T15:45:44.455965,Vinkenveld,16:00,4,2,50.0,"booked: Padelbaan 2,Padelbaan 3; available: Padelbaan 1 / PURE Tennis & Padel,Padelbaan 4"
2026-04-22T16:15:46.928109,Terwegen,16:30,8,6,75.0,"booked: Padelbaan 1 (Panorama court),Padelbaan 3,Padelbaan 4,Padelbaan 6,Padelbaan 7,Padelbaan 8; available: Padelbaan 2,Padelbaan 5"
2026-04-22T16:15:46.928109,Vinkenveld,16:30,4,2,50.0,"booked: Padelbaan 2,Padelbaan 3; available: Padelbaan 1 / PURE Tennis & Padel,Padelbaan 4"
2026-04-22T16:45:46.389457,Terwegen,17:00,8,7,87.5,"booked: Padelbaan 2,Padelbaan 3,Padelbaan 4,Padelbaan 5,Padelbaan 6,Padelbaan 7,Padelbaan 8; available: Padelbaan 1 (Panorama court)"
2026-04-22T16:45:46.389457,Vinkenveld,17:00,4,4,100.0,"booked: Padelbaan 1 / PURE Tennis & Padel,Padelbaan 2,Padelbaan 3,Padelbaan 4"
2026-04-22T17:15:39.818500,Terwegen,17:30,8,4,50.0,"booked: Padelbaan 1 (Panorama court),Padelbaan 3,Padelbaan 4,Padelbaan 6; available: Padelbaan 2,Padelbaan 5,Padelbaan 7,Padelbaan 8"
2026-04-22T17:15:39.818500,Vinkenveld,17:30,4,4,100.0,"booked: Padelbaan 1 / PURE Tennis & Padel,Padelbaan 2,Padelbaan 3,Padelbaan 4"
2026-04-22T17:45:46.256388,Terwegen,18:00,8,8,100.0,"booked: Padelbaan 1 (Panorama court),Padelbaan 2,Padelbaan 3,Padelbaan 4,Padelbaan 5,Padelbaan 6,Padelbaan 7,Padelbaan 8"
2026-04-22T17:45:46.256388,Vinkenveld,18:00,4,3,75.0,"booked: Padelbaan 1 / PURE Tennis & Padel,Padelbaan 3,Padelbaan 4; available: Padelbaan 2"
2026-04-22T18:15:36.344560,Terwegen,18:30,8,8,100.0,"booked: Padelbaan 1 (Panorama court),Padelbaan 2,Padelbaan 3,Padelbaan 4,Padelbaan 5,Padelbaan 6,Padelbaan 7,Padelbaan 8"
2026-04-22T18:15:36.344560,Vinkenveld,18:30,4,4,100.0,"booked: Padelbaan 1 / PURE Tennis & Padel,Padelbaan 2,Padelbaan 3,Padelbaan 4"
2026-04-22T18:45:39.566434,Terwegen,19:00,8,8,100.0,"booked: Padelbaan 1 (Panorama court),Padelbaan 2,Padelbaan 3,Padelbaan 4,Padelbaan 5,Padelbaan 6,Padelbaan 7,Padelbaan 8"
2026-04-22T18:45:39.566434,Vinkenveld,19:00,4,4,100.0,"booked: Padelbaan 1 / PURE Tennis & Padel,Padelbaan 2,Padelbaan 3,Padelbaan 4"
2026-04-22T19:15:38.339578,Terwegen,19:30,8,8,100.0,"booked: Padelbaan 1 (Panorama court),Padelbaan 2,Padelbaan 3,Padelbaan 4,Padelbaan 5,Padelbaan 6,Padelbaan 7,Padelbaan 8"
2026-04-22T19:15:38.339578,Vinkenveld,19:30,4,4,100.0,"booked: Padelbaan 1 / PURE Tennis & Padel,Padelbaan 2,Padelbaan 3,Padelbaan 4"
2026-04-22T19:45:43.287216,Terwegen,20:00,8,8,100.0,"booked: Padelbaan 1 (Panorama court),Padelbaan 2,Padelbaan 3,Padelbaan 4,Padelbaan 5,Padelbaan 6,Padelbaan 7,Padelbaan 8"
2026-04-22T19:45:43.287216,Vinkenveld,20:00,4,4,100.0,"booked: Padelbaan 1 / PURE Tennis & Padel,Padelbaan 2,Padelbaan 3,Padelbaan 4"
2026-04-22T20:15:40.187697,Terwegen,20:30,8,8,100.0,"booked: Padelbaan 1 (Panorama court),Padelbaan 2,Padelbaan 3,Padelbaan 4,Padelbaan 5,Padelbaan 6,Padelbaan 7,Padelbaan 8"
2026-04-22T20:15:40.187697,Vinkenveld,20:30,4,4,100.0,"booked: Padelbaan 1 / PURE Tennis & Padel,Padelbaan 2,Padelbaan 3,Padelbaan 4"
2026-04-22T20:45:41.629935,Terwegen,21:00,8,8,100.0,"booked: Padelbaan 1 (Panorama court),Padelbaan 2,Padelbaan 3,Padelbaan 4,Padelbaan 5,Padelbaan 6,Padelbaan 7,Padelbaan 8"
2026-04-22T20:45:41.629935,Vinkenveld,21:00,4,4,100.0,"booked: Padelbaan 1 / PURE Tennis & Padel,Padelbaan 2,Padelbaan 3,Padelbaan 4"
2026-04-22T21:15:39.014295,Terwegen,21:30,8,8,100.0,"booked: Padelbaan 1 (Panorama court),Padelbaan 2,Padelbaan 3,Padelbaan 4,Padelbaan 5,Padelbaan 6,Padelbaan 7,Padelbaan 8"
2026-04-22T21:15:39.014295,Vinkenveld,21:30,4,3,75.0,"booked: Padelbaan 1 / PURE Tennis & Padel,Padelbaan 3,Padelbaan 4; available: Padelbaan 2"
2026-04-22T21:45:38.355563,Terwegen,22:00,8,8,100.0,"booked: Padelbaan 1 (Panorama court),Padelbaan 2,Padelbaan 3,Padelbaan 4,Padelbaan 5,Padelbaan 6,Padelbaan 7,Padelbaan 8"
2026-04-22T21:45:38.355563,Vinkenveld,22:00,4,1,25.0,"booked: Padelbaan 1 / PURE Tennis & Padel; available: Padelbaan 2,Padelbaan 3,Padelbaan 4"
2026-04-22T23:45:42.877215,Terwegen,00:00,8,8,100.0,"booked: Padelbaan 1 (Panorama court),Padelbaan 2,Padelbaan 3,Padelbaan 4,Padelbaan 5,Padelbaan 6,Padelbaan 7,Padelbaan 8"
2026-04-22T23:45:42.877215,Vinkenveld,00:00,4,4,100.0,"booked: Padelbaan 1 / PURE Tennis & Padel,Padelbaan 2,Padelbaan 3,Padelbaan 4"
2026-04-23T00:15:32.900971,Terwegen,00:30,8,8,100.0,"booked: Padelbaan 1 (Panorama court),Padelbaan 2,Padelbaan 3,Padelbaan 4,Padelbaan 5,Padelbaan 6,Padelbaan 7,Padelbaan 8"
2026-04-23T00:15:32.900971,Vinkenveld,00:30,4,4,100.0,"booked: Padelbaan 1 / PURE Tennis & Padel,Padelbaan 2,Padelbaan 3,Padelbaan 4"
2026-04-23T00:45:43.038453,Terwegen,01:00,8,8,100.0,"booked: Padelbaan 1 (Panorama court),Padelbaan 2,Padelbaan 3,Padelbaan 4,Padelbaan 5,Padelbaan 6,Padelbaan 7,Padelbaan 8"
2026-04-23T00:45:43.038453,Vinkenveld,01:00,4,4,100.0,"booked: Padelbaan 1 / PURE Tennis & Padel,Padelbaan 2,Padelbaan 3,Padelbaan 4"
2026-04-23T01:15:41.639911,Terwegen,01:30,8,8,100.0,"booked: Padelbaan 1 (Panorama court),Padelbaan 2,Padelbaan 3,Padelbaan 4,Padelbaan 5,Padelbaan 6,Padelbaan 7,Padelbaan 8"
2026-04-23T01:15:41.639911,Vinkenveld,01:30,4,4,100.0,"booked: Padelbaan 1 / PURE Tennis & Padel,Padelbaan 2,Padelbaan 3,Padelbaan 4"
2026-04-23T01:45:40.862747,Terwegen,02:00,8,8,100.0,"booked: Padelbaan 1 (Panorama court),Padelbaan 2,Padelbaan 3,Padelbaan 4,Padelbaan 5,Padelbaan 6,Padelbaan 7,Padelbaan 8"
2026-04-23T01:45:40.862747,Vinkenveld,02:00,4,4,100.0,"booked: Padelbaan 1 / PURE Tennis & Padel,Padelbaan 2,Padelbaan 3,Padelbaan 4"
2026-04-23T02:15:40.251104,Terwegen,02:30,8,8,100.0,"booked: Padelbaan 1 (Panorama court),Padelbaan 2,Padelbaan 3,Padelbaan 4,Padelbaan 5,Padelbaan 6,Padelbaan 7,Padelbaan 8"
2026-04-23T02:15:40.251104,Vinkenveld,02:30,4,4,100.0,"booked: Padelbaan 1 / PURE Tennis & Padel,Padelbaan 2,Padelbaan 3,Padelbaan 4"
2026-04-23T02:45:39.398851,Terwegen,03:00,8,8,100.0,"booked: Padelbaan 1 (Panorama court),Padelbaan 2,Padelbaan 3,Padelbaan 4,Padelbaan 5,Padelbaan 6,Padelbaan 7,Padelbaan 8"
2026-04-23T02:45:39.398851,Vinkenveld,03:00,4,4,100.0,"booked: Padelbaan 1 / PURE Tennis & Padel,Padelbaan 2,Padelbaan 3,Padelbaan 4"
2026-04-23T03:15:33.748776,Terwegen,03:30,8,8,100.0,"booked: Padelbaan 1 (Panorama court),Padelbaan 2,Padelbaan 3,Padelbaan 4,Padelbaan 5,Padelbaan 6,Padelbaan 7,Padelbaan 8"
2026-04-23T03:15:33.748776,Vinkenveld,03:30,4,4,100.0,"booked: Padelbaan 1 / PURE Tennis & Padel,Padelbaan 2,Padelbaan 3,Padelbaan 4"
2026-04-23T03:45:37.468518,Terwegen,04:00,8,8,100.0,"booked: Padelbaan 1 (Panorama court),Padelbaan 2,Padelbaan 3,Padelbaan 4,Padelbaan 5,Padelbaan 6,Padelbaan 7,Padelbaan 8"
2026-04-23T03:45:37.468518,Vinkenveld,04:00,4,4,100.0,"booked: Padelbaan 1 / PURE Tennis & Padel,Padelbaan 2,Padelbaan 3,Padelbaan 4"
2026-04-23T04:15:38.980162,Terwegen,04:30,8,8,100.0,"booked: Padelbaan 1 (Panorama court),Padelbaan 2,Padelbaan 3,Padelbaan 4,Padelbaan 5,Padelbaan 6,Padelbaan 7,Padelbaan 8"
2026-04-23T04:15:38.980162,Vinkenveld,04:30,4,4,100.0,"booked: Padelbaan 1 / PURE Tennis & Padel,Padelbaan 2,Padelbaan 3,Padelbaan 4"
2026-04-23T04:45:42.409625,Terwegen,05:00,8,8,100.0,"booked: Padelbaan 1 (Panorama court),Padelbaan 2,Padelbaan 3,Padelbaan 4,Padelbaan 5,Padelbaan 6,Padelbaan 7,Padelbaan 8"
2026-04-23T04:45:42.409625,Vinkenveld,05:00,4,4,100.0,"booked: Padelbaan 1 / PURE Tennis & Padel,Padelbaan 2,Padelbaan 3,Padelbaan 4"
2026-04-23T05:15:37.077468,Terwegen,05:30,8,8,100.0,"booked: Padelbaan 1 (Panorama court),Padelbaan 2,Padelbaan 3,Padelbaan 4,Padelbaan 5,Padelbaan 6,Padelbaan 7,Padelbaan 8"
2026-04-23T05:15:37.077468,Vinkenveld,05:30,4,4,100.0,"booked: Padelbaan 1 / PURE Tennis & Padel,Padelbaan 2,Padelbaan 3,Padelbaan 4"
2026-04-23T05:45:42.112578,Terwegen,06:00,8,8,100.0,"booked: Padelbaan 1 (Panorama court),Padelbaan 2,Padelbaan 3,Padelbaan 4,Padelbaan 5,Padelbaan 6,Padelbaan 7,Padelbaan 8"
2026-04-23T05:45:42.112578,Vinkenveld,06:00,4,4,100.0,"booked: Padelbaan 1 / PURE Tennis & Padel,Padelbaan 2,Padelbaan 3,Padelbaan 4"
2026-04-23T06:15:41.946879,Terwegen,06:30,8,8,100.0,"booked: Padelbaan 1 (Panorama court),Padelbaan 2,Padelbaan 3,Padelbaan 4,Padelbaan 5,Padelbaan 6,Padelbaan 7,Padelbaan 8"
2026-04-23T06:15:41.946879,Vinkenveld,06:30,4,4,100.0,"booked: Padelbaan 1 / PURE Tennis & Padel,Padelbaan 2,Padelbaan 3,Padelbaan 4"
2026-04-23T06:45:43.556698,Terwegen,07:00,8,8,100.0,"booked: Padelbaan 1 (Panorama court),Padelbaan 2,Padelbaan 3,Padelbaan 4,Padelbaan 5,Padelbaan 6,Padelbaan 7,Padelbaan 8"
2026-04-23T06:45:43.556698,Vinkenveld,07:00,4,4,100.0,"booked: Padelbaan 1 / PURE Tennis & Padel,Padelbaan 2,Padelbaan 3,Padelbaan 4"
2026-04-23T07:15:41.768034,Terwegen,07:30,8,8,100.0,"booked: Padelbaan 1 (Panorama court),Padelbaan 2,Padelbaan 3,Padelbaan 4,Padelbaan 5,Padelbaan 6,Padelbaan 7,Padelbaan 8"
2026-04-23T07:15:41.768034,Vinkenveld,07:30,4,4,100.0,"booked: Padelbaan 1 / PURE Tennis & Padel,Padelbaan 2,Padelbaan 3,Padelbaan 4"
2026-04-23T07:45:39.032256,Terwegen,08:00,8,1,12.5,"booked: Padelbaan 4; available: Padelbaan 1 (Panorama court),Padelbaan 2,Padelbaan 3,Padelbaan 5,Padelbaan 6,Padelbaan 7,Padelbaan 8"
2026-04-23T07:45:39.032256,Vinkenveld,08:00,4,0,0.0,"available: Padelbaan 1 / PURE Tennis & Padel,Padelbaan 2,Padelbaan 3,Padelbaan 4"
2026-04-23T08:15:41.594251,Terwegen,08:30,8,4,50.0,"booked: Padelbaan 1 (Panorama court),Padelbaan 3,Padelbaan 4,Padelbaan 6; available: Padelbaan 2,Padelbaan 5,Padelbaan 7,Padelbaan 8"
2026-04-23T08:15:41.594251,Vinkenveld,08:30,4,0,0.0,"available: Padelbaan 1 / PURE Tennis & Padel,Padelbaan 2,Padelbaan 3,Padelbaan 4"
2026-04-23T08:45:42.751080,Terwegen,09:00,8,4,50.0,"booked: Padelbaan 1 (Panorama court),Padelbaan 3,Padelbaan 4,Padelbaan 6; available: Padelbaan 2,Padelbaan 5,Padelbaan 7,Padelbaan 8"
2026-04-23T08:45:42.751080,Vinkenveld,09:00,4,0,0.0,"available: Padelbaan 1 / PURE Tennis & Padel,Padelbaan 2,Padelbaan 3,Padelbaan 4"
2026-04-23T09:15:42.351439,Terwegen,09:30,8,4,50.0,"booked: Padelbaan 1 (Panorama court),Padelbaan 3,Padelbaan 4,Padelbaan 6; available: Padelbaan 2,Padelbaan 5,Padelbaan 7,Padelbaan 8"
2026-04-23T09:15:42.351439,Vinkenveld,09:30,4,0,0.0,"available: Padelbaan 1 / PURE Tennis & Padel,Padelbaan 2,Padelbaan 3,Padelbaan 4"
2026-04-23T09:45:43.447209,Terwegen,10:00,8,3,37.5,"booked: Padelbaan 1 (Panorama court),Padelbaan 3,Padelbaan 6; available: Padelbaan 2,Padelbaan 4,Padelbaan 5,Padelbaan 7,Padelbaan 8"
2026-04-23T09:45:43.447209,Vinkenveld,10:00,4,3,75.0,"booked: Padelbaan 1 / PURE Tennis & Padel,Padelbaan 3,Padelbaan 4; available: Padelbaan 2"
2026-04-23T10:15:47.478829,Terwegen,10:30,8,1,12.5,"booked: Padelbaan 4; available: Padelbaan 1 (Panorama court),Padelbaan 2,Padelbaan 3,Padelbaan 5,Padelbaan 6,Padelbaan 7,Padelbaan 8"
2026-04-23T10:15:47.478829,Vinkenveld,10:30,4,3,75.0,"booked: Padelbaan 1 / PURE Tennis & Padel,Padelbaan 3,Padelbaan 4; available: Padelbaan 2"
2026-04-23T10:45:47.657283,Terwegen,11:00,8,2,25.0,"booked: Padelbaan 1 (Panorama court),Padelbaan 6; available: Padelbaan 2,Padelbaan 3,Padelbaan 4,Padelbaan 5,Padelbaan 7,Padelbaan 8"
2026-04-23T10:45:47.657283,Vinkenveld,11:00,4,3,75.0,"booked: Padelbaan 1 / PURE Tennis & Padel,Padelbaan 3,Padelbaan 4; available: Padelbaan 2"
2026-04-23T11:15:39.954849,Terwegen,11:30,8,0,0.0,"available: Padelbaan 1 (Panorama court),Padelbaan 2,Padelbaan 3,Padelbaan 4,Padelbaan 5,Padelbaan 6,Padelbaan 7,Padelbaan 8"
2026-04-23T11:15:39.954849,Vinkenveld,11:30,4,3,75.0,"booked: Padelbaan 1 / PURE Tennis & Padel,Padelbaan 3,Padelbaan 4; available: Padelbaan 2"
2026-04-23T11:45:36.035199,Terwegen,12:00,8,0,0.0,"available: Padelbaan 1 (Panorama court),Padelbaan 2,Padelbaan 3,Padelbaan 4,Padelbaan 5,Padelbaan 6,Padelbaan 7,Padelbaan 8"
2026-04-23T11:45:36.035199,Vinkenveld,12:00,4,2,50.0,"booked: Padelbaan 1 / PURE Tennis & Padel,Padelbaan 3; available: Padelbaan 2,Padelbaan 4"
2026-04-23T12:15:47.225996,Terwegen,12:30,8,1,12.5,"booked: Padelbaan 1 (Panorama court); available: Padelbaan 2,Padelbaan 3,Padelbaan 4,Padelbaan 5,Padelbaan 6,Padelbaan 7,Padelbaan 8"
2026-04-23T12:15:47.225996,Vinkenveld,12:30,4,0,0.0,"available: Padelbaan 1 / PURE Tennis & Padel,Padelbaan 2,Padelbaan 3,Padelbaan 4"
2026-04-23T12:45:34.537398,Terwegen,13:00,8,1,12.5,"booked: Padelbaan 1 (Panorama court); available: Padelbaan 2,Padelbaan 3,Padelbaan 4,Padelbaan 5,Padelbaan 6,Padelbaan 7,Padelbaan 8"
2026-04-23T12:45:34.537398,Vinkenveld,13:00,4,0,0.0,"available: Padelbaan 1 / PURE Tennis & Padel,Padelbaan 2,Padelbaan 3,Padelbaan 4"
2026-04-23T13:15:44.558008,Terwegen,13:30,8,1,12.5,"booked: Padelbaan 1 (Panorama court); available: Padelbaan 2,Padelbaan 3,Padelbaan 4,Padelbaan 5,Padelbaan 6,Padelbaan 7,Padelbaan 8"
2026-04-23T13:15:44.558008,Vinkenveld,13:30,4,0,0.0,"available: Padelbaan 1 / PURE Tennis & Padel,Padelbaan 2,Padelbaan 3,Padelbaan 4"
2026-04-23T13:45:39.846772,Terwegen,14:00,8,0,0.0,"available: Padelbaan 1 (Panorama court),Padelbaan 2,Padelbaan 3,Padelbaan 4,Padelbaan 5,Padelbaan 6,Padelbaan 7,Padelbaan 8"
2026-04-23T13:45:39.846772,Vinkenveld,14:00,4,0,0.0,"available: Padelbaan 1 / PURE Tennis & Padel,Padelbaan 2,Padelbaan 3,Padelbaan 4"
2026-04-23T14:15:36.424495,Terwegen,14:30,8,2,25.0,"booked: Padelbaan 1 (Panorama court),Padelbaan 3; available: Padelbaan 2,Padelbaan 4,Padelbaan 5,Padelbaan 6,Padelbaan 7,Padelbaan 8"
2026-04-23T14:15:36.424495,Vinkenveld,14:30,4,0,0.0,"available: Padelbaan 1 / PURE Tennis & Padel,Padelbaan 2,Padelbaan 3,Padelbaan 4"
2026-04-23T14:45:41.648470,Terwegen,15:00,8,1,12.5,"booked: Padelbaan 2; available: Padelbaan 1 (Panorama court),Padelbaan 3,Padelbaan 4,Padelbaan 5,Padelbaan 6,Padelbaan 7,Padelbaan 8"
2026-04-23T14:45:41.648470,Vinkenveld,15:00,4,0,0.0,"available: Padelbaan 1 / PURE Tennis & Padel,Padelbaan 2,Padelbaan 3,Padelbaan 4"
2026-04-23T15:15:39.702407,Terwegen,15:30,8,7,87.5,"booked: Padelbaan 1 (Panorama court),Padelbaan 3,Padelbaan 4,Padelbaan 5,Padelbaan 6,Padelbaan 7,Padelbaan 8; available: Padelbaan 2"
2026-04-23T15:15:39.702407,Vinkenveld,15:30,4,0,0.0,"available: Padelbaan 1 / PURE Tennis & Padel,Padelbaan 2,Padelbaan 3,Padelbaan 4"
2026-04-23T15:45:38.220516,Terwegen,16:00,8,3,37.5,"booked: Padelbaan 1 (Panorama court),Padelbaan 2,Padelbaan 3; available: Padelbaan 4,Padelbaan 5,Padelbaan 6,Padelbaan 7,Padelbaan 8"
2026-04-23T15:45:38.220516,Vinkenveld,16:00,4,0,0.0,"available: Padelbaan 1 / PURE Tennis & Padel,Padelbaan 2,Padelbaan 3,Padelbaan 4"
2026-04-23T16:15:40.438950,Terwegen,16:30,8,8,100.0,"booked: Padelbaan 1 (Panorama court),Padelbaan 2,Padelbaan 3,Padelbaan 4,Padelbaan 5,Padelbaan 6,Padelbaan 7,Padelbaan 8"
2026-04-23T16:15:40.438950,Vinkenveld,16:30,4,1,25.0,"booked: Padelbaan 4; available: Padelbaan 1 / PURE Tennis & Padel,Padelbaan 2,Padelbaan 3"
2026-04-23T16:45:55.996857,Terwegen,17:00,8,8,100.0,"booked: Padelbaan 1 (Panorama court),Padelbaan 2,Padelbaan 3,Padelbaan 4,Padelbaan 5,Padelbaan 6,Padelbaan 7,Padelbaan 8"
2026-04-23T16:45:55.996857,Vinkenveld,17:00,4,1,25.0,"booked: Padelbaan 4; available: Padelbaan 1 / PURE Tennis & Padel,Padelbaan 2,Padelbaan 3"
2026-04-23T17:15:47.179376,Terwegen,17:30,8,8,100.0,"booked: Padelbaan 1 (Panorama court),Padelbaan 2,Padelbaan 3,Padelbaan 4,Padelbaan 5,Padelbaan 6,Padelbaan 7,Padelbaan 8"
2026-04-23T17:15:47.179376,Vinkenveld,17:30,4,2,50.0,"booked: Padelbaan 2,Padelbaan 4; available: Padelbaan 1 / PURE Tennis & Padel,Padelbaan 3"
2026-04-23T17:45:38.262084,Terwegen,18:00,8,8,100.0,"booked: Padelbaan 1 (Panorama court),Padelbaan 2,Padelbaan 3,Padelbaan 4,Padelbaan 5,Padelbaan 6,Padelbaan 7,Padelbaan 8"
2026-04-23T17:45:38.262084,Vinkenveld,18:00,4,3,75.0,"booked: Padelbaan 2,Padelbaan 3,Padelbaan 4; available: Padelbaan 1 / PURE Tennis & Padel"
2026-04-23T18:15:46.334449,Terwegen,18:30,8,8,100.0,"booked: Padelbaan 1 (Panorama court),Padelbaan 2,Padelbaan 3,Padelbaan 4,Padelbaan 5,Padelbaan 6,Padelbaan 7,Padelbaan 8"
2026-04-23T18:15:46.334449,Vinkenveld,18:30,4,3,75.0,"booked: Padelbaan 2,Padelbaan 3,Padelbaan 4; available: Padelbaan 1 / PURE Tennis & Padel"
2026-04-23T19:15:45.252025,Terwegen,19:30,8,8,100.0,"booked: Padelbaan 1 (Panorama court),Padelbaan 2,Padelbaan 3,Padelbaan 4,Padelbaan 5,Padelbaan 6,Padelbaan 7,Padelbaan 8"
2026-04-23T19:15:45.252025,Vinkenveld,19:30,4,4,100.0,"booked: Padelbaan 1 / PURE Tennis & Padel,Padelbaan 2,Padelbaan 3,Padelbaan 4"
2026-04-23T19:45:44.583788,Terwegen,20:00,8,8,100.0,"booked: Padelbaan 1 (Panorama court),Padelbaan 2,Padelbaan 3,Padelbaan 4,Padelbaan 5,Padelbaan 6,Padelbaan 7,Padelbaan 8"
2026-04-23T19:45:44.583788,Vinkenveld,20:00,4,4,100.0,"booked: Padelbaan 1 / PURE Tennis & Padel,Padelbaan 2,Padelbaan 3,Padelbaan 4"
2026-04-23T20:15:40.802244,Terwegen,20:30,8,8,100.0,"booked: Padelbaan 1 (Panorama court),Padelbaan 2,Padelbaan 3,Padelbaan 4,Padelbaan 5,Padelbaan 6,Padelbaan 7,Padelbaan 8"
2026-04-23T20:15:40.802244,Vinkenveld,20:30,4,4,100.0,"booked: Padelbaan 1 / PURE Tennis & Padel,Padelbaan 2,Padelbaan 3,Padelbaan 4"
2026-04-23T20:45:41.722482,Terwegen,21:00,8,8,100.0,"booked: Padelbaan 1 (Panorama court),Padelbaan 2,Padelbaan 3,Padelbaan 4,Padelbaan 5,Padelbaan 6,Padelbaan 7,Padelbaan 8"
2026-04-23T20:45:41.722482,Vinkenveld,21:00,4,4,100.0,"booked: Padelbaan 1 / PURE Tennis & Padel,Padelbaan 2,Padelbaan 3,Padelbaan 4"
2026-04-23T21:15:39.328471,Terwegen,21:30,8,8,100.0,"booked: Padelbaan 1 (Panorama court),Padelbaan 2,Padelbaan 3,Padelbaan 4,Padelbaan 5,Padelbaan 6,Padelbaan 7,Padelbaan 8"
2026-04-23T21:15:39.328471,Vinkenveld,21:30,4,4,100.0,"booked: Padelbaan 1 / PURE Tennis & Padel,Padelbaan 2,Padelbaan 3,Padelbaan 4"
2026-04-23T21:45:39.331339,Terwegen,22:00,8,8,100.0,"booked: Padelbaan 1 (Panorama court),Padelbaan 2,Padelbaan 3,Padelbaan 4,Padelbaan 5,Padelbaan 6,Padelbaan 7,Padelbaan 8"
2026-04-23T21:45:39.331339,Vinkenveld,22:00,4,3,75.0,"booked: Padelbaan 1 / PURE Tennis & Padel,Padelbaan 3,Padelbaan 4; available: Padelbaan 2"
2026-04-23T23:45:37.576452,Terwegen,00:00,8,8,100.0,"booked: Padelbaan 1 (Panorama court),Padelbaan 2,Padelbaan 3,Padelbaan 4,Padelbaan 5,Padelbaan 6,Padelbaan 7,Padelbaan 8"
2026-04-23T23:45:37.576452,Vinkenveld,00:00,4,4,100.0,"booked: Padelbaan 1 / PURE Tennis & Padel,Padelbaan 2,Padelbaan 3,Padelbaan 4"
2026-04-24T00:15:38.902974,Terwegen,00:30,8,8,100.0,"booked: Padelbaan 1 (Panorama court),Padelbaan 2,Padelbaan 3,Padelbaan 4,Padelbaan 5,Padelbaan 6,Padelbaan 7,Padelbaan 8"
2026-04-24T00:15:38.902974,Vinkenveld,00:30,4,4,100.0,"booked: Padelbaan 1 / PURE Tennis & Padel,Padelbaan 2,Padelbaan 3,Padelbaan 4"
2026-04-24T00:45:38.062171,Terwegen,01:00,8,8,100.0,"booked: Padelbaan 1 (Panorama court),Padelbaan 2,Padelbaan 3,Padelbaan 4,Padelbaan 5,Padelbaan 6,Padelbaan 7,Padelbaan 8"
2026-04-24T00:45:38.062171,Vinkenveld,01:00,4,4,100.0,"booked: Padelbaan 1 / PURE Tennis & Padel,Padelbaan 2,Padelbaan 3,Padelbaan 4"
2026-04-24T01:15:45.346650,Terwegen,01:30,8,8,100.0,"booked: Padelbaan 1 (Panorama court),Padelbaan 2,Padelbaan 3,Padelbaan 4,Padelbaan 5,Padelbaan 6,Padelbaan 7,Padelbaan 8"
2026-04-24T01:15:45.346650,Vinkenveld,01:30,4,4,100.0,"booked: Padelbaan 1 / PURE Tennis & Padel,Padelbaan 2,Padelbaan 3,Padelbaan 4"
2026-04-24T01:45:37.970758,Terwegen,02:00,8,8,100.0,"booked: Padelbaan 1 (Panorama court),Padelbaan 2,Padelbaan 3,Padelbaan 4,Padelbaan 5,Padelbaan 6,Padelbaan 7,Padelbaan 8"
2026-04-24T01:45:37.970758,Vinkenveld,02:00,4,4,100.0,"booked: Padelbaan 1 / PURE Tennis & Padel,Padelbaan 2,Padelbaan 3,Padelbaan 4"
2026-04-24T02:15:43.524514,Terwegen,02:30,8,8,100.0,"booked: Padelbaan 1 (Panorama court),Padelbaan 2,Padelbaan 3,Padelbaan 4,Padelbaan 5,Padelbaan 6,Padelbaan 7,Padelbaan 8"
2026-04-24T02:15:43.524514,Vinkenveld,02:30,4,4,100.0,"booked: Padelbaan 1 / PURE Tennis & Padel,Padelbaan 2,Padelbaan 3,Padelbaan 4"
2026-04-24T02:45:34.409333,Terwegen,03:00,8,8,100.0,"booked: Padelbaan 1 (Panorama court),Padelbaan 2,Padelbaan 3,Padelbaan 4,Padelbaan 5,Padelbaan 6,Padelbaan 7,Padelbaan 8"
2026-04-24T02:45:34.409333,Vinkenveld,03:00,4,4,100.0,"booked: Padelbaan 1 / PURE Tennis & Padel,Padelbaan 2,Padelbaan 3,Padelbaan 4"
2026-04-24T03:15:37.888907,Terwegen,03:30,8,8,100.0,"booked: Padelbaan 1 (Panorama court),Padelbaan 2,Padelbaan 3,Padelbaan 4,Padelbaan 5,Padelbaan 6,Padelbaan 7,Padelbaan 8"
2026-04-24T03:15:37.888907,Vinkenveld,03:30,4,4,100.0,"booked: Padelbaan 1 / PURE Tennis & Padel,Padelbaan 2,Padelbaan 3,Padelbaan 4"
2026-04-24T03:45:40.526381,Terwegen,04:00,8,8,100.0,"booked: Padelbaan 1 (Panorama court),Padelbaan 2,Padelbaan 3,Padelbaan 4,Padelbaan 5,Padelbaan 6,Padelbaan 7,Padelbaan 8"
2026-04-24T03:45:40.526381,Vinkenveld,04:00,4,4,100.0,"booked: Padelbaan 1 / PURE Tennis & Padel,Padelbaan 2,Padelbaan 3,Padelbaan 4"
2026-04-24T04:15:35.103486,Terwegen,04:30,8,8,100.0,"booked: Padelbaan 1 (Panorama court),Padelbaan 2,Padelbaan 3,Padelbaan 4,Padelbaan 5,Padelbaan 6,Padelbaan 7,Padelbaan 8"
2026-04-24T04:15:35.103486,Vinkenveld,04:30,4,4,100.0,"booked: Padelbaan 1 / PURE Tennis & Padel,Padelbaan 2,Padelbaan 3,Padelbaan 4"
2026-04-24T04:45:36.596012,Terwegen,05:00,8,8,100.0,"booked: Padelbaan 1 (Panorama court),Padelbaan 2,Padelbaan 3,Padelbaan 4,Padelbaan 5,Padelbaan 6,Padelbaan 7,Padelbaan 8"
2026-04-24T04:45:36.596012,Vinkenveld,05:00,4,4,100.0,"booked: Padelbaan 1 / PURE Tennis & Padel,Padelbaan 2,Padelbaan 3,Padelbaan 4"
2026-04-24T05:15:36.986328,Terwegen,05:30,8,8,100.0,"booked: Padelbaan 1 (Panorama court),Padelbaan 2,Padelbaan 3,Padelbaan 4,Padelbaan 5,Padelbaan 6,Padelbaan 7,Padelbaan 8"
2026-04-24T05:15:36.986328,Vinkenveld,05:30,4,4,100.0,"booked: Padelbaan 1 / PURE Tennis & Padel,Padelbaan 2,Padelbaan 3,Padelbaan 4"
2026-04-24T05:45:35.234782,Terwegen,06:00,8,8,100.0,"booked: Padelbaan 1 (Panorama court),Padelbaan 2,Padelbaan 3,Padelbaan 4,Padelbaan 5,Padelbaan 6,Padelbaan 7,Padelbaan 8"
2026-04-24T05:45:35.234782,Vinkenveld,06:00,4,4,100.0,"booked: Padelbaan 1 / PURE Tennis & Padel,Padelbaan 2,Padelbaan 3,Padelbaan 4"
2026-04-24T06:15:37.926721,Terwegen,06:30,8,8,100.0,"booked: Padelbaan 1 (Panorama court),Padelbaan 2,Padelbaan 3,Padelbaan 4,Padelbaan 5,Padelbaan 6,Padelbaan 7,Padelbaan 8"
2026-04-24T06:15:37.926721,Vinkenveld,06:30,4,4,100.0,"booked: Padelbaan 1 / PURE Tennis & Padel,Padelbaan 2,Padelbaan 3,Padelbaan 4"
2026-04-24T06:45:37.451662,Terwegen,07:00,8,8,100.0,"booked: Padelbaan 1 (Panorama court),Padelbaan 2,Padelbaan 3,Padelbaan 4,Padelbaan 5,Padelbaan 6,Padelbaan 7,Padelbaan 8"
2026-04-24T06:45:37.451662,Vinkenveld,07:00,4,4,100.0,"booked: Padelbaan 1 / PURE Tennis & Padel,Padelbaan 2,Padelbaan 3,Padelbaan 4"
2026-04-24T07:15:36.505642,Terwegen,07:30,8,8,100.0,"booked: Padelbaan 1 (Panorama court),Padelbaan 2,Padelbaan 3,Padelbaan 4,Padelbaan 5,Padelbaan 6,Padelbaan 7,Padelbaan 8"
2026-04-24T07:15:36.505642,Vinkenveld,07:30,4,4,100.0,"booked: Padelbaan 1 / PURE Tennis & Padel,Padelbaan 2,Padelbaan 3,Padelbaan 4"
2026-04-24T07:45:34.907444,Terwegen,08:00,8,1,12.5,"booked: Padelbaan 4; available: Padelbaan 1 (Panorama court),Padelbaan 2,Padelbaan 3,Padelbaan 5,Padelbaan 6,Padelbaan 7,Padelbaan 8"
2026-04-24T07:45:34.907444,Vinkenveld,08:00,4,0,0.0,"available: Padelbaan 1 / PURE Tennis & Padel,Padelbaan 2,Padelbaan 3,Padelbaan 4"
2026-04-24T08:15:40.775819,Terwegen,08:30,8,7,87.5,"booked: Padelbaan 1 (Panorama court),Padelbaan 2,Padelbaan 3,Padelbaan 5,Padelbaan 6,Padelbaan 7,Padelbaan 8; available: Padelbaan 4"
2026-04-24T08:15:40.775819,Vinkenveld,08:30,4,1,25.0,"booked: Padelbaan 4; available: Padelbaan 1 / PURE Tennis & Padel,Padelbaan 2,Padelbaan 3"
2026-04-24T08:45:41.254209,Terwegen,09:00,8,5,62.5,"booked: Padelbaan 2,Padelbaan 4,Padelbaan 6,Padelbaan 7,Padelbaan 8; available: Padelbaan 1 (Panorama court),Padelbaan 3,Padelbaan 5"
2026-04-24T08:45:41.254209,Vinkenveld,09:00,4,1,25.0,"booked: Padelbaan 4; available: Padelbaan 1 / PURE Tennis & Padel,Padelbaan 2,Padelbaan 3"
2026-04-24T09:15:40.196233,Terwegen,09:30,8,8,100.0,"booked: Padelbaan 1 (Panorama court),Padelbaan 2,Padelbaan 3,Padelbaan 4,Padelbaan 5,Padelbaan 6,Padelbaan 7,Padelbaan 8"
2026-04-24T09:15:40.196233,Vinkenveld,09:30,4,2,50.0,"booked: Padelbaan 2,Padelbaan 4; available: Padelbaan 1 / PURE Tennis & Padel,Padelbaan 3"
2026-04-24T09:45:36.328411,Terwegen,10:00,8,7,87.5,"booked: Padelbaan 1 (Panorama court),Padelbaan 3,Padelbaan 4,Padelbaan 5,Padelbaan 6,Padelbaan 7,Padelbaan 8; available: Padelbaan 2"
2026-04-24T09:45:36.328411,Vinkenveld,10:00,4,2,50.0,"booked: Padelbaan 2,Padelbaan 3; available: Padelbaan 1 / PURE Tennis & Padel,Padelbaan 4"
2026-04-24T10:15:41.660415,Terwegen,10:30,8,6,75.0,"booked: Padelbaan 1 (Panorama court),Padelbaan 2,Padelbaan 3,Padelbaan 4,Padelbaan 5,Padelbaan 6; available: Padelbaan 7,Padelbaan 8"
2026-04-24T10:15:41.660415,Vinkenveld,10:30,4,2,50.0,"booked: Padelbaan 2,Padelbaan 3; available: Padelbaan 1 / PURE Tennis & Padel,Padelbaan 4"
2026-04-24T10:45:45.287244,Terwegen,11:00,8,6,75.0,"booked: Padelbaan 1 (Panorama court),Padelbaan 3,Padelbaan 4,Padelbaan 6,Padelbaan 7,Padelbaan 8; available: Padelbaan 2,Padelbaan 5"
2026-04-24T10:45:45.287244,Vinkenveld,11:00,4,2,50.0,"booked: Padelbaan 2,Padelbaan 3; available: Padelbaan 1 / PURE Tennis & Padel,Padelbaan 4"
2026-04-24T11:15:42.074549,Terwegen,11:30,8,3,37.5,"booked: Padelbaan 4,Padelbaan 5,Padelbaan 6; available: Padelbaan 1 (Panorama court),Padelbaan 2,Padelbaan 3,Padelbaan 7,Padelbaan 8"
2026-04-24T11:15:42.074549,Vinkenveld,11:30,4,1,25.0,"booked: Padelbaan 3; available: Padelbaan 1 / PURE Tennis & Padel,Padelbaan 2,Padelbaan 4"
2026-04-24T11:45:36.400113,Terwegen,12:00,8,3,37.5,"booked: Padelbaan 1 (Panorama court),Padelbaan 3,Padelbaan 4; available: Padelbaan 2,Padelbaan 5,Padelbaan 6,Padelbaan 7,Padelbaan 8"
2026-04-24T11:45:36.400113,Vinkenveld,12:00,4,0,0.0,"available: Padelbaan 1 / PURE Tennis & Padel,Padelbaan 2,Padelbaan 3,Padelbaan 4"
2026-04-24T12:15:39.514968,Terwegen,12:30,8,3,37.5,"booked: Padelbaan 3,Padelbaan 4,Padelbaan 6; available: Padelbaan 1 (Panorama court),Padelbaan 2,Padelbaan 5,Padelbaan 7,Padelbaan 8"
2026-04-24T12:15:39.514968,Vinkenveld,12:30,4,1,25.0,"booked: Padelbaan 2; available: Padelbaan 1 / PURE Tennis & Padel,Padelbaan 3,Padelbaan 4"
2026-04-24T12:45:41.037292,Terwegen,13:00,8,1,12.5,"booked: Padelbaan 3; available: Padelbaan 1 (Panorama court),Padelbaan 2,Padelbaan 4,Padelbaan 5,Padelbaan 6,Padelbaan 7,Padelbaan 8"
2026-04-24T12:45:41.037292,Vinkenveld,13:00,4,2,50.0,"booked: Padelbaan 2,Padelbaan 3; available: Padelbaan 1 / PURE Tennis & Padel,Padelbaan 4"
2026-04-24T13:15:42.220976,Terwegen,13:30,8,2,25.0,"booked: Padelbaan 3,Padelbaan 4; available: Padelbaan 1 (Panorama court),Padelbaan 2,Padelbaan 5,Padelbaan 6,Padelbaan 7,Padelbaan 8"
2026-04-24T13:15:42.220976,Vinkenveld,13:30,4,2,50.0,"booked: Padelbaan 2,Padelbaan 3; available: Padelbaan 1 / PURE Tennis & Padel,Padelbaan 4"
2026-04-24T13:45:45.053973,Terwegen,14:00,8,5,62.5,"booked: Padelbaan 1 (Panorama court),Padelbaan 2,Padelbaan 3,Padelbaan 4,Padelbaan 5; available: Padelbaan 6,Padelbaan 7,Padelbaan 8"
2026-04-24T13:45:45.053973,Vinkenveld,14:00,4,1,25.0,"booked: Padelbaan 3; available: Padelbaan 1 / PURE Tennis & Padel,Padelbaan 2,Padelbaan 4"
2026-04-24T14:15:42.765045,Terwegen,14:30,8,1,12.5,"booked: Padelbaan 3; available: Padelbaan 1 (Panorama court),Padelbaan 2,Padelbaan 4,Padelbaan 5,Padelbaan 6,Padelbaan 7,Padelbaan 8"
2026-04-24T14:15:42.765045,Vinkenveld,14:30,4,1,25.0,"booked: Padelbaan 3; available: Padelbaan 1 / PURE Tennis & Padel,Padelbaan 2,Padelbaan 4"
2026-04-24T14:45:40.700745,Terwegen,15:00,8,4,50.0,"booked: Padelbaan 1 (Panorama court),Padelbaan 2,Padelbaan 4,Padelbaan 5; available: Padelbaan 3,Padelbaan 6,Padelbaan 7,Padelbaan 8"
2026-04-24T14:45:40.700745,Vinkenveld,15:00,4,0,0.0,"available: Padelbaan 1 / PURE Tennis & Padel,Padelbaan 2,Padelbaan 3,Padelbaan 4"
2026-04-24T15:15:38.258956,Terwegen,15:30,8,5,62.5,"booked: Padelbaan 1 (Panorama court),Padelbaan 2,Padelbaan 3,Padelbaan 4,Padelbaan 5; available: Padelbaan 6,Padelbaan 7,Padelbaan 8"
2026-04-24T15:15:38.258956,Vinkenveld,15:30,4,1,25.0,"booked: Padelbaan 4; available: Padelbaan 1 / PURE Tennis & Padel,Padelbaan 2,Padelbaan 3"
2026-04-24T15:45:44.998503,Terwegen,16:00,8,5,62.5,"booked: Padelbaan 1 (Panorama court),Padelbaan 2,Padelbaan 3,Padelbaan 4,Padelbaan 5; available: Padelbaan 6,Padelbaan 7,Padelbaan 8"
2026-04-24T15:45:44.998503,Vinkenveld,16:00,4,1,25.0,"booked: Padelbaan 4; available: Padelbaan 1 / PURE Tennis & Padel,Padelbaan 2,Padelbaan 3"
2026-04-24T16:15:36.880385,Terwegen,16:30,8,7,87.5,"booked: Padelbaan 1 (Panorama court),Padelbaan 2,Padelbaan 3,Padelbaan 4,Padelbaan 5,Padelbaan 7,Padelbaan 8; available: Padelbaan 6"
2026-04-24T16:15:36.880385,Vinkenveld,16:30,4,1,25.0,"booked: Padelbaan 4; available: Padelbaan 1 / PURE Tennis & Padel,Padelbaan 2,Padelbaan 3"
2026-04-24T16:45:39.649646,Terwegen,17:00,8,3,37.5,"booked: Padelbaan 3,Padelbaan 4,Padelbaan 6; available: Padelbaan 1 (Panorama court),Padelbaan 2,Padelbaan 5,Padelbaan 7,Padelbaan 8"
2026-04-24T16:45:39.649646,Vinkenveld,17:00,4,2,50.0,"booked: Padelbaan 3,Padelbaan 4; available: Padelbaan 1 / PURE Tennis & Padel,Padelbaan 2"
2026-04-24T17:15:47.710727,Terwegen,17:30,8,7,87.5,"booked: Padelbaan 1 (Panorama court),Padelbaan 2,Padelbaan 3,Padelbaan 4,Padelbaan 5,Padelbaan 7,Padelbaan 8; available: Padelbaan 6"
2026-04-24T17:15:47.710727,Vinkenveld,17:30,4,2,50.0,"booked: Padelbaan 3,Padelbaan 4; available: Padelbaan 1 / PURE Tennis & Padel,Padelbaan 2"
2026-04-24T17:45:43.853754,Terwegen,18:00,8,7,87.5,"booked: Padelbaan 1 (Panorama court),Padelbaan 2,Padelbaan 3,Padelbaan 4,Padelbaan 6,Padelbaan 7,Padelbaan 8; available: Padelbaan 5"
2026-04-24T17:45:43.853754,Vinkenveld,18:00,4,1,25.0,"booked: Padelbaan 3; available: Padelbaan 1 / PURE Tennis & Padel,Padelbaan 2,Padelbaan 4"
2026-04-24T18:15:42.360557,Terwegen,18:30,8,8,100.0,"booked: Padelbaan 1 (Panorama court),Padelbaan 2,Padelbaan 3,Padelbaan 4,Padelbaan 5,Padelbaan 6,Padelbaan 7,Padelbaan 8"
2026-04-24T18:15:42.360557,Vinkenveld,18:30,4,2,50.0,"booked: Padelbaan 3,Padelbaan 4; available: Padelbaan 1 / PURE Tennis & Padel,Padelbaan 2"
2026-04-24T18:45:34.541549,Terwegen,19:00,8,7,87.5,"booked: Padelbaan 2,Padelbaan 3,Padelbaan 4,Padelbaan 5,Padelbaan 6,Padelbaan 7,Padelbaan 8; available: Padelbaan 1 (Panorama court)"
2026-04-24T18:45:34.541549,Vinkenveld,19:00,4,4,100.0,"booked: Padelbaan 1 / PURE Tennis & Padel,Padelbaan 2,Padelbaan 3,Padelbaan 4"
2026-04-24T19:15:43.852598,Terwegen,19:30,8,8,100.0,"booked: Padelbaan 1 (Panorama court),Padelbaan 2,Padelbaan 3,Padelbaan 4,Padelbaan 5,Padelbaan 6,Padelbaan 7,Padelbaan 8"
2026-04-24T19:15:43.852598,Vinkenveld,19:30,4,4,100.0,"booked: Padelbaan 1 / PURE Tennis & Padel,Padelbaan 2,Padelbaan 3,Padelbaan 4"
2026-04-24T19:45:39.553467,Terwegen,20:00,8,8,100.0,"booked: Padelbaan 1 (Panorama court),Padelbaan 2,Padelbaan 3,Padelbaan 4,Padelbaan 5,Padelbaan 6,Padelbaan 7,Padelbaan 8"
2026-04-24T19:45:39.553467,Vinkenveld,20:00,4,4,100.0,"booked: Padelbaan 1 / PURE Tennis & Padel,Padelbaan 2,Padelbaan 3,Padelbaan 4"
2026-04-24T20:15:40.781943,Terwegen,20:30,8,8,100.0,"booked: Padelbaan 1 (Panorama court),Padelbaan 2,Padelbaan 3,Padelbaan 4,Padelbaan 5,Padelbaan 6,Padelbaan 7,Padelbaan 8"
2026-04-24T20:15:40.781943,Vinkenveld,20:30,4,4,100.0,"booked: Padelbaan 1 / PURE Tennis & Padel,Padelbaan 2,Padelbaan 3,Padelbaan 4"
2026-04-24T20:45:37.067926,Terwegen,21:00,8,8,100.0,"booked: Padelbaan 1 (Panorama court),Padelbaan 2,Padelbaan 3,Padelbaan 4,Padelbaan 5,Padelbaan 6,Padelbaan 7,Padelbaan 8"
2026-04-24T20:45:37.067926,Vinkenveld,21:00,4,4,100.0,"booked: Padelbaan 1 / PURE Tennis & Padel,Padelbaan 2,Padelbaan 3,Padelbaan 4"
2026-04-24T21:15:41.692048,Terwegen,21:30,8,8,100.0,"booked: Padelbaan 1 (Panorama court),Padelbaan 2,Padelbaan 3,Padelbaan 4,Padelbaan 5,Padelbaan 6,Padelbaan 7,Padelbaan 8"
2026-04-24T21:15:41.692048,Vinkenveld,21:30,4,4,100.0,"booked: Padelbaan 1 / PURE Tennis & Padel,Padelbaan 2,Padelbaan 3,Padelbaan 4"
2026-04-24T21:45:37.875323,Terwegen,22:00,8,4,50.0,"booked: Padelbaan 1 (Panorama court),Padelbaan 3,Padelbaan 6,Padelbaan 7; available: Padelbaan 2,Padelbaan 4,Padelbaan 5,Padelbaan 8"
2026-04-24T21:45:37.875323,Vinkenveld,22:00,4,1,25.0,"booked: Padelbaan 4; available: Padelbaan 1 / PURE Tennis & Padel,Padelbaan 2,Padelbaan 3"
2026-04-24T23:45:42.119150,Terwegen,00:00,8,8,100.0,"booked: Padelbaan 1 (Panorama court),Padelbaan 2,Padelbaan 3,Padelbaan 4,Padelbaan 5,Padelbaan 6,Padelbaan 7,Padelbaan 8"
2026-04-24T23:45:42.119150,Vinkenveld,00:00,4,4,100.0,"booked: Padelbaan 1 / PURE Tennis & Padel,Padelbaan 2,Padelbaan 3,Padelbaan 4"
2026-04-25T00:15:34.662575,Terwegen,00:30,8,8,100.0,"booked: Padelbaan 1 (Panorama court),Padelbaan 2,Padelbaan 3,Padelbaan 4,Padelbaan 5,Padelbaan 6,Padelbaan 7,Padelbaan 8"
2026-04-25T00:15:34.662575,Vinkenveld,00:30,4,4,100.0,"booked: Padelbaan 1 / PURE Tennis & Padel,Padelbaan 2,Padelbaan 3,Padelbaan 4"
2026-04-25T00:45:41.392899,Terwegen,01:00,8,8,100.0,"booked: Padelbaan 1 (Panorama court),Padelbaan 2,Padelbaan 3,Padelbaan 4,Padelbaan 5,Padelbaan 6,Padelbaan 7,Padelbaan 8"
2026-04-25T00:45:41.392899,Vinkenveld,01:00,4,4,100.0,"booked: Padelbaan 1 / PURE Tennis & Padel,Padelbaan 2,Padelbaan 3,Padelbaan 4"
2026-04-25T01:15:35.837254,Terwegen,01:30,8,8,100.0,"booked: Padelbaan 1 (Panorama court),Padelbaan 2,Padelbaan 3,Padelbaan 4,Padelbaan 5,Padelbaan 6,Padelbaan 7,Padelbaan 8"
2026-04-25T01:15:35.837254,Vinkenveld,01:30,4,4,100.0,"booked: Padelbaan 1 / PURE Tennis & Padel,Padelbaan 2,Padelbaan 3,Padelbaan 4"
2026-04-25T01:45:37.239013,Terwegen,02:00,8,8,100.0,"booked: Padelbaan 1 (Panorama court),Padelbaan 2,Padelbaan 3,Padelbaan 4,Padelbaan 5,Padelbaan 6,Padelbaan 7,Padelbaan 8"
2026-04-25T01:45:37.239013,Vinkenveld,02:00,4,4,100.0,"booked: Padelbaan 1 / PURE Tennis & Padel,Padelbaan 2,Padelbaan 3,Padelbaan 4"
2026-04-25T02:15:38.623760,Terwegen,02:30,8,8,100.0,"booked: Padelbaan 1 (Panorama court),Padelbaan 2,Padelbaan 3,Padelbaan 4,Padelbaan 5,Padelbaan 6,Padelbaan 7,Padelbaan 8"
2026-04-25T02:15:38.623760,Vinkenveld,02:30,4,4,100.0,"booked: Padelbaan 1 / PURE Tennis & Padel,Padelbaan 2,Padelbaan 3,Padelbaan 4"
2026-04-25T02:45:39.697786,Terwegen,03:00,8,8,100.0,"booked: Padelbaan 1 (Panorama court),Padelbaan 2,Padelbaan 3,Padelbaan 4,Padelbaan 5,Padelbaan 6,Padelbaan 7,Padelbaan 8"
2026-04-25T02:45:39.697786,Vinkenveld,03:00,4,4,100.0,"booked: Padelbaan 1 / PURE Tennis & Padel,Padelbaan 2,Padelbaan 3,Padelbaan 4"
2026-04-25T03:15:38.305847,Terwegen,03:30,8,8,100.0,"booked: Padelbaan 1 (Panorama court),Padelbaan 2,Padelbaan 3,Padelbaan 4,Padelbaan 5,Padelbaan 6,Padelbaan 7,Padelbaan 8"
2026-04-25T03:15:38.305847,Vinkenveld,03:30,4,4,100.0,"booked: Padelbaan 1 / PURE Tennis & Padel,Padelbaan 2,Padelbaan 3,Padelbaan 4"
2026-04-25T03:45:45.348667,Terwegen,04:00,8,8,100.0,"booked: Padelbaan 1 (Panorama court),Padelbaan 2,Padelbaan 3,Padelbaan 4,Padelbaan 5,Padelbaan 6,Padelbaan 7,Padelbaan 8"
2026-04-25T03:45:45.348667,Vinkenveld,04:00,4,4,100.0,"booked: Padelbaan 1 / PURE Tennis & Padel,Padelbaan 2,Padelbaan 3,Padelbaan 4"
2026-04-25T04:15:44.763695,Terwegen,04:30,8,8,100.0,"booked: Padelbaan 1 (Panorama court),Padelbaan 2,Padelbaan 3,Padelbaan 4,Padelbaan 5,Padelbaan 6,Padelbaan 7,Padelbaan 8"
2026-04-25T04:15:44.763695,Vinkenveld,04:30,4,4,100.0,"booked: Padelbaan 1 / PURE Tennis & Padel,Padelbaan 2,Padelbaan 3,Padelbaan 4"
2026-04-25T04:45:35.628436,Terwegen,05:00,8,8,100.0,"booked: Padelbaan 1 (Panorama court),Padelbaan 2,Padelbaan 3,Padelbaan 4,Padelbaan 5,Padelbaan 6,Padelbaan 7,Padelbaan 8"
2026-04-25T04:45:35.628436,Vinkenveld,05:00,4,4,100.0,"booked: Padelbaan 1 / PURE Tennis & Padel,Padelbaan 2,Padelbaan 3,Padelbaan 4"
2026-04-25T05:15:36.301965,Terwegen,05:30,8,8,100.0,"booked: Padelbaan 1 (Panorama court),Padelbaan 2,Padelbaan 3,Padelbaan 4,Padelbaan 5,Padelbaan 6,Padelbaan 7,Padelbaan 8"
2026-04-25T05:15:36.301965,Vinkenveld,05:30,4,4,100.0,"booked: Padelbaan 1 / PURE Tennis & Padel,Padelbaan 2,Padelbaan 3,Padelbaan 4"
2026-04-25T05:45:43.558510,Terwegen,06:00,8,8,100.0,"booked: Padelbaan 1 (Panorama court),Padelbaan 2,Padelbaan 3,Padelbaan 4,Padelbaan 5,Padelbaan 6,Padelbaan 7,Padelbaan 8"
2026-04-25T05:45:43.558510,Vinkenveld,06:00,4,4,100.0,"booked: Padelbaan 1 / PURE Tennis & Padel,Padelbaan 2,Padelbaan 3,Padelbaan 4"
2026-04-25T06:15:38.768997,Terwegen,06:30,8,8,100.0,"booked: Padelbaan 1 (Panorama court),Padelbaan 2,Padelbaan 3,Padelbaan 4,Padelbaan 5,Padelbaan 6,Padelbaan 7,Padelbaan 8"
2026-04-25T06:15:38.768997,Vinkenveld,06:30,4,4,100.0,"booked: Padelbaan 1 / PURE Tennis & Padel,Padelbaan 2,Padelbaan 3,Padelbaan 4"
2026-04-25T06:45:44.746388,Terwegen,07:00,8,8,100.0,"booked: Padelbaan 1 (Panorama court),Padelbaan 2,Padelbaan 3,Padelbaan 4,Padelbaan 5,Padelbaan 6,Padelbaan 7,Padelbaan 8"
2026-04-25T06:45:44.746388,Vinkenveld,07:00,4,4,100.0,"booked: Padelbaan 1 / PURE Tennis & Padel,Padelbaan 2,Padelbaan 3,Padelbaan 4"
2026-04-25T07:15:45.039805,Terwegen,07:30,8,8,100.0,"booked: Padelbaan 1 (Panorama court),Padelbaan 2,Padelbaan 3,Padelbaan 4,Padelbaan 5,Padelbaan 6,Padelbaan 7,Padelbaan 8"
2026-04-25T07:15:45.039805,Vinkenveld,07:30,4,4,100.0,"booked: Padelbaan 1 / PURE Tennis & Padel,Padelbaan 2,Padelbaan 3,Padelbaan 4"
2026-04-25T07:45:35.447171,Terwegen,08:00,8,3,37.5,"booked: Padelbaan 1 (Panorama court),Padelbaan 5,Padelbaan 6; available: Padelbaan 2,Padelbaan 3,Padelbaan 4,Padelbaan 7,Padelbaan 8"
2026-04-25T07:45:35.447171,Vinkenveld,08:00,4,2,50.0,"booked: Padelbaan 2,Padelbaan 4; available: Padelbaan 1 / PURE Tennis & Padel,Padelbaan 3"
2026-04-25T08:15:37.747691,Terwegen,08:30,8,2,25.0,"booked: Padelbaan 2,Padelbaan 3; available: Padelbaan 1 (Panorama court),Padelbaan 4,Padelbaan 5,Padelbaan 6,Padelbaan 7,Padelbaan 8"
2026-04-25T08:15:37.747691,Vinkenveld,08:30,4,2,50.0,"booked: Padelbaan 2,Padelbaan 4; available: Padelbaan 1 / PURE Tennis & Padel,Padelbaan 3"
2026-04-25T08:45:36.115997,Terwegen,09:00,8,6,75.0,"booked: Padelbaan 1 (Panorama court),Padelbaan 2,Padelbaan 4,Padelbaan 5,Padelbaan 6,Padelbaan 8; available: Padelbaan 3,Padelbaan 7"
2026-04-25T08:45:36.115997,Vinkenveld,09:00,4,3,75.0,"booked: Padelbaan 2,Padelbaan 3,Padelbaan 4; available: Padelbaan 1 / PURE Tennis & Padel"
2026-04-25T09:15:40.371029,Terwegen,09:30,8,5,62.5,"booked: Padelbaan 1 (Panorama court),Padelbaan 2,Padelbaan 3,Padelbaan 5,Padelbaan 6; available: Padelbaan 4,Padelbaan 7,Padelbaan 8"
2026-04-25T09:15:40.371029,Vinkenveld,09:30,4,4,100.0,"booked: Padelbaan 1 / PURE Tennis & Padel,Padelbaan 2,Padelbaan 3,Padelbaan 4"
2026-04-25T09:45:42.868656,Terwegen,10:00,8,7,87.5,"booked: Padelbaan 1 (Panorama court),Padelbaan 2,Padelbaan 3,Padelbaan 4,Padelbaan 5,Padelbaan 6,Padelbaan 8; available: Padelbaan 7"
2026-04-25T09:45:42.868656,Vinkenveld,10:00,4,4,100.0,"booked: Padelbaan 1 / PURE Tennis & Padel,Padelbaan 2,Padelbaan 3,Padelbaan 4"
2026-04-25T10:15:39.443543,Terwegen,10:30,8,7,87.5,"booked: Padelbaan 1 (Panorama court),Padelbaan 2,Padelbaan 3,Padelbaan 4,Padelbaan 5,Padelbaan 6,Padelbaan 8; available: Padelbaan 7"
2026-04-25T10:15:39.443543,Vinkenveld,10:30,4,4,100.0,"booked: Padelbaan 1 / PURE Tennis & Padel,Padelbaan 2,Padelbaan 3,Padelbaan 4"
2026-04-25T10:45:39.251567,Terwegen,11:00,8,5,62.5,"booked: Padelbaan 2,Padelbaan 3,Padelbaan 4,Padelbaan 6,Padelbaan 8; available: Padelbaan 1 (Panorama court),Padelbaan 5,Padelbaan 7"
2026-04-25T10:45:39.251567,Vinkenveld,11:00,4,4,100.0,"booked: Padelbaan 1 / PURE Tennis & Padel,Padelbaan 2,Padelbaan 3,Padelbaan 4"
2026-04-25T11:15:40.472316,Terwegen,11:30,8,6,75.0,"booked: Padelbaan 1 (Panorama court),Padelbaan 2,Padelbaan 4,Padelbaan 5,Padelbaan 6,Padelbaan 8; available: Padelbaan 3,Padelbaan 7"
2026-04-25T11:15:40.472316,Vinkenveld,11:30,4,4,100.0,"booked: Padelbaan 1 / PURE Tennis & Padel,Padelbaan 2,Padelbaan 3,Padelbaan 4"
2026-04-25T11:45:37.259207,Terwegen,12:00,8,3,37.5,"booked: Padelbaan 1 (Panorama court),Padelbaan 3,Padelbaan 6; available: Padelbaan 2,Padelbaan 4,Padelbaan 5,Padelbaan 7,Padelbaan 8"
2026-04-25T11:45:37.259207,Vinkenveld,12:00,4,4,100.0,"booked: Padelbaan 1 / PURE Tennis & Padel,Padelbaan 2,Padelbaan 3,Padelbaan 4"
2026-04-25T12:15:37.285632,Terwegen,12:30,8,5,62.5,"booked: Padelbaan 1 (Panorama court),Padelbaan 2,Padelbaan 4,Padelbaan 5,Padelbaan 8; available: Padelbaan 3,Padelbaan 6,Padelbaan 7"
2026-04-25T12:15:37.285632,Vinkenveld,12:30,4,4,100.0,"booked: Padelbaan 1 / PURE Tennis & Padel,Padelbaan 2,Padelbaan 3,Padelbaan 4"
2026-04-25T12:45:39.751604,Terwegen,13:00,8,1,12.5,"booked: Padelbaan 6; available: Padelbaan 1 (Panorama court),Padelbaan 2,Padelbaan 3,Padelbaan 4,Padelbaan 5,Padelbaan 7,Padelbaan 8"
2026-04-25T12:45:39.751604,Vinkenveld,13:00,4,3,75.0,"booked: Padelbaan 1 / PURE Tennis & Padel,Padelbaan 3,Padelbaan 4; available: Padelbaan 2"
2026-04-25T13:15:36.076645,Terwegen,13:30,8,2,25.0,"booked: Padelbaan 1 (Panorama court),Padelbaan 5; available: Padelbaan 2,Padelbaan 3,Padelbaan 4,Padelbaan 6,Padelbaan 7,Padelbaan 8"
2026-04-25T13:15:36.076645,Vinkenveld,13:30,4,0,0.0,"available: Padelbaan 1 / PURE Tennis & Padel,Padelbaan 2,Padelbaan 3,Padelbaan 4"
2026-04-25T13:45:42.608201,Terwegen,14:00,8,2,25.0,"booked: Padelbaan 5,Padelbaan 8; available: Padelbaan 1 (Panorama court),Padelbaan 2,Padelbaan 3,Padelbaan 4,Padelbaan 6,Padelbaan 7"
2026-04-25T13:45:42.608201,Vinkenveld,14:00,4,0,0.0,"available: Padelbaan 1 / PURE Tennis & Padel,Padelbaan 2,Padelbaan 3,Padelbaan 4"
2026-04-25T14:15:38.077632,Terwegen,14:30,8,2,25.0,"booked: Padelbaan 2,Padelbaan 5; available: Padelbaan 1 (Panorama court),Padelbaan 3,Padelbaan 4,Padelbaan 6,Padelbaan 7,Padelbaan 8"
2026-04-25T14:15:38.077632,Vinkenveld,14:30,4,0,0.0,"available: Padelbaan 1 / PURE Tennis & Padel,Padelbaan 2,Padelbaan 3,Padelbaan 4"
2026-04-25T14:45:42.000466,Terwegen,15:00,8,3,37.5,"booked: Padelbaan 1 (Panorama court),Padelbaan 5,Padelbaan 8; available: Padelbaan 2,Padelbaan 3,Padelbaan 4,Padelbaan 6,Padelbaan 7"
2026-04-25T14:45:42.000466,Vinkenveld,15:00,4,0,0.0,"available: Padelbaan 1 / PURE Tennis & Padel,Padelbaan 2,Padelbaan 3,Padelbaan 4"
2026-04-25T15:15:36.316311,Terwegen,15:30,8,3,37.5,"booked: Padelbaan 2,Padelbaan 3,Padelbaan 8; available: Padelbaan 1 (Panorama court),Padelbaan 4,Padelbaan 5,Padelbaan 6,Padelbaan 7"
2026-04-25T15:15:36.316311,Vinkenveld,15:30,4,0,0.0,"available: Padelbaan 1 / PURE Tennis & Padel,Padelbaan 2,Padelbaan 3,Padelbaan 4"
2026-04-25T15:45:37.053822,Terwegen,16:00,8,4,50.0,"booked: Padelbaan 1 (Panorama court),Padelbaan 2,Padelbaan 5,Padelbaan 8; available: Padelbaan 3,Padelbaan 4,Padelbaan 6,Padelbaan 7"
2026-04-25T15:45:37.053822,Vinkenveld,16:00,4,0,0.0,"available: Padelbaan 1 / PURE Tennis & Padel,Padelbaan 2,Padelbaan 3,Padelbaan 4"
2026-04-25T16:15:41.629846,Terwegen,16:30,8,8,100.0,"booked: Padelbaan 1 (Panorama court),Padelbaan 2,Padelbaan 3,Padelbaan 4,Padelbaan 5,Padelbaan 6,Padelbaan 7,Padelbaan 8"
2026-04-25T16:15:41.629846,Vinkenveld,16:30,4,1,25.0,"booked: Padelbaan 3; available: Padelbaan 1 / PURE Tennis & Padel,Padelbaan 2,Padelbaan 4"
2026-04-25T16:45:42.812860,Terwegen,17:00,8,3,37.5,"booked: Padelbaan 1 (Panorama court),Padelbaan 3,Padelbaan 8; available: Padelbaan 2,Padelbaan 4,Padelbaan 5,Padelbaan 6,Padelbaan 7"
2026-04-25T16:45:42.812860,Vinkenveld,17:00,4,1,25.0,"booked: Padelbaan 3; available: Padelbaan 1 / PURE Tennis & Padel,Padelbaan 2,Padelbaan 4"
2026-04-25T17:16:07.386056,Terwegen,17:30,8,8,100.0,"booked: Padelbaan 1 (Panorama court),Padelbaan 2,Padelbaan 3,Padelbaan 4,Padelbaan 5,Padelbaan 6,Padelbaan 7,Padelbaan 8"
2026-04-25T17:16:07.386056,Vinkenveld,17:30,4,1,25.0,"booked: Padelbaan 3; available: Padelbaan 1 / PURE Tennis & Padel,Padelbaan 2,Padelbaan 4"
2026-04-25T17:45:47.532506,Terwegen,18:00,8,8,100.0,"booked: Padelbaan 1 (Panorama court),Padelbaan 2,Padelbaan 3,Padelbaan 4,Padelbaan 5,Padelbaan 6,Padelbaan 7,Padelbaan 8"
2026-04-25T17:45:47.532506,Vinkenveld,18:00,4,0,0.0,"available: Padelbaan 1 / PURE Tennis & Padel,Padelbaan 2,Padelbaan 3,Padelbaan 4"
2026-04-25T18:15:40.075234,Terwegen,18:30,8,8,100.0,"booked: Padelbaan 1 (Panorama court),Padelbaan 2,Padelbaan 3,Padelbaan 4,Padelbaan 5,Padelbaan 6,Padelbaan 7,Padelbaan 8"
2026-04-25T18:15:40.075234,Vinkenveld,18:30,4,0,0.0,"available: Padelbaan 1 / PURE Tennis & Padel,Padelbaan 2,Padelbaan 3,Padelbaan 4"
2026-04-25T18:45:46.728500,Terwegen,19:00,8,8,100.0,"booked: Padelbaan 1 (Panorama court),Padelbaan 2,Padelbaan 3,Padelbaan 4,Padelbaan 5,Padelbaan 6,Padelbaan 7,Padelbaan 8"
2026-04-25T18:45:46.728500,Vinkenveld,19:00,4,0,0.0,"available: Padelbaan 1 / PURE Tennis & Padel,Padelbaan 2,Padelbaan 3,Padelbaan 4"
2026-04-25T19:15:39.829789,Vinkenveld,19:30,4,1,25.0,"booked: Padelbaan 4; available: Padelbaan 1 / PURE Tennis & Padel,Padelbaan 2,Padelbaan 3"
2026-04-25T19:45:40.530277,Vinkenveld,20:00,4,1,25.0,"booked: Padelbaan 4; available: Padelbaan 1 / PURE Tennis & Padel,Padelbaan 2,Padelbaan 3"
2026-04-25T20:15:57.439703,Vinkenveld,20:30,4,2,50.0,"booked: Padelbaan 3,Padelbaan 4; available: Padelbaan 1 / PURE Tennis & Padel,Padelbaan 2"
2026-04-25T20:45:36.302250,Vinkenveld,21:00,4,2,50.0,"booked: Padelbaan 3,Padelbaan 4; available: Padelbaan 1 / PURE Tennis & Padel,Padelbaan 2"
2026-04-25T21:15:41.988181,Vinkenveld,21:30,4,4,100.0,"booked: Padelbaan 1 / PURE Tennis & Padel,Padelbaan 2,Padelbaan 3,Padelbaan 4"
2026-04-25T21:45:39.404278,Vinkenveld,22:00,4,4,100.0,"booked: Padelbaan 1 / PURE Tennis & Padel,Padelbaan 2,Padelbaan 3,Padelbaan 4"
2026-04-25T23:45:44.625562,Terwegen,00:00,8,8,100.0,"booked: Padelbaan 1 (Panorama court),Padelbaan 2,Padelbaan 3,Padelbaan 4,Padelbaan 5,Padelbaan 6,Padelbaan 7,Padelbaan 8"
2026-04-25T23:45:44.625562,Vinkenveld,00:00,4,4,100.0,"booked: Padelbaan 1 / PURE Tennis & Padel,Padelbaan 2,Padelbaan 3,Padelbaan 4"
2026-04-26T00:15:34.936957,Terwegen,00:30,8,8,100.0,"booked: Padelbaan 1 (Panorama court),Padelbaan 2,Padelbaan 3,Padelbaan 4,Padelbaan 5,Padelbaan 6,Padelbaan 7,Padelbaan 8"
2026-04-26T00:15:34.936957,Vinkenveld,00:30,4,4,100.0,"booked: Padelbaan 1 / PURE Tennis & Padel,Padelbaan 2,Padelbaan 3,Padelbaan 4"
2026-04-26T00:45:35.525779,Terwegen,01:00,8,8,100.0,"booked: Padelbaan 1 (Panorama court),Padelbaan 2,Padelbaan 3,Padelbaan 4,Padelbaan 5,Padelbaan 6,Padelbaan 7,Padelbaan 8"
2026-04-26T00:45:35.525779,Vinkenveld,01:00,4,4,100.0,"booked: Padelbaan 1 / PURE Tennis & Padel,Padelbaan 2,Padelbaan 3,Padelbaan 4"
2026-04-26T01:15:38.921458,Terwegen,01:30,8,8,100.0,"booked: Padelbaan 1 (Panorama court),Padelbaan 2,Padelbaan 3,Padelbaan 4,Padelbaan 5,Padelbaan 6,Padelbaan 7,Padelbaan 8"
2026-04-26T01:15:38.921458,Vinkenveld,01:30,4,4,100.0,"booked: Padelbaan 1 / PURE Tennis & Padel,Padelbaan 2,Padelbaan 3,Padelbaan 4"
2026-04-26T01:45:43.705757,Terwegen,02:00,8,8,100.0,"booked: Padelbaan 1 (Panorama court),Padelbaan 2,Padelbaan 3,Padelbaan 4,Padelbaan 5,Padelbaan 6,Padelbaan 7,Padelbaan 8"
2026-04-26T01:45:43.705757,Vinkenveld,02:00,4,4,100.0,"booked: Padelbaan 1 / PURE Tennis & Padel,Padelbaan 2,Padelbaan 3,Padelbaan 4"
2026-04-26T02:15:44.976793,Terwegen,02:30,8,8,100.0,"booked: Padelbaan 1 (Panorama court),Padelbaan 2,Padelbaan 3,Padelbaan 4,Padelbaan 5,Padelbaan 6,Padelbaan 7,Padelbaan 8"
2026-04-26T02:15:44.976793,Vinkenveld,02:30,4,4,100.0,"booked: Padelbaan 1 / PURE Tennis & Padel,Padelbaan 2,Padelbaan 3,Padelbaan 4"
2026-04-26T02:45:40.875252,Terwegen,03:00,8,8,100.0,"booked: Padelbaan 1 (Panorama court),Padelbaan 2,Padelbaan 3,Padelbaan 4,Padelbaan 5,Padelbaan 6,Padelbaan 7,Padelbaan 8"
2026-04-26T02:45:40.875252,Vinkenveld,03:00,4,4,100.0,"booked: Padelbaan 1 / PURE Tennis & Padel,Padelbaan 2,Padelbaan 3,Padelbaan 4"
2026-04-26T03:15:40.049707,Terwegen,03:30,8,8,100.0,"booked: Padelbaan 1 (Panorama court),Padelbaan 2,Padelbaan 3,Padelbaan 4,Padelbaan 5,Padelbaan 6,Padelbaan 7,Padelbaan 8"
2026-04-26T03:15:40.049707,Vinkenveld,03:30,4,4,100.0,"booked: Padelbaan 1 / PURE Tennis & Padel,Padelbaan 2,Padelbaan 3,Padelbaan 4"
2026-04-26T03:45:38.321701,Terwegen,04:00,8,8,100.0,"booked: Padelbaan 1 (Panorama court),Padelbaan 2,Padelbaan 3,Padelbaan 4,Padelbaan 5,Padelbaan 6,Padelbaan 7,Padelbaan 8"
2026-04-26T03:45:38.321701,Vinkenveld,04:00,4,4,100.0,"booked: Padelbaan 1 / PURE Tennis & Padel,Padelbaan 2,Padelbaan 3,Padelbaan 4"
2026-04-26T04:15:44.350659,Terwegen,04:30,8,8,100.0,"booked: Padelbaan 1 (Panorama court),Padelbaan 2,Padelbaan 3,Padelbaan 4,Padelbaan 5,Padelbaan 6,Padelbaan 7,Padelbaan 8"
2026-04-26T04:15:44.350659,Vinkenveld,04:30,4,4,100.0,"booked: Padelbaan 1 / PURE Tennis & Padel,Padelbaan 2,Padelbaan 3,Padelbaan 4"
2026-04-26T04:45:38.800999,Terwegen,05:00,8,8,100.0,"booked: Padelbaan 1 (Panorama court),Padelbaan 2,Padelbaan 3,Padelbaan 4,Padelbaan 5,Padelbaan 6,Padelbaan 7,Padelbaan 8"
2026-04-26T04:45:38.800999,Vinkenveld,05:00,4,4,100.0,"booked: Padelbaan 1 / PURE Tennis & Padel,Padelbaan 2,Padelbaan 3,Padelbaan 4"
2026-04-26T05:15:34.822029,Terwegen,05:30,8,8,100.0,"booked: Padelbaan 1 (Panorama court),Padelbaan 2,Padelbaan 3,Padelbaan 4,Padelbaan 5,Padelbaan 6,Padelbaan 7,Padelbaan 8"
2026-04-26T05:15:34.822029,Vinkenveld,05:30,4,4,100.0,"booked: Padelbaan 1 / PURE Tennis & Padel,Padelbaan 2,Padelbaan 3,Padelbaan 4"
2026-04-26T05:45:41.446719,Terwegen,06:00,8,8,100.0,"booked: Padelbaan 1 (Panorama court),Padelbaan 2,Padelbaan 3,Padelbaan 4,Padelbaan 5,Padelbaan 6,Padelbaan 7,Padelbaan 8"
2026-04-26T05:45:41.446719,Vinkenveld,06:00,4,4,100.0,"booked: Padelbaan 1 / PURE Tennis & Padel,Padelbaan 2,Padelbaan 3,Padelbaan 4"
2026-04-26T06:15:38.084758,Terwegen,06:30,8,8,100.0,"booked: Padelbaan 1 (Panorama court),Padelbaan 2,Padelbaan 3,Padelbaan 4,Padelbaan 5,Padelbaan 6,Padelbaan 7,Padelbaan 8"
2026-04-26T06:15:38.084758,Vinkenveld,06:30,4,4,100.0,"booked: Padelbaan 1 / PURE Tennis & Padel,Padelbaan 2,Padelbaan 3,Padelbaan 4"
2026-04-26T06:45:40.725565,Terwegen,07:00,8,8,100.0,"booked: Padelbaan 1 (Panorama court),Padelbaan 2,Padelbaan 3,Padelbaan 4,Padelbaan 5,Padelbaan 6,Padelbaan 7,Padelbaan 8"
2026-04-26T06:45:40.725565,Vinkenveld,07:00,4,4,100.0,"booked: Padelbaan 1 / PURE Tennis & Padel,Padelbaan 2,Padelbaan 3,Padelbaan 4"
2026-04-26T07:15:36.209876,Terwegen,07:30,8,8,100.0,"booked: Padelbaan 1 (Panorama court),Padelbaan 2,Padelbaan 3,Padelbaan 4,Padelbaan 5,Padelbaan 6,Padelbaan 7,Padelbaan 8"
2026-04-26T07:15:36.209876,Vinkenveld,07:30,4,4,100.0,"booked: Padelbaan 1 / PURE Tennis & Padel,Padelbaan 2,Padelbaan 3,Padelbaan 4"
2026-04-26T07:45:38.503496,Terwegen,08:00,8,4,50.0,"booked: Padelbaan 1 (Panorama court),Padelbaan 2,Padelbaan 3,Padelbaan 7; available: Padelbaan 4,Padelbaan 5,Padelbaan 6,Padelbaan 8"
2026-04-26T07:45:38.503496,Vinkenveld,08:00,4,1,25.0,"booked: Padelbaan 3; available: Padelbaan 1 / PURE Tennis & Padel,Padelbaan 2,Padelbaan 4"
2026-04-26T08:15:45.290885,Terwegen,08:30,8,7,87.5,"booked: Padelbaan 1 (Panorama court),Padelbaan 2,Padelbaan 3,Padelbaan 4,Padelbaan 5,Padelbaan 6,Padelbaan 8; available: Padelbaan 7"
2026-04-26T08:15:45.290885,Vinkenveld,08:30,4,3,75.0,"booked: Padelbaan 1 / PURE Tennis & Padel,Padelbaan 2,Padelbaan 3; available: Padelbaan 4"
2026-04-26T08:45:38.790735,Terwegen,09:00,8,6,75.0,"booked: Padelbaan 1 (Panorama court),Padelbaan 2,Padelbaan 3,Padelbaan 6,Padelbaan 7,Padelbaan 8; available: Padelbaan 4,Padelbaan 5"
2026-04-26T08:45:38.790735,Vinkenveld,09:00,4,3,75.0,"booked: Padelbaan 1 / PURE Tennis & Padel,Padelbaan 2,Padelbaan 3; available: Padelbaan 4"
2026-04-26T09:15:39.018179,Terwegen,09:30,8,7,87.5,"booked: Padelbaan 2,Padelbaan 3,Padelbaan 4,Padelbaan 5,Padelbaan 6,Padelbaan 7,Padelbaan 8; available: Padelbaan 1 (Panorama court)"
2026-04-26T09:15:39.018179,Vinkenveld,09:30,4,4,100.0,"booked: Padelbaan 1 / PURE Tennis & Padel,Padelbaan 2,Padelbaan 3,Padelbaan 4"
2026-04-26T09:45:39.496984,Terwegen,10:00,8,8,100.0,"booked: Padelbaan 1 (Panorama court),Padelbaan 2,Padelbaan 3,Padelbaan 4,Padelbaan 5,Padelbaan 6,Padelbaan 7,Padelbaan 8"
2026-04-26T09:45:39.496984,Vinkenveld,10:00,4,3,75.0,"booked: Padelbaan 1 / PURE Tennis & Padel,Padelbaan 2,Padelbaan 4; available: Padelbaan 3"
2026-04-26T10:15:41.887826,Terwegen,10:30,8,8,100.0,"booked: Padelbaan 1 (Panorama court),Padelbaan 2,Padelbaan 3,Padelbaan 4,Padelbaan 5,Padelbaan 6,Padelbaan 7,Padelbaan 8"
2026-04-26T10:15:41.887826,Vinkenveld,10:30,4,4,100.0,"booked: Padelbaan 1 / PURE Tennis & Padel,Padelbaan 2,Padelbaan 3,Padelbaan 4"
2026-04-26T10:45:40.296778,Terwegen,11:00,8,8,100.0,"booked: Padelbaan 1 (Panorama court),Padelbaan 2,Padelbaan 3,Padelbaan 4,Padelbaan 5,Padelbaan 6,Padelbaan 7,Padelbaan 8"
2026-04-26T10:45:40.296778,Vinkenveld,11:00,4,4,100.0,"booked: Padelbaan 1 / PURE Tennis & Padel,Padelbaan 2,Padelbaan 3,Padelbaan 4"
2026-04-26T11:15:39.274033,Terwegen,11:30,8,6,75.0,"booked: Padelbaan 1 (Panorama court),Padelbaan 2,Padelbaan 3,Padelbaan 4,Padelbaan 7,Padelbaan 8; available: Padelbaan 5,Padelbaan 6"
2026-04-26T11:15:39.274033,Vinkenveld,11:30,4,3,75.0,"booked: Padelbaan 1 / PURE Tennis & Padel,Padelbaan 3,Padelbaan 4; available: Padelbaan 2"
2026-04-26T11:45:40.949893,Terwegen,12:00,8,6,75.0,"booked: Padelbaan 3,Padelbaan 4,Padelbaan 5,Padelbaan 6,Padelbaan 7,Padelbaan 8; available: Padelbaan 1 (Panorama court),Padelbaan 2"
2026-04-26T11:45:40.949893,Vinkenveld,12:00,4,3,75.0,"booked: Padelbaan 1 / PURE Tennis & Padel,Padelbaan 3,Padelbaan 4; available: Padelbaan 2"
2026-04-26T12:15:39.605786,Terwegen,12:30,8,7,87.5,"booked: Padelbaan 1 (Panorama court),Padelbaan 2,Padelbaan 3,Padelbaan 4,Padelbaan 6,Padelbaan 7,Padelbaan 8; available: Padelbaan 5"
2026-04-26T12:15:39.605786,Vinkenveld,12:30,4,3,75.0,"booked: Padelbaan 1 / PURE Tennis & Padel,Padelbaan 3,Padelbaan 4; available: Padelbaan 2"
2026-04-26T12:45:38.151936,Terwegen,13:00,8,3,37.5,"booked: Padelbaan 2,Padelbaan 7,Padelbaan 8; available: Padelbaan 1 (Panorama court),Padelbaan 3,Padelbaan 4,Padelbaan 5,Padelbaan 6"
2026-04-26T12:45:38.151936,Vinkenveld,13:00,4,1,25.0,"booked: Padelbaan 3; available: Padelbaan 1 / PURE Tennis & Padel,Padelbaan 2,Padelbaan 4"
2026-04-26T13:15:35.325938,Terwegen,13:30,8,5,62.5,"booked: Padelbaan 3,Padelbaan 4,Padelbaan 6,Padelbaan 7,Padelbaan 8; available: Padelbaan 1 (Panorama court),Padelbaan 2,Padelbaan 5"
2026-04-26T13:15:35.325938,Vinkenveld,13:30,4,2,50.0,"booked: Padelbaan 1 / PURE Tennis & Padel,Padelbaan 3; available: Padelbaan 2,Padelbaan 4"
2026-04-26T13:45:39.154175,Terwegen,14:00,8,5,62.5,"booked: Padelbaan 2,Padelbaan 3,Padelbaan 6,Padelbaan 7,Padelbaan 8; available: Padelbaan 1 (Panorama court),Padelbaan 4,Padelbaan 5"
2026-04-26T13:45:39.154175,Vinkenveld,14:00,4,1,25.0,"booked: Padelbaan 1 / PURE Tennis & Padel; available: Padelbaan 2,Padelbaan 3,Padelbaan 4"
2026-04-26T14:15:35.315857,Terwegen,14:30,8,5,62.5,"booked: Padelbaan 2,Padelbaan 3,Padelbaan 5,Padelbaan 6,Padelbaan 7; available: Padelbaan 1 (Panorama court),Padelbaan 4,Padelbaan 8"
2026-04-26T14:15:35.315857,Vinkenveld,14:30,4,2,50.0,"booked: Padelbaan 1 / PURE Tennis & Padel,Padelbaan 2; available: Padelbaan 3,Padelbaan 4"
2026-04-26T14:45:34.721680,Terwegen,15:00,8,5,62.5,"booked: Padelbaan 2,Padelbaan 3,Padelbaan 6,Padelbaan 7,Padelbaan 8; available: Padelbaan 1 (Panorama court),Padelbaan 4,Padelbaan 5"
2026-04-26T14:45:34.721680,Vinkenveld,15:00,4,2,50.0,"booked: Padelbaan 1 / PURE Tennis & Padel,Padelbaan 2; available: Padelbaan 3,Padelbaan 4"
2026-04-26T15:16:00.890969,Terwegen,15:30,8,3,37.5,"booked: Padelbaan 3,Padelbaan 5,Padelbaan 6; available: Padelbaan 1 (Panorama court),Padelbaan 2,Padelbaan 4,Padelbaan 7,Padelbaan 8"
2026-04-26T15:16:00.890969,Vinkenveld,15:30,4,2,50.0,"booked: Padelbaan 1 / PURE Tennis & Padel,Padelbaan 2; available: Padelbaan 3,Padelbaan 4"
2026-04-26T15:45:39.700198,Terwegen,16:00,8,5,62.5,"booked: Padelbaan 2,Padelbaan 3,Padelbaan 5,Padelbaan 6,Padelbaan 7; available: Padelbaan 1 (Panorama court),Padelbaan 4,Padelbaan 8"
2026-04-26T15:45:39.700198,Vinkenveld,16:00,4,1,25.0,"booked: Padelbaan 1 / PURE Tennis & Padel; available: Padelbaan 2,Padelbaan 3,Padelbaan 4"
2026-04-26T16:15:36.344691,Terwegen,16:30,8,3,37.5,"booked: Padelbaan 3,Padelbaan 5,Padelbaan 6; available: Padelbaan 1 (Panorama court),Padelbaan 2,Padelbaan 4,Padelbaan 7,Padelbaan 8"
2026-04-26T16:15:36.344691,Vinkenveld,16:30,4,1,25.0,"booked: Padelbaan 1 / PURE Tennis & Padel; available: Padelbaan 2,Padelbaan 3,Padelbaan 4"
2026-04-26T16:45:35.237828,Terwegen,17:00,8,0,0.0,"available: Padelbaan 1 (Panorama court),Padelbaan 2,Padelbaan 3,Padelbaan 4,Padelbaan 5,Padelbaan 6,Padelbaan 7,Padelbaan 8"
2026-04-26T16:45:35.237828,Vinkenveld,17:00,4,0,0.0,"available: Padelbaan 1 / PURE Tennis & Padel,Padelbaan 2,Padelbaan 3,Padelbaan 4"
2026-04-26T17:15:36.997269,Terwegen,17:30,8,8,100.0,"booked: Padelbaan 1 (Panorama court),Padelbaan 2,Padelbaan 3,Padelbaan 4,Padelbaan 5,Padelbaan 6,Padelbaan 7,Padelbaan 8"
2026-04-26T17:15:36.997269,Vinkenveld,17:30,4,0,0.0,"available: Padelbaan 1 / PURE Tennis & Padel,Padelbaan 2,Padelbaan 3,Padelbaan 4"
2026-04-26T17:45:39.254203,Terwegen,18:00,8,0,0.0,"available: Padelbaan 1 (Panorama court),Padelbaan 2,Padelbaan 3,Padelbaan 4,Padelbaan 5,Padelbaan 6,Padelbaan 7,Padelbaan 8"
2026-04-26T17:45:39.254203,Vinkenveld,18:00,4,0,0.0,"available: Padelbaan 1 / PURE Tennis & Padel,Padelbaan 2,Padelbaan 3,Padelbaan 4"
2026-04-26T18:15:37.258472,Vinkenveld,18:30,4,0,0.0,"available: Padelbaan 1 / PURE Tennis & Padel,Padelbaan 2,Padelbaan 3,Padelbaan 4"
2026-04-26T18:45:34.645506,Vinkenveld,19:00,4,1,25.0,"booked: Padelbaan 3; available: Padelbaan 1 / PURE Tennis & Padel,Padelbaan 2,Padelbaan 4"
2026-04-26T19:15:40.258561,Vinkenveld,19:30,4,1,25.0,"booked: Padelbaan 3; available: Padelbaan 1 / PURE Tennis & Padel,Padelbaan 2,Padelbaan 4"
2026-04-26T19:45:36.240038,Vinkenveld,20:00,4,1,25.0,"booked: Padelbaan 3; available: Padelbaan 1 / PURE Tennis & Padel,Padelbaan 2,Padelbaan 4"
2026-04-26T20:15:36.274554,Vinkenveld,20:30,4,1,25.0,"booked: Padelbaan 3; available: Padelbaan 1 / PURE Tennis & Padel,Padelbaan 2,Padelbaan 4"
2026-04-26T20:45:55.986845,Vinkenveld,21:00,4,0,0.0,"available: Padelbaan 1 / PURE Tennis & Padel,Padelbaan 2,Padelbaan 3,Padelbaan 4"
2026-04-26T21:15:37.633427,Vinkenveld,21:30,4,0,0.0,"available: Padelbaan 1 / PURE Tennis & Padel,Padelbaan 2,Padelbaan 3,Padelbaan 4"
2026-04-26T21:45:39.643513,Vinkenveld,22:00,4,0,0.0,"available: Padelbaan 1 / PURE Tennis & Padel,Padelbaan 2,Padelbaan 3,Padelbaan 4"
2026-04-26T23:45:43.459453,Terwegen,00:00,8,8,100.0,"booked: Padelbaan 1 (Panorama court),Padelbaan 2,Padelbaan 3,Padelbaan 4,Padelbaan 5,Padelbaan 6,Padelbaan 7,Padelbaan 8"
2026-04-26T23:45:43.459453,Vinkenveld,00:00,4,4,100.0,"booked: Padelbaan 1 / PURE Tennis & Padel,Padelbaan 2,Padelbaan 3,Padelbaan 4"
2026-04-27T00:15:40.504979,Terwegen,00:30,8,8,100.0,"booked: Padelbaan 1 (Panorama court),Padelbaan 2,Padelbaan 3,Padelbaan 4,Padelbaan 5,Padelbaan 6,Padelbaan 7,Padelbaan 8"
2026-04-27T00:15:40.504979,Vinkenveld,00:30,4,4,100.0,"booked: Padelbaan 1 / PURE Tennis & Padel,Padelbaan 2,Padelbaan 3,Padelbaan 4"
2026-04-27T00:45:40.298229,Terwegen,01:00,8,8,100.0,"booked: Padelbaan 1 (Panorama court),Padelbaan 2,Padelbaan 3,Padelbaan 4,Padelbaan 5,Padelbaan 6,Padelbaan 7,Padelbaan 8"
2026-04-27T00:45:40.298229,Vinkenveld,01:00,4,4,100.0,"booked: Padelbaan 1 / PURE Tennis & Padel,Padelbaan 2,Padelbaan 3,Padelbaan 4"
2026-04-27T01:15:44.573431,Terwegen,01:30,8,8,100.0,"booked: Padelbaan 1 (Panorama court),Padelbaan 2,Padelbaan 3,Padelbaan 4,Padelbaan 5,Padelbaan 6,Padelbaan 7,Padelbaan 8"
2026-04-27T01:15:44.573431,Vinkenveld,01:30,4,4,100.0,"booked: Padelbaan 1 / PURE Tennis & Padel,Padelbaan 2,Padelbaan 3,Padelbaan 4"
2026-04-27T01:45:38.675446,Terwegen,02:00,8,8,100.0,"booked: Padelbaan 1 (Panorama court),Padelbaan 2,Padelbaan 3,Padelbaan 4,Padelbaan 5,Padelbaan 6,Padelbaan 7,Padelbaan 8"
2026-04-27T01:45:38.675446,Vinkenveld,02:00,4,4,100.0,"booked: Padelbaan 1 / PURE Tennis & Padel,Padelbaan 2,Padelbaan 3,Padelbaan 4"
2026-04-27T02:15:38.792173,Terwegen,02:30,8,8,100.0,"booked: Padelbaan 1 (Panorama court),Padelbaan 2,Padelbaan 3,Padelbaan 4,Padelbaan 5,Padelbaan 6,Padelbaan 7,Padelbaan 8"
2026-04-27T02:15:38.792173,Vinkenveld,02:30,4,4,100.0,"booked: Padelbaan 1 / PURE Tennis & Padel,Padelbaan 2,Padelbaan 3,Padelbaan 4"
2026-04-27T02:45:37.436896,Terwegen,03:00,8,8,100.0,"booked: Padelbaan 1 (Panorama court),Padelbaan 2,Padelbaan 3,Padelbaan 4,Padelbaan 5,Padelbaan 6,Padelbaan 7,Padelbaan 8"
2026-04-27T02:45:37.436896,Vinkenveld,03:00,4,4,100.0,"booked: Padelbaan 1 / PURE Tennis & Padel,Padelbaan 2,Padelbaan 3,Padelbaan 4"
2026-04-27T03:15:35.740752,Terwegen,03:30,8,8,100.0,"booked: Padelbaan 1 (Panorama court),Padelbaan 2,Padelbaan 3,Padelbaan 4,Padelbaan 5,Padelbaan 6,Padelbaan 7,Padelbaan 8"
2026-04-27T03:15:35.740752,Vinkenveld,03:30,4,4,100.0,"booked: Padelbaan 1 / PURE Tennis & Padel,Padelbaan 2,Padelbaan 3,Padelbaan 4"
2026-04-27T03:45:37.124656,Terwegen,04:00,8,8,100.0,"booked: Padelbaan 1 (Panorama court),Padelbaan 2,Padelbaan 3,Padelbaan 4,Padelbaan 5,Padelbaan 6,Padelbaan 7,Padelbaan 8"
2026-04-27T03:45:37.124656,Vinkenveld,04:00,4,4,100.0,"booked: Padelbaan 1 / PURE Tennis & Padel,Padelbaan 2,Padelbaan 3,Padelbaan 4"
2026-04-27T04:15:35.071356,Terwegen,04:30,8,8,100.0,"booked: Padelbaan 1 (Panorama court),Padelbaan 2,Padelbaan 3,Padelbaan 4,Padelbaan 5,Padelbaan 6,Padelbaan 7,Padelbaan 8"
2026-04-27T04:15:35.071356,Vinkenveld,04:30,4,4,100.0,"booked: Padelbaan 1 / PURE Tennis & Padel,Padelbaan 2,Padelbaan 3,Padelbaan 4"
2026-04-27T04:45:40.865784,Terwegen,05:00,8,8,100.0,"booked: Padelbaan 1 (Panorama court),Padelbaan 2,Padelbaan 3,Padelbaan 4,Padelbaan 5,Padelbaan 6,Padelbaan 7,Padelbaan 8"
2026-04-27T04:45:40.865784,Vinkenveld,05:00,4,4,100.0,"booked: Padelbaan 1 / PURE Tennis & Padel,Padelbaan 2,Padelbaan 3,Padelbaan 4"
2026-04-27T05:15:41.209353,Terwegen,05:30,8,8,100.0,"booked: Padelbaan 1 (Panorama court),Padelbaan 2,Padelbaan 3,Padelbaan 4,Padelbaan 5,Padelbaan 6,Padelbaan 7,Padelbaan 8"
2026-04-27T05:15:41.209353,Vinkenveld,05:30,4,4,100.0,"booked: Padelbaan 1 / PURE Tennis & Padel,Padelbaan 2,Padelbaan 3,Padelbaan 4"
2026-04-27T05:45:46.084698,Terwegen,06:00,8,8,100.0,"booked: Padelbaan 1 (Panorama court),Padelbaan 2,Padelbaan 3,Padelbaan 4,Padelbaan 5,Padelbaan 6,Padelbaan 7,Padelbaan 8"
2026-04-27T05:45:46.084698,Vinkenveld,06:00,4,4,100.0,"booked: Padelbaan 1 / PURE Tennis & Padel,Padelbaan 2,Padelbaan 3,Padelbaan 4"
2026-04-27T06:15:38.361075,Terwegen,06:30,8,8,100.0,"booked: Padelbaan 1 (Panorama court),Padelbaan 2,Padelbaan 3,Padelbaan 4,Padelbaan 5,Padelbaan 6,Padelbaan 7,Padelbaan 8"
2026-04-27T06:15:38.361075,Vinkenveld,06:30,4,4,100.0,"booked: Padelbaan 1 / PURE Tennis & Padel,Padelbaan 2,Padelbaan 3,Padelbaan 4"
2026-04-27T06:45:39.976274,Terwegen,07:00,8,8,100.0,"booked: Padelbaan 1 (Panorama court),Padelbaan 2,Padelbaan 3,Padelbaan 4,Padelbaan 5,Padelbaan 6,Padelbaan 7,Padelbaan 8"
2026-04-27T06:45:39.976274,Vinkenveld,07:00,4,4,100.0,"booked: Padelbaan 1 / PURE Tennis & Padel,Padelbaan 2,Padelbaan 3,Padelbaan 4"
2026-04-27T07:15:40.815762,Terwegen,07:30,8,8,100.0,"booked: Padelbaan 1 (Panorama court),Padelbaan 2,Padelbaan 3,Padelbaan 4,Padelbaan 5,Padelbaan 6,Padelbaan 7,Padelbaan 8"
2026-04-27T07:15:40.815762,Vinkenveld,07:30,4,4,100.0,"booked: Padelbaan 1 / PURE Tennis & Padel,Padelbaan 2,Padelbaan 3,Padelbaan 4"
2026-04-27T07:45:41.741097,Terwegen,08:00,8,1,12.5,"booked: Padelbaan 1 (Panorama court); available: Padelbaan 2,Padelbaan 3,Padelbaan 4,Padelbaan 5,Padelbaan 6,Padelbaan 7,Padelbaan 8"
2026-04-27T07:45:41.741097,Vinkenveld,08:00,4,0,0.0,"available: Padelbaan 1 / PURE Tennis & Padel,Padelbaan 2,Padelbaan 3,Padelbaan 4"
2026-04-27T08:15:38.362208,Terwegen,08:30,8,4,50.0,"booked: Padelbaan 1 (Panorama court),Padelbaan 3,Padelbaan 4,Padelbaan 8; available: Padelbaan 2,Padelbaan 5,Padelbaan 6,Padelbaan 7"
2026-04-27T08:15:38.362208,Vinkenveld,08:30,4,0,0.0,"available: Padelbaan 1 / PURE Tennis & Padel,Padelbaan 2,Padelbaan 3,Padelbaan 4"
2026-04-27T08:45:57.623469,Terwegen,09:00,8,4,50.0,"booked: Padelbaan 1 (Panorama court),Padelbaan 3,Padelbaan 4,Padelbaan 8; available: Padelbaan 2,Padelbaan 5,Padelbaan 6,Padelbaan 7"
2026-04-27T08:45:57.623469,Vinkenveld,09:00,4,2,50.0,"booked: Padelbaan 2,Padelbaan 4; available: Padelbaan 1 / PURE Tennis & Padel,Padelbaan 3"
2026-04-27T09:15:46.167945,Terwegen,09:30,8,4,50.0,"booked: Padelbaan 1 (Panorama court),Padelbaan 3,Padelbaan 4,Padelbaan 8; available: Padelbaan 2,Padelbaan 5,Padelbaan 6,Padelbaan 7"
2026-04-27T09:15:46.167945,Vinkenveld,09:30,4,4,100.0,"booked: Padelbaan 1 / PURE Tennis & Padel,Padelbaan 2,Padelbaan 3,Padelbaan 4"
2026-04-27T09:45:39.621475,Terwegen,10:00,8,2,25.0,"booked: Padelbaan 3,Padelbaan 4; available: Padelbaan 1 (Panorama court),Padelbaan 2,Padelbaan 5,Padelbaan 6,Padelbaan 7,Padelbaan 8"
2026-04-27T09:45:39.621475,Vinkenveld,10:00,4,4,100.0,"booked: Padelbaan 1 / PURE Tennis & Padel,Padelbaan 2,Padelbaan 3,Padelbaan 4"
2026-04-27T10:15:44.354607,Terwegen,10:30,8,8,100.0,"booked: Padelbaan 1 (Panorama court),Padelbaan 2,Padelbaan 3,Padelbaan 4,Padelbaan 5,Padelbaan 6,Padelbaan 7,Padelbaan 8"
2026-04-27T10:15:44.354607,Vinkenveld,10:30,4,3,75.0,"booked: Padelbaan 1 / PURE Tennis & Padel,Padelbaan 3,Padelbaan 4; available: Padelbaan 2"
2026-04-27T10:45:44.210127,Terwegen,11:00,8,3,37.5,"booked: Padelbaan 3,Padelbaan 4,Padelbaan 8; available: Padelbaan 1 (Panorama court),Padelbaan 2,Padelbaan 5,Padelbaan 6,Padelbaan 7"
2026-04-27T10:45:44.210127,Vinkenveld,11:00,4,1,25.0,"booked: Padelbaan 3; available: Padelbaan 1 / PURE Tennis & Padel,Padelbaan 2,Padelbaan 4"
2026-04-27T11:15:46.650880,Terwegen,11:30,8,8,100.0,"booked: Padelbaan 1 (Panorama court),Padelbaan 2,Padelbaan 3,Padelbaan 4,Padelbaan 5,Padelbaan 6,Padelbaan 7,Padelbaan 8"
2026-04-27T11:15:46.650880,Vinkenveld,11:30,4,0,0.0,"available: Padelbaan 1 / PURE Tennis & Padel,Padelbaan 2,Padelbaan 3,Padelbaan 4"
2026-04-27T11:45:41.813422,Terwegen,12:00,8,8,100.0,"booked: Padelbaan 1 (Panorama court),Padelbaan 2,Padelbaan 3,Padelbaan 4,Padelbaan 5,Padelbaan 6,Padelbaan 7,Padelbaan 8"
2026-04-27T11:45:41.813422,Vinkenveld,12:00,4,0,0.0,"available: Padelbaan 1 / PURE Tennis & Padel,Padelbaan 2,Padelbaan 3,Padelbaan 4"
2026-04-27T12:15:45.028622,Terwegen,12:30,8,8,100.0,"booked: Padelbaan 1 (Panorama court),Padelbaan 2,Padelbaan 3,Padelbaan 4,Padelbaan 5,Padelbaan 6,Padelbaan 7,Padelbaan 8"
2026-04-27T12:15:45.028622,Vinkenveld,12:30,4,0,0.0,"available: Padelbaan 1 / PURE Tennis & Padel,Padelbaan 2,Padelbaan 3,Padelbaan 4"
2026-04-27T12:45:38.768446,Terwegen,13:00,8,8,100.0,"booked: Padelbaan 1 (Panorama court),Padelbaan 2,Padelbaan 3,Padelbaan 4,Padelbaan 5,Padelbaan 6,Padelbaan 7,Padelbaan 8"
2026-04-27T12:45:38.768446,Vinkenveld,13:00,4,0,0.0,"available: Padelbaan 1 / PURE Tennis & Padel,Padelbaan 2,Padelbaan 3,Padelbaan 4"
2026-04-27T13:15:41.123989,Terwegen,13:30,8,8,100.0,"booked: Padelbaan 1 (Panorama court),Padelbaan 2,Padelbaan 3,Padelbaan 4,Padelbaan 5,Padelbaan 6,Padelbaan 7,Padelbaan 8"
2026-04-27T13:15:41.123989,Vinkenveld,13:30,4,1,25.0,"booked: Padelbaan 3; available: Padelbaan 1 / PURE Tennis & Padel,Padelbaan 2,Padelbaan 4"
2026-04-27T13:45:41.036600,Terwegen,14:00,8,0,0.0,"available: Padelbaan 1 (Panorama court),Padelbaan 2,Padelbaan 3,Padelbaan 4,Padelbaan 5,Padelbaan 6,Padelbaan 7,Padelbaan 8"
2026-04-27T13:45:41.036600,Vinkenveld,14:00,4,1,25.0,"booked: Padelbaan 3; available: Padelbaan 1 / PURE Tennis & Padel,Padelbaan 2,Padelbaan 4"
2026-04-27T14:15:39.889153,Terwegen,14:30,8,8,100.0,"booked: Padelbaan 1 (Panorama court),Padelbaan 2,Padelbaan 3,Padelbaan 4,Padelbaan 5,Padelbaan 6,Padelbaan 7,Padelbaan 8"
2026-04-27T14:15:39.889153,Vinkenveld,14:30,4,1,25.0,"booked: Padelbaan 3; available: Padelbaan 1 / PURE Tennis & Padel,Padelbaan 2,Padelbaan 4"
2026-04-27T14:45:45.682374,Terwegen,15:00,8,8,100.0,"booked: Padelbaan 1 (Panorama court),Padelbaan 2,Padelbaan 3,Padelbaan 4,Padelbaan 5,Padelbaan 6,Padelbaan 7,Padelbaan 8"
2026-04-27T14:45:45.682374,Vinkenveld,15:00,4,1,25.0,"booked: Padelbaan 3; available: Padelbaan 1 / PURE Tennis & Padel,Padelbaan 2,Padelbaan 4"
2026-04-27T15:15:40.763166,Terwegen,15:30,8,8,100.0,"booked: Padelbaan 1 (Panorama court),Padelbaan 2,Padelbaan 3,Padelbaan 4,Padelbaan 5,Padelbaan 6,Padelbaan 7,Padelbaan 8"
2026-04-27T15:15:40.763166,Vinkenveld,15:30,4,0,0.0,"available: Padelbaan 1 / PURE Tennis & Padel,Padelbaan 2,Padelbaan 3,Padelbaan 4"
2026-04-27T15:45:39.267870,Terwegen,16:00,8,8,100.0,"booked: Padelbaan 1 (Panorama court),Padelbaan 2,Padelbaan 3,Padelbaan 4,Padelbaan 5,Padelbaan 6,Padelbaan 7,Padelbaan 8"
2026-04-27T15:45:39.267870,Vinkenveld,16:00,4,0,0.0,"available: Padelbaan 1 / PURE Tennis & Padel,Padelbaan 2,Padelbaan 3,Padelbaan 4"
2026-04-27T16:15:47.653006,Terwegen,16:30,8,8,100.0,"booked: Padelbaan 1 (Panorama court),Padelbaan 2,Padelbaan 3,Padelbaan 4,Padelbaan 5,Padelbaan 6,Padelbaan 7,Padelbaan 8"
2026-04-27T16:15:47.653006,Vinkenveld,16:30,4,0,0.0,"available: Padelbaan 1 / PURE Tennis & Padel,Padelbaan 2,Padelbaan 3,Padelbaan 4"
2026-04-27T16:45:42.549871,Terwegen,17:00,8,8,100.0,"booked: Padelbaan 1 (Panorama court),Padelbaan 2,Padelbaan 3,Padelbaan 4,Padelbaan 5,Padelbaan 6,Padelbaan 7,Padelbaan 8"
2026-04-27T16:45:42.549871,Vinkenveld,17:00,4,0,0.0,"available: Padelbaan 1 / PURE Tennis & Padel,Padelbaan 2,Padelbaan 3,Padelbaan 4"
2026-04-27T17:15:49.185310,Terwegen,17:30,8,8,100.0,"booked: Padelbaan 1 (Panorama court),Padelbaan 2,Padelbaan 3,Padelbaan 4,Padelbaan 5,Padelbaan 6,Padelbaan 7,Padelbaan 8"
2026-04-27T17:15:49.185310,Vinkenveld,17:30,4,0,0.0,"available: Padelbaan 1 / PURE Tennis & Padel,Padelbaan 2,Padelbaan 3,Padelbaan 4"
2026-04-27T17:45:43.239048,Terwegen,18:00,8,8,100.0,"booked: Padelbaan 1 (Panorama court),Padelbaan 2,Padelbaan 3,Padelbaan 4,Padelbaan 5,Padelbaan 6,Padelbaan 7,Padelbaan 8"
2026-04-27T17:45:43.239048,Vinkenveld,18:00,4,0,0.0,"available: Padelbaan 1 / PURE Tennis & Padel,Padelbaan 2,Padelbaan 3,Padelbaan 4"
2026-04-27T18:15:39.534605,Terwegen,18:30,8,8,100.0,"booked: Padelbaan 1 (Panorama court),Padelbaan 2,Padelbaan 3,Padelbaan 4,Padelbaan 5,Padelbaan 6,Padelbaan 7,Padelbaan 8"
2026-04-27T18:15:39.534605,Vinkenveld,18:30,4,0,0.0,"available: Padelbaan 1 / PURE Tennis & Padel,Padelbaan 2,Padelbaan 3,Padelbaan 4"
2026-04-27T18:45:39.669609,Terwegen,19:00,8,8,100.0,"booked: Padelbaan 1 (Panorama court),Padelbaan 2,Padelbaan 3,Padelbaan 4,Padelbaan 5,Padelbaan 6,Padelbaan 7,Padelbaan 8"
2026-04-27T18:45:39.669609,Vinkenveld,19:00,4,2,50.0,"booked: Padelbaan 1 / PURE Tennis & Padel,Padelbaan 4; available: Padelbaan 2,Padelbaan 3"
2026-04-27T19:15:36.684903,Terwegen,19:30,8,8,100.0,"booked: Padelbaan 1 (Panorama court),Padelbaan 2,Padelbaan 3,Padelbaan 4,Padelbaan 5,Padelbaan 6,Padelbaan 7,Padelbaan 8"
2026-04-27T19:15:36.684903,Vinkenveld,19:30,4,2,50.0,"booked: Padelbaan 1 / PURE Tennis & Padel,Padelbaan 4; available: Padelbaan 2,Padelbaan 3"
2026-04-27T19:45:49.219936,Terwegen,20:00,8,8,100.0,"booked: Padelbaan 1 (Panorama court),Padelbaan 2,Padelbaan 3,Padelbaan 4,Padelbaan 5,Padelbaan 6,Padelbaan 7,Padelbaan 8"
2026-04-27T19:45:49.219936,Vinkenveld,20:00,4,2,50.0,"booked: Padelbaan 1 / PURE Tennis & Padel,Padelbaan 4; available: Padelbaan 2,Padelbaan 3"
2026-04-27T20:15:38.895638,Terwegen,20:30,8,8,100.0,"booked: Padelbaan 1 (Panorama court),Padelbaan 2,Padelbaan 3,Padelbaan 4,Padelbaan 5,Padelbaan 6,Padelbaan 7,Padelbaan 8"
2026-04-27T20:15:38.895638,Vinkenveld,20:30,4,2,50.0,"booked: Padelbaan 1 / PURE Tennis & Padel,Padelbaan 4; available: Padelbaan 2,Padelbaan 3"
2026-04-27T20:45:36.395217,Terwegen,21:00,8,8,100.0,"booked: Padelbaan 1 (Panorama court),Padelbaan 2,Padelbaan 3,Padelbaan 4,Padelbaan 5,Padelbaan 6,Padelbaan 7,Padelbaan 8"
2026-04-27T20:45:36.395217,Vinkenveld,21:00,4,1,25.0,"booked: Padelbaan 1 / PURE Tennis & Padel; available: Padelbaan 2,Padelbaan 3,Padelbaan 4"
2026-04-27T21:15:38.713624,Terwegen,21:30,8,8,100.0,"booked: Padelbaan 1 (Panorama court),Padelbaan 2,Padelbaan 3,Padelbaan 4,Padelbaan 5,Padelbaan 6,Padelbaan 7,Padelbaan 8"
2026-04-27T21:15:38.713624,Vinkenveld,21:30,4,1,25.0,"booked: Padelbaan 1 / PURE Tennis & Padel; available: Padelbaan 2,Padelbaan 3,Padelbaan 4"
2026-04-27T21:45:40.335071,Terwegen,22:00,8,8,100.0,"booked: Padelbaan 1 (Panorama court),Padelbaan 2,Padelbaan 3,Padelbaan 4,Padelbaan 5,Padelbaan 6,Padelbaan 7,Padelbaan 8"
2026-04-27T21:45:40.335071,Vinkenveld,22:00,4,0,0.0,"available: Padelbaan 1 / PURE Tennis & Padel,Padelbaan 2,Padelbaan 3,Padelbaan 4"
2026-04-27T23:45:41.255616,Terwegen,00:00,8,8,100.0,"booked: Padelbaan 1 (Panorama court),Padelbaan 2,Padelbaan 3,Padelbaan 4,Padelbaan 5,Padelbaan 6,Padelbaan 7,Padelbaan 8"
2026-04-27T23:45:41.255616,Vinkenveld,00:00,4,4,100.0,"booked: Padelbaan 1 / PURE Tennis & Padel,Padelbaan 2,Padelbaan 3,Padelbaan 4"
2026-04-28T00:15:41.461362,Terwegen,00:30,8,8,100.0,"booked: Padelbaan 1 (Panorama court),Padelbaan 2,Padelbaan 3,Padelbaan 4,Padelbaan 5,Padelbaan 6,Padelbaan 7,Padelbaan 8"
2026-04-28T00:15:41.461362,Vinkenveld,00:30,4,4,100.0,"booked: Padelbaan 1 / PURE Tennis & Padel,Padelbaan 2,Padelbaan 3,Padelbaan 4"
2026-04-28T00:45:38.329981,Terwegen,01:00,8,8,100.0,"booked: Padelbaan 1 (Panorama court),Padelbaan 2,Padelbaan 3,Padelbaan 4,Padelbaan 5,Padelbaan 6,Padelbaan 7,Padelbaan 8"
2026-04-28T00:45:38.329981,Vinkenveld,01:00,4,4,100.0,"booked: Padelbaan 1 / PURE Tennis & Padel,Padelbaan 2,Padelbaan 3,Padelbaan 4"
2026-04-28T01:15:46.807058,Terwegen,01:30,8,8,100.0,"booked: Padelbaan 1 (Panorama court),Padelbaan 2,Padelbaan 3,Padelbaan 4,Padelbaan 5,Padelbaan 6,Padelbaan 7,Padelbaan 8"
2026-04-28T01:15:46.807058,Vinkenveld,01:30,4,4,100.0,"booked: Padelbaan 1 / PURE Tennis & Padel,Padelbaan 2,Padelbaan 3,Padelbaan 4"
2026-04-28T01:45:41.355756,Terwegen,02:00,8,8,100.0,"booked: Padelbaan 1 (Panorama court),Padelbaan 2,Padelbaan 3,Padelbaan 4,Padelbaan 5,Padelbaan 6,Padelbaan 7,Padelbaan 8"
2026-04-28T01:45:41.355756,Vinkenveld,02:00,4,4,100.0,"booked: Padelbaan 1 / PURE Tennis & Padel,Padelbaan 2,Padelbaan 3,Padelbaan 4"
2026-04-28T02:15:35.399370,Terwegen,02:30,8,8,100.0,"booked: Padelbaan 1 (Panorama court),Padelbaan 2,Padelbaan 3,Padelbaan 4,Padelbaan 5,Padelbaan 6,Padelbaan 7,Padelbaan 8"
2026-04-28T02:15:35.399370,Vinkenveld,02:30,4,4,100.0,"booked: Padelbaan 1 / PURE Tennis & Padel,Padelbaan 2,Padelbaan 3,Padelbaan 4"
2026-04-28T02:45:43.233959,Terwegen,03:00,8,8,100.0,"booked: Padelbaan 1 (Panorama court),Padelbaan 2,Padelbaan 3,Padelbaan 4,Padelbaan 5,Padelbaan 6,Padelbaan 7,Padelbaan 8"
2026-04-28T02:45:43.233959,Vinkenveld,03:00,4,4,100.0,"booked: Padelbaan 1 / PURE Tennis & Padel,Padelbaan 2,Padelbaan 3,Padelbaan 4"
2026-04-28T03:15:38.772926,Terwegen,03:30,8,8,100.0,"booked: Padelbaan 1 (Panorama court),Padelbaan 2,Padelbaan 3,Padelbaan 4,Padelbaan 5,Padelbaan 6,Padelbaan 7,Padelbaan 8"
2026-04-28T03:15:38.772926,Vinkenveld,03:30,4,4,100.0,"booked: Padelbaan 1 / PURE Tennis & Padel,Padelbaan 2,Padelbaan 3,Padelbaan 4"
2026-04-28T03:46:01.281117,Terwegen,04:00,8,8,100.0,"booked: Padelbaan 1 (Panorama court),Padelbaan 2,Padelbaan 3,Padelbaan 4,Padelbaan 5,Padelbaan 6,Padelbaan 7,Padelbaan 8"
2026-04-28T03:46:01.281117,Vinkenveld,04:00,4,4,100.0,"booked: Padelbaan 1 / PURE Tennis & Padel,Padelbaan 2,Padelbaan 3,Padelbaan 4"
2026-04-28T04:15:41.168330,Terwegen,04:30,8,8,100.0,"booked: Padelbaan 1 (Panorama court),Padelbaan 2,Padelbaan 3,Padelbaan 4,Padelbaan 5,Padelbaan 6,Padelbaan 7,Padelbaan 8"
2026-04-28T04:15:41.168330,Vinkenveld,04:30,4,4,100.0,"booked: Padelbaan 1 / PURE Tennis & Padel,Padelbaan 2,Padelbaan 3,Padelbaan 4"
2026-04-28T04:45:39.074315,Terwegen,05:00,8,8,100.0,"booked: Padelbaan 1 (Panorama court),Padelbaan 2,Padelbaan 3,Padelbaan 4,Padelbaan 5,Padelbaan 6,Padelbaan 7,Padelbaan 8"
2026-04-28T04:45:39.074315,Vinkenveld,05:00,4,4,100.0,"booked: Padelbaan 1 / PURE Tennis & Padel,Padelbaan 2,Padelbaan 3,Padelbaan 4"
2026-04-28T05:15:48.247576,Terwegen,05:30,8,8,100.0,"booked: Padelbaan 1 (Panorama court),Padelbaan 2,Padelbaan 3,Padelbaan 4,Padelbaan 5,Padelbaan 6,Padelbaan 7,Padelbaan 8"
2026-04-28T05:15:48.247576,Vinkenveld,05:30,4,4,100.0,"booked: Padelbaan 1 / PURE Tennis & Padel,Padelbaan 2,Padelbaan 3,Padelbaan 4"
2026-04-28T05:45:46.336616,Terwegen,06:00,8,8,100.0,"booked: Padelbaan 1 (Panorama court),Padelbaan 2,Padelbaan 3,Padelbaan 4,Padelbaan 5,Padelbaan 6,Padelbaan 7,Padelbaan 8"
2026-04-28T05:45:46.336616,Vinkenveld,06:00,4,4,100.0,"booked: Padelbaan 1 / PURE Tennis & Padel,Padelbaan 2,Padelbaan 3,Padelbaan 4"
2026-04-28T06:15:44.744605,Terwegen,06:30,8,8,100.0,"booked: Padelbaan 1 (Panorama court),Padelbaan 2,Padelbaan 3,Padelbaan 4,Padelbaan 5,Padelbaan 6,Padelbaan 7,Padelbaan 8"
2026-04-28T06:15:44.744605,Vinkenveld,06:30,4,4,100.0,"booked: Padelbaan 1 / PURE Tennis & Padel,Padelbaan 2,Padelbaan 3,Padelbaan 4"
2026-04-28T06:45:38.336226,Terwegen,07:00,8,8,100.0,"booked: Padelbaan 1 (Panorama court),Padelbaan 2,Padelbaan 3,Padelbaan 4,Padelbaan 5,Padelbaan 6,Padelbaan 7,Padelbaan 8"
2026-04-28T06:45:38.336226,Vinkenveld,07:00,4,4,100.0,"booked: Padelbaan 1 / PURE Tennis & Padel,Padelbaan 2,Padelbaan 3,Padelbaan 4"
2026-04-28T07:15:42.725787,Terwegen,07:30,8,8,100.0,"booked: Padelbaan 1 (Panorama court),Padelbaan 2,Padelbaan 3,Padelbaan 4,Padelbaan 5,Padelbaan 6,Padelbaan 7,Padelbaan 8"
2026-04-28T07:15:42.725787,Vinkenveld,07:30,4,4,100.0,"booked: Padelbaan 1 / PURE Tennis & Padel,Padelbaan 2,Padelbaan 3,Padelbaan 4"
2026-04-28T07:45:35.433481,Terwegen,08:00,8,1,12.5,"booked: Padelbaan 1 (Panorama court); available: Padelbaan 2,Padelbaan 3,Padelbaan 4,Padelbaan 5,Padelbaan 6,Padelbaan 7,Padelbaan 8"
2026-04-28T07:45:35.433481,Vinkenveld,08:00,4,0,0.0,"available: Padelbaan 1 / PURE Tennis & Padel,Padelbaan 2,Padelbaan 3,Padelbaan 4"
2026-04-28T08:15:41.121845,Terwegen,08:30,8,3,37.5,"booked: Padelbaan 1 (Panorama court),Padelbaan 2,Padelbaan 3; available: Padelbaan 4,Padelbaan 5,Padelbaan 6,Padelbaan 7,Padelbaan 8"
2026-04-28T08:15:41.121845,Vinkenveld,08:30,4,0,0.0,"available: Padelbaan 1 / PURE Tennis & Padel,Padelbaan 2,Padelbaan 3,Padelbaan 4"
2026-04-28T08:45:46.947934,Terwegen,09:00,8,1,12.5,"booked: Padelbaan 1 (Panorama court); available: Padelbaan 2,Padelbaan 3,Padelbaan 4,Padelbaan 5,Padelbaan 6,Padelbaan 7,Padelbaan 8"
2026-04-28T08:45:46.947934,Vinkenveld,09:00,4,1,25.0,"booked: Padelbaan 4; available: Padelbaan 1 / PURE Tennis & Padel,Padelbaan 2,Padelbaan 3"
2026-04-28T09:15:40.464365,Terwegen,09:30,8,3,37.5,"booked: Padelbaan 1 (Panorama court),Padelbaan 2,Padelbaan 3; available: Padelbaan 4,Padelbaan 5,Padelbaan 6,Padelbaan 7,Padelbaan 8"
2026-04-28T09:15:40.464365,Vinkenveld,09:30,4,1,25.0,"booked: Padelbaan 4; available: Padelbaan 1 / PURE Tennis & Padel,Padelbaan 2,Padelbaan 3"
2026-04-28T09:45:34.351023,Terwegen,10:00,8,2,25.0,"booked: Padelbaan 2,Padelbaan 3; available: Padelbaan 1 (Panorama court),Padelbaan 4,Padelbaan 5,Padelbaan 6,Padelbaan 7,Padelbaan 8"
2026-04-28T09:45:34.351023,Vinkenveld,10:00,4,1,25.0,"booked: Padelbaan 4; available: Padelbaan 1 / PURE Tennis & Padel,Padelbaan 2,Padelbaan 3"
2026-04-28T10:15:47.622857,Terwegen,10:30,8,3,37.5,"booked: Padelbaan 1 (Panorama court),Padelbaan 2,Padelbaan 3; available: Padelbaan 4,Padelbaan 5,Padelbaan 6,Padelbaan 7,Padelbaan 8"
2026-04-28T10:15:47.622857,Vinkenveld,10:30,4,0,0.0,"available: Padelbaan 1 / PURE Tennis & Padel,Padelbaan 2,Padelbaan 3,Padelbaan 4"
2026-04-28T10:45:46.681633,Terwegen,11:00,8,2,25.0,"booked: Padelbaan 2,Padelbaan 3; available: Padelbaan 1 (Panorama court),Padelbaan 4,Padelbaan 5,Padelbaan 6,Padelbaan 7,Padelbaan 8"
2026-04-28T10:45:46.681633,Vinkenveld,11:00,4,0,0.0,"available: Padelbaan 1 / PURE Tennis & Padel,Padelbaan 2,Padelbaan 3,Padelbaan 4"
2026-04-28T11:15:45.167621,Terwegen,11:30,8,2,25.0,"booked: Padelbaan 1 (Panorama court),Padelbaan 3; available: Padelbaan 2,Padelbaan 4,Padelbaan 5,Padelbaan 6,Padelbaan 7,Padelbaan 8"
2026-04-28T11:15:45.167621,Vinkenveld,11:30,4,0,0.0,"available: Padelbaan 1 / PURE Tennis & Padel,Padelbaan 2,Padelbaan 3,Padelbaan 4"
2026-04-28T11:45:41.829060,Terwegen,12:00,8,1,12.5,"booked: Padelbaan 2; available: Padelbaan 1 (Panorama court),Padelbaan 3,Padelbaan 4,Padelbaan 5,Padelbaan 6,Padelbaan 7,Padelbaan 8"
2026-04-28T11:45:41.829060,Vinkenveld,12:00,4,0,0.0,"available: Padelbaan 1 / PURE Tennis & Padel,Padelbaan 2,Padelbaan 3,Padelbaan 4"
2026-04-28T12:15:54.246082,Terwegen,12:30,8,2,25.0,"booked: Padelbaan 1 (Panorama court),Padelbaan 3; available: Padelbaan 2,Padelbaan 4,Padelbaan 5,Padelbaan 6,Padelbaan 7,Padelbaan 8"
2026-04-28T12:15:54.246082,Vinkenveld,12:30,4,0,0.0,"available: Padelbaan 1 / PURE Tennis & Padel,Padelbaan 2,Padelbaan 3,Padelbaan 4"
2026-04-28T12:45:39.898871,Terwegen,13:00,8,1,12.5,"booked: Padelbaan 1 (Panorama court); available: Padelbaan 2,Padelbaan 3,Padelbaan 4,Padelbaan 5,Padelbaan 6,Padelbaan 7,Padelbaan 8"
2026-04-28T12:45:39.898871,Vinkenveld,13:00,4,0,0.0,"available: Padelbaan 1 / PURE Tennis & Padel,Padelbaan 2,Padelbaan 3,Padelbaan 4"
2026-04-28T13:15:41.817057,Terwegen,13:30,8,1,12.5,"booked: Padelbaan 1 (Panorama court); available: Padelbaan 2,Padelbaan 3,Padelbaan 4,Padelbaan 5,Padelbaan 6,Padelbaan 7,Padelbaan 8"
2026-04-28T13:15:41.817057,Vinkenveld,13:30,4,0,0.0,"available: Padelbaan 1 / PURE Tennis & Padel,Padelbaan 2,Padelbaan 3,Padelbaan 4"
2026-04-28T13:45:56.887563,Terwegen,14:00,8,0,0.0,"available: Padelbaan 1 (Panorama court),Padelbaan 2,Padelbaan 3,Padelbaan 4,Padelbaan 5,Padelbaan 6,Padelbaan 7,Padelbaan 8"
2026-04-28T13:45:56.887563,Vinkenveld,14:00,4,0,0.0,"available: Padelbaan 1 / PURE Tennis & Padel,Padelbaan 2,Padelbaan 3,Padelbaan 4"
2026-04-28T14:15:37.079912,Terwegen,14:30,8,1,12.5,"booked: Padelbaan 1 (Panorama court); available: Padelbaan 2,Padelbaan 3,Padelbaan 4,Padelbaan 5,Padelbaan 6,Padelbaan 7,Padelbaan 8"
2026-04-28T14:15:37.079912,Vinkenveld,14:30,4,0,0.0,"available: Padelbaan 1 / PURE Tennis & Padel,Padelbaan 2,Padelbaan 3,Padelbaan 4"
2026-04-28T14:45:46.532447,Terwegen,15:00,8,0,0.0,"available: Padelbaan 1 (Panorama court),Padelbaan 2,Padelbaan 3,Padelbaan 4,Padelbaan 5,Padelbaan 6,Padelbaan 7,Padelbaan 8"
2026-04-28T14:45:46.532447,Vinkenveld,15:00,4,0,0.0,"available: Padelbaan 1 / PURE Tennis & Padel,Padelbaan 2,Padelbaan 3,Padelbaan 4"
2026-04-28T15:15:41.367534,Terwegen,15:30,8,0,0.0,"available: Padelbaan 1 (Panorama court),Padelbaan 2,Padelbaan 3,Padelbaan 4,Padelbaan 5,Padelbaan 6,Padelbaan 7,Padelbaan 8"
2026-04-28T15:15:41.367534,Vinkenveld,15:30,4,0,0.0,"available: Padelbaan 1 / PURE Tennis & Padel,Padelbaan 2,Padelbaan 3,Padelbaan 4"
2026-04-28T17:48:41.015723,Terwegen,18:00,8,8,100.0,"booked: Padelbaan 1 (Panorama court),Padelbaan 2,Padelbaan 3,Padelbaan 4,Padelbaan 5,Padelbaan 6,Padelbaan 7,Padelbaan 8"
2026-04-28T17:48:41.015723,Vinkenveld,18:00,4,3,75.0,"booked: Padelbaan 2,Padelbaan 3,Padelbaan 4; available: Padelbaan 1 / PURE Tennis & Padel"
2026-04-28T18:15:40.673405,Terwegen,18:30,8,8,100.0,"booked: Padelbaan 1 (Panorama court),Padelbaan 2,Padelbaan 3,Padelbaan 4,Padelbaan 5,Padelbaan 6,Padelbaan 7,Padelbaan 8"
2026-04-28T18:15:40.673405,Vinkenveld,18:30,4,4,100.0,"booked: Padelbaan 1 / PURE Tennis & Padel,Padelbaan 2,Padelbaan 3,Padelbaan 4"
2026-04-28T18:45:41.377917,Terwegen,19:00,8,8,100.0,"booked: Padelbaan 1 (Panorama court),Padelbaan 2,Padelbaan 3,Padelbaan 4,Padelbaan 5,Padelbaan 6,Padelbaan 7,Padelbaan 8"
2026-04-28T18:45:41.377917,Vinkenveld,19:00,4,4,100.0,"booked: Padelbaan 1 / PURE Tennis & Padel,Padelbaan 2,Padelbaan 3,Padelbaan 4"
2026-04-28T19:15:45.279079,Terwegen,19:30,8,8,100.0,"booked: Padelbaan 1 (Panorama court),Padelbaan 2,Padelbaan 3,Padelbaan 4,Padelbaan 5,Padelbaan 6,Padelbaan 7,Padelbaan 8"
2026-04-28T19:15:45.279079,Vinkenveld,19:30,4,4,100.0,"booked: Padelbaan 1 / PURE Tennis & Padel,Padelbaan 2,Padelbaan 3,Padelbaan 4"
2026-04-28T19:45:39.182448,Terwegen,20:00,8,8,100.0,"booked: Padelbaan 1 (Panorama court),Padelbaan 2,Padelbaan 3,Padelbaan 4,Padelbaan 5,Padelbaan 6,Padelbaan 7,Padelbaan 8"
2026-04-28T19:45:39.182448,Vinkenveld,20:00,4,4,100.0,"booked: Padelbaan 1 / PURE Tennis & Padel,Padelbaan 2,Padelbaan 3,Padelbaan 4"
2026-04-28T20:15:35.646156,Terwegen,20:30,8,8,100.0,"booked: Padelbaan 1 (Panorama court),Padelbaan 2,Padelbaan 3,Padelbaan 4,Padelbaan 5,Padelbaan 6,Padelbaan 7,Padelbaan 8"
2026-04-28T20:15:35.646156,Vinkenveld,20:30,4,4,100.0,"booked: Padelbaan 1 / PURE Tennis & Padel,Padelbaan 2,Padelbaan 3,Padelbaan 4"
2026-04-28T20:46:09.025318,Terwegen,21:00,8,8,100.0,"booked: Padelbaan 1 (Panorama court),Padelbaan 2,Padelbaan 3,Padelbaan 4,Padelbaan 5,Padelbaan 6,Padelbaan 7,Padelbaan 8"
2026-04-28T20:46:09.025318,Vinkenveld,21:00,4,2,50.0,"booked: Padelbaan 3,Padelbaan 4; available: Padelbaan 1 / PURE Tennis & Padel,Padelbaan 2"
2026-04-28T21:15:43.241390,Terwegen,21:30,8,8,100.0,"booked: Padelbaan 1 (Panorama court),Padelbaan 2,Padelbaan 3,Padelbaan 4,Padelbaan 5,Padelbaan 6,Padelbaan 7,Padelbaan 8"
2026-04-28T21:15:43.241390,Vinkenveld,21:30,4,2,50.0,"booked: Padelbaan 3,Padelbaan 4; available: Padelbaan 1 / PURE Tennis & Padel,Padelbaan 2"
2026-04-28T21:46:00.809219,Terwegen,22:00,8,8,100.0,"booked: Padelbaan 1 (Panorama court),Padelbaan 2,Padelbaan 3,Padelbaan 4,Padelbaan 5,Padelbaan 6,Padelbaan 7,Padelbaan 8"
2026-04-28T21:46:00.809219,Vinkenveld,22:00,4,1,25.0,"booked: Padelbaan 4; available: Padelbaan 1 / PURE Tennis & Padel,Padelbaan 2,Padelbaan 3"
2026-04-28T23:45:46.641303,Terwegen,00:00,8,8,100.0,"booked: Padelbaan 1 (Panorama court),Padelbaan 2,Padelbaan 3,Padelbaan 4,Padelbaan 5,Padelbaan 6,Padelbaan 7,Padelbaan 8"
2026-04-28T23:45:46.641303,Vinkenveld,00:00,4,4,100.0,"booked: Padelbaan 1 / PURE Tennis & Padel,Padelbaan 2,Padelbaan 3,Padelbaan 4"
2026-04-29T00:15:44.864956,Terwegen,00:30,8,8,100.0,"booked: Padelbaan 1 (Panorama court),Padelbaan 2,Padelbaan 3,Padelbaan 4,Padelbaan 5,Padelbaan 6,Padelbaan 7,Padelbaan 8"
2026-04-29T00:15:44.864956,Vinkenveld,00:30,4,4,100.0,"booked: Padelbaan 1 / PURE Tennis & Padel,Padelbaan 2,Padelbaan 3,Padelbaan 4"
2026-04-29T00:45:50.949678,Terwegen,01:00,8,8,100.0,"booked: Padelbaan 1 (Panorama court),Padelbaan 2,Padelbaan 3,Padelbaan 4,Padelbaan 5,Padelbaan 6,Padelbaan 7,Padelbaan 8"
2026-04-29T00:45:50.949678,Vinkenveld,01:00,4,4,100.0,"booked: Padelbaan 1 / PURE Tennis & Padel,Padelbaan 2,Padelbaan 3,Padelbaan 4"
2026-04-29T01:15:40.166523,Terwegen,01:30,8,8,100.0,"booked: Padelbaan 1 (Panorama court),Padelbaan 2,Padelbaan 3,Padelbaan 4,Padelbaan 5,Padelbaan 6,Padelbaan 7,Padelbaan 8"
2026-04-29T01:15:40.166523,Vinkenveld,01:30,4,4,100.0,"booked: Padelbaan 1 / PURE Tennis & Padel,Padelbaan 2,Padelbaan 3,Padelbaan 4"
2026-04-29T01:45:53.889890,Terwegen,02:00,8,8,100.0,"booked: Padelbaan 1 (Panorama court),Padelbaan 2,Padelbaan 3,Padelbaan 4,Padelbaan 5,Padelbaan 6,Padelbaan 7,Padelbaan 8"
2026-04-29T01:45:53.889890,Vinkenveld,02:00,4,4,100.0,"booked: Padelbaan 1 / PURE Tennis & Padel,Padelbaan 2,Padelbaan 3,Padelbaan 4"
2026-04-29T02:15:41.234653,Terwegen,02:30,8,8,100.0,"booked: Padelbaan 1 (Panorama court),Padelbaan 2,Padelbaan 3,Padelbaan 4,Padelbaan 5,Padelbaan 6,Padelbaan 7,Padelbaan 8"
2026-04-29T02:15:41.234653,Vinkenveld,02:30,4,4,100.0,"booked: Padelbaan 1 / PURE Tennis & Padel,Padelbaan 2,Padelbaan 3,Padelbaan 4"
2026-04-29T02:45:38.910898,Terwegen,03:00,8,8,100.0,"booked: Padelbaan 1 (Panorama court),Padelbaan 2,Padelbaan 3,Padelbaan 4,Padelbaan 5,Padelbaan 6,Padelbaan 7,Padelbaan 8"
2026-04-29T02:45:38.910898,Vinkenveld,03:00,4,4,100.0,"booked: Padelbaan 1 / PURE Tennis & Padel,Padelbaan 2,Padelbaan 3,Padelbaan 4"
2026-04-29T03:15:36.117890,Terwegen,03:30,8,8,100.0,"booked: Padelbaan 1 (Panorama court),Padelbaan 2,Padelbaan 3,Padelbaan 4,Padelbaan 5,Padelbaan 6,Padelbaan 7,Padelbaan 8"
2026-04-29T03:15:36.117890,Vinkenveld,03:30,4,4,100.0,"booked: Padelbaan 1 / PURE Tennis & Padel,Padelbaan 2,Padelbaan 3,Padelbaan 4"
2026-04-29T03:45:42.107213,Terwegen,04:00,8,8,100.0,"booked: Padelbaan 1 (Panorama court),Padelbaan 2,Padelbaan 3,Padelbaan 4,Padelbaan 5,Padelbaan 6,Padelbaan 7,Padelbaan 8"
2026-04-29T03:45:42.107213,Vinkenveld,04:00,4,4,100.0,"booked: Padelbaan 1 / PURE Tennis & Padel,Padelbaan 2,Padelbaan 3,Padelbaan 4"
2026-04-29T04:15:38.868513,Terwegen,04:30,8,8,100.0,"booked: Padelbaan 1 (Panorama court),Padelbaan 2,Padelbaan 3,Padelbaan 4,Padelbaan 5,Padelbaan 6,Padelbaan 7,Padelbaan 8"
2026-04-29T04:15:38.868513,Vinkenveld,04:30,4,4,100.0,"booked: Padelbaan 1 / PURE Tennis & Padel,Padelbaan 2,Padelbaan 3,Padelbaan 4"
2026-04-29T04:45:48.266808,Terwegen,05:00,8,8,100.0,"booked: Padelbaan 1 (Panorama court),Padelbaan 2,Padelbaan 3,Padelbaan 4,Padelbaan 5,Padelbaan 6,Padelbaan 7,Padelbaan 8"
2026-04-29T04:45:48.266808,Vinkenveld,05:00,4,4,100.0,"booked: Padelbaan 1 / PURE Tennis & Padel,Padelbaan 2,Padelbaan 3,Padelbaan 4"
2026-04-29T05:15:39.344034,Terwegen,05:30,8,8,100.0,"booked: Padelbaan 1 (Panorama court),Padelbaan 2,Padelbaan 3,Padelbaan 4,Padelbaan 5,Padelbaan 6,Padelbaan 7,Padelbaan 8"
2026-04-29T05:15:39.344034,Vinkenveld,05:30,4,4,100.0,"booked: Padelbaan 1 / PURE Tennis & Padel,Padelbaan 2,Padelbaan 3,Padelbaan 4"
2026-04-29T05:45:41.654282,Terwegen,06:00,8,8,100.0,"booked: Padelbaan 1 (Panorama court),Padelbaan 2,Padelbaan 3,Padelbaan 4,Padelbaan 5,Padelbaan 6,Padelbaan 7,Padelbaan 8"
2026-04-29T05:45:41.654282,Vinkenveld,06:00,4,4,100.0,"booked: Padelbaan 1 / PURE Tennis & Padel,Padelbaan 2,Padelbaan 3,Padelbaan 4"
2026-04-29T06:15:37.917970,Terwegen,06:30,8,8,100.0,"booked: Padelbaan 1 (Panorama court),Padelbaan 2,Padelbaan 3,Padelbaan 4,Padelbaan 5,Padelbaan 6,Padelbaan 7,Padelbaan 8"
2026-04-29T06:15:37.917970,Vinkenveld,06:30,4,4,100.0,"booked: Padelbaan 1 / PURE Tennis & Padel,Padelbaan 2,Padelbaan 3,Padelbaan 4"
2026-04-29T06:45:40.098074,Terwegen,07:00,8,8,100.0,"booked: Padelbaan 1 (Panorama court),Padelbaan 2,Padelbaan 3,Padelbaan 4,Padelbaan 5,Padelbaan 6,Padelbaan 7,Padelbaan 8"
2026-04-29T06:45:40.098074,Vinkenveld,07:00,4,4,100.0,"booked: Padelbaan 1 / PURE Tennis & Padel,Padelbaan 2,Padelbaan 3,Padelbaan 4"
2026-04-29T07:15:37.481533,Terwegen,07:30,8,8,100.0,"booked: Padelbaan 1 (Panorama court),Padelbaan 2,Padelbaan 3,Padelbaan 4,Padelbaan 5,Padelbaan 6,Padelbaan 7,Padelbaan 8"
2026-04-29T07:15:37.481533,Vinkenveld,07:30,4,4,100.0,"booked: Padelbaan 1 / PURE Tennis & Padel,Padelbaan 2,Padelbaan 3,Padelbaan 4"
2026-04-29T07:45:45.963536,Terwegen,08:00,8,0,0.0,"available: Padelbaan 1 (Panorama court),Padelbaan 2,Padelbaan 3,Padelbaan 4,Padelbaan 5,Padelbaan 6,Padelbaan 7,Padelbaan 8"
2026-04-29T07:45:45.963536,Vinkenveld,08:00,4,0,0.0,"available: Padelbaan 1 / PURE Tennis & Padel,Padelbaan 2,Padelbaan 3,Padelbaan 4"
2026-04-29T08:15:55.871258,Terwegen,08:30,8,3,37.5,"booked: Padelbaan 1 (Panorama court),Padelbaan 2,Padelbaan 3; available: Padelbaan 4,Padelbaan 5,Padelbaan 6,Padelbaan 7,Padelbaan 8"
2026-04-29T08:15:55.871258,Vinkenveld,08:30,4,0,0.0,"available: Padelbaan 1 / PURE Tennis & Padel,Padelbaan 2,Padelbaan 3,Padelbaan 4"
2026-04-29T08:45:48.582367,Terwegen,09:00,8,1,12.5,"booked: Padelbaan 3; available: Padelbaan 1 (Panorama court),Padelbaan 2,Padelbaan 4,Padelbaan 5,Padelbaan 6,Padelbaan 7,Padelbaan 8"
2026-04-29T08:45:48.582367,Vinkenveld,09:00,4,0,0.0,"available: Padelbaan 1 / PURE Tennis & Padel,Padelbaan 2,Padelbaan 3,Padelbaan 4"
2026-04-29T09:16:23.319031,Terwegen,09:30,8,3,37.5,"booked: Padelbaan 1 (Panorama court),Padelbaan 2,Padelbaan 3; available: Padelbaan 4,Padelbaan 5,Padelbaan 6,Padelbaan 7,Padelbaan 8"
2026-04-29T09:16:23.319031,Vinkenveld,09:30,4,0,0.0,"available: Padelbaan 1 / PURE Tennis & Padel,Padelbaan 2,Padelbaan 3,Padelbaan 4"
2026-04-29T09:45:43.927457,Terwegen,10:00,8,3,37.5,"booked: Padelbaan 1 (Panorama court),Padelbaan 2,Padelbaan 3; available: Padelbaan 4,Padelbaan 5,Padelbaan 6,Padelbaan 7,Padelbaan 8"
2026-04-29T09:45:43.927457,Vinkenveld,10:00,4,0,0.0,"available: Padelbaan 1 / PURE Tennis & Padel,Padelbaan 2,Padelbaan 3,Padelbaan 4"
2026-04-29T10:15:46.997956,Terwegen,10:30,8,4,50.0,"booked: Padelbaan 1 (Panorama court),Padelbaan 2,Padelbaan 3,Padelbaan 8; available: Padelbaan 4,Padelbaan 5,Padelbaan 6,Padelbaan 7"
2026-04-29T10:15:46.997956,Vinkenveld,10:30,4,1,25.0,"booked: Padelbaan 2; available: Padelbaan 1 / PURE Tennis & Padel,Padelbaan 3,Padelbaan 4"
2026-04-29T10:45:55.671524,Terwegen,11:00,8,2,25.0,"booked: Padelbaan 2,Padelbaan 3; available: Padelbaan 1 (Panorama court),Padelbaan 4,Padelbaan 5,Padelbaan 6,Padelbaan 7,Padelbaan 8"
2026-04-29T10:45:55.671524,Vinkenveld,11:00,4,1,25.0,"booked: Padelbaan 2; available: Padelbaan 1 / PURE Tennis & Padel,Padelbaan 3,Padelbaan 4"
2026-04-29T11:15:52.218259,Terwegen,11:30,8,3,37.5,"booked: Padelbaan 1 (Panorama court),Padelbaan 3,Padelbaan 8; available: Padelbaan 2,Padelbaan 4,Padelbaan 5,Padelbaan 6,Padelbaan 7"
2026-04-29T11:15:52.218259,Vinkenveld,11:30,4,2,50.0,"booked: Padelbaan 2,Padelbaan 4; available: Padelbaan 1 / PURE Tennis & Padel,Padelbaan 3"
2026-04-29T11:45:50.801813,Terwegen,12:00,8,3,37.5,"booked: Padelbaan 1 (Panorama court),Padelbaan 2,Padelbaan 3; available: Padelbaan 4,Padelbaan 5,Padelbaan 6,Padelbaan 7,Padelbaan 8"
2026-04-29T11:45:50.801813,Vinkenveld,12:00,4,2,50.0,"booked: Padelbaan 2,Padelbaan 4; available: Padelbaan 1 / PURE Tennis & Padel,Padelbaan 3"
2026-04-29T12:15:47.691501,Terwegen,12:30,8,2,25.0,"booked: Padelbaan 1 (Panorama court),Padelbaan 3; available: Padelbaan 2,Padelbaan 4,Padelbaan 5,Padelbaan 6,Padelbaan 7,Padelbaan 8"
2026-04-29T12:15:47.691501,Vinkenveld,12:30,4,1,25.0,"booked: Padelbaan 4; available: Padelbaan 1 / PURE Tennis & Padel,Padelbaan 2,Padelbaan 3"
2026-04-29T12:46:10.407844,Terwegen,13:00,8,2,25.0,"booked: Padelbaan 1 (Panorama court),Padelbaan 3; available: Padelbaan 2,Padelbaan 4,Padelbaan 5,Padelbaan 6,Padelbaan 7,Padelbaan 8"
2026-04-29T12:46:10.407844,Vinkenveld,13:00,4,2,50.0,"booked: Padelbaan 3,Padelbaan 4; available: Padelbaan 1 / PURE Tennis & Padel,Padelbaan 2"
2026-04-29T13:15:45.533260,Terwegen,13:30,8,0,0.0,"available: Padelbaan 1 (Panorama court),Padelbaan 2,Padelbaan 3,Padelbaan 4,Padelbaan 5,Padelbaan 6,Padelbaan 7,Padelbaan 8"
2026-04-29T13:15:45.533260,Vinkenveld,13:30,4,1,25.0,"booked: Padelbaan 3; available: Padelbaan 1 / PURE Tennis & Padel,Padelbaan 2,Padelbaan 4"
2026-04-29T13:45:59.954542,Terwegen,14:00,8,3,37.5,"booked: Padelbaan 1 (Panorama court),Padelbaan 3,Padelbaan 4; available: Padelbaan 2,Padelbaan 5,Padelbaan 6,Padelbaan 7,Padelbaan 8"
2026-04-29T13:45:59.954542,Vinkenveld,14:00,4,1,25.0,"booked: Padelbaan 3; available: Padelbaan 1 / PURE Tennis & Padel,Padelbaan 2,Padelbaan 4"
2026-04-29T14:15:54.456589,Terwegen,14:30,8,0,0.0,"available: Padelbaan 1 (Panorama court),Padelbaan 2,Padelbaan 3,Padelbaan 4,Padelbaan 5,Padelbaan 6,Padelbaan 7,Padelbaan 8"
2026-04-29T14:15:54.456589,Vinkenveld,14:30,4,1,25.0,"booked: Padelbaan 3; available: Padelbaan 1 / PURE Tennis & Padel,Padelbaan 2,Padelbaan 4"
2026-04-29T14:45:53.893072,Terwegen,15:00,8,3,37.5,"booked: Padelbaan 1 (Panorama court),Padelbaan 3,Padelbaan 4; available: Padelbaan 2,Padelbaan 5,Padelbaan 6,Padelbaan 7,Padelbaan 8"
2026-04-29T14:45:53.893072,Vinkenveld,15:00,4,0,0.0,"available: Padelbaan 1 / PURE Tennis & Padel,Padelbaan 2,Padelbaan 3,Padelbaan 4"
2026-04-29T15:15:52.853127,Terwegen,15:30,8,4,50.0,"booked: Padelbaan 1 (Panorama court),Padelbaan 3,Padelbaan 4,Padelbaan 5; available: Padelbaan 2,Padelbaan 6,Padelbaan 7,Padelbaan 8"
2026-04-29T15:15:52.853127,Vinkenveld,15:30,4,0,0.0,"available: Padelbaan 1 / PURE Tennis & Padel,Padelbaan 2,Padelbaan 3,Padelbaan 4"
2026-04-29T15:45:48.548915,Terwegen,16:00,8,5,62.5,"booked: Padelbaan 1 (Panorama court),Padelbaan 2,Padelbaan 3,Padelbaan 4,Padelbaan 8; available: Padelbaan 5,Padelbaan 6,Padelbaan 7"
2026-04-29T15:45:48.548915,Vinkenveld,16:00,4,1,25.0,"booked: Padelbaan 2; available: Padelbaan 1 / PURE Tennis & Padel,Padelbaan 3,Padelbaan 4"
2026-04-29T16:15:56.316403,Terwegen,16:30,8,4,50.0,"booked: Padelbaan 1 (Panorama court),Padelbaan 3,Padelbaan 4,Padelbaan 5; available: Padelbaan 2,Padelbaan 6,Padelbaan 7,Padelbaan 8"
2026-04-29T16:15:56.316403,Vinkenveld,16:30,4,2,50.0,"booked: Padelbaan 2,Padelbaan 3; available: Padelbaan 1 / PURE Tennis & Padel,Padelbaan 4"
2026-04-29T16:46:16.364638,Terwegen,17:00,8,6,75.0,"booked: Padelbaan 1 (Panorama court),Padelbaan 2,Padelbaan 4,Padelbaan 5,Padelbaan 7,Padelbaan 8; available: Padelbaan 3,Padelbaan 6"
2026-04-29T16:46:16.364638,Vinkenveld,17:00,4,3,75.0,"booked: Padelbaan 2,Padelbaan 3,Padelbaan 4; available: Padelbaan 1 / PURE Tennis & Padel"
2026-04-29T17:15:59.067645,Terwegen,17:30,8,7,87.5,"booked: Padelbaan 1 (Panorama court),Padelbaan 2,Padelbaan 3,Padelbaan 4,Padelbaan 5,Padelbaan 6,Padelbaan 8; available: Padelbaan 7"
2026-04-29T17:15:59.067645,Vinkenveld,17:30,4,3,75.0,"booked: Padelbaan 2,Padelbaan 3,Padelbaan 4; available: Padelbaan 1 / PURE Tennis & Padel"
2026-04-29T17:45:56.303877,Terwegen,18:00,8,7,87.5,"booked: Padelbaan 1 (Panorama court),Padelbaan 2,Padelbaan 3,Padelbaan 4,Padelbaan 5,Padelbaan 7,Padelbaan 8; available: Padelbaan 6"
2026-04-29T17:45:56.303877,Vinkenveld,18:00,4,2,50.0,"booked: Padelbaan 3,Padelbaan 4; available: Padelbaan 1 / PURE Tennis & Padel,Padelbaan 2"
2026-04-29T18:15:50.824319,Terwegen,18:30,8,7,87.5,"booked: Padelbaan 1 (Panorama court),Padelbaan 2,Padelbaan 4,Padelbaan 5,Padelbaan 6,Padelbaan 7,Padelbaan 8; available: Padelbaan 3"
2026-04-29T18:15:50.824319,Vinkenveld,18:30,4,4,100.0,"booked: Padelbaan 1 / PURE Tennis & Padel,Padelbaan 2,Padelbaan 3,Padelbaan 4"
2026-04-29T18:45:53.588762,Terwegen,19:00,8,8,100.0,"booked: Padelbaan 1 (Panorama court),Padelbaan 2,Padelbaan 3,Padelbaan 4,Padelbaan 5,Padelbaan 6,Padelbaan 7,Padelbaan 8"
2026-04-29T18:45:53.588762,Vinkenveld,19:00,4,4,100.0,"booked: Padelbaan 1 / PURE Tennis & Padel,Padelbaan 2,Padelbaan 3,Padelbaan 4"
2026-04-29T19:15:51.728994,Terwegen,19:30,8,8,100.0,"booked: Padelbaan 1 (Panorama court),Padelbaan 2,Padelbaan 3,Padelbaan 4,Padelbaan 5,Padelbaan 6,Padelbaan 7,Padelbaan 8"
2026-04-29T19:15:51.728994,Vinkenveld,19:30,4,4,100.0,"booked: Padelbaan 1 / PURE Tennis & Padel,Padelbaan 2,Padelbaan 3,Padelbaan 4"
2026-04-29T19:46:02.009038,Terwegen,20:00,8,8,100.0,"booked: Padelbaan 1 (Panorama court),Padelbaan 2,Padelbaan 3,Padelbaan 4,Padelbaan 5,Padelbaan 6,Padelbaan 7,Padelbaan 8"
2026-04-29T19:46:02.009038,Vinkenveld,20:00,4,4,100.0,"booked: Padelbaan 1 / PURE Tennis & Padel,Padelbaan 2,Padelbaan 3,Padelbaan 4"
2026-04-29T20:15:57.321109,Terwegen,20:30,8,8,100.0,"booked: Padelbaan 1 (Panorama court),Padelbaan 2,Padelbaan 3,Padelbaan 4,Padelbaan 5,Padelbaan 6,Padelbaan 7,Padelbaan 8"
2026-04-29T20:15:57.321109,Vinkenveld,20:30,4,4,100.0,"booked: Padelbaan 1 / PURE Tennis & Padel,Padelbaan 2,Padelbaan 3,Padelbaan 4"
2026-04-29T20:46:17.992824,Terwegen,21:00,8,8,100.0,"booked: Padelbaan 1 (Panorama court),Padelbaan 2,Padelbaan 3,Padelbaan 4,Padelbaan 5,Padelbaan 6,Padelbaan 7,Padelbaan 8"
2026-04-29T20:46:17.992824,Vinkenveld,21:00,4,3,75.0,"booked: Padelbaan 2,Padelbaan 3,Padelbaan 4; available: Padelbaan 1 / PURE Tennis & Padel"
2026-04-29T21:19:53.807004,Terwegen,21:30,8,8,100.0,"booked: Padelbaan 1 (Panorama court),Padelbaan 2,Padelbaan 3,Padelbaan 4,Padelbaan 5,Padelbaan 6,Padelbaan 7,Padelbaan 8"
2026-04-29T21:19:53.807004,Vinkenveld,21:30,4,2,50.0,"booked: Padelbaan 3,Padelbaan 4; available: Padelbaan 1 / PURE Tennis & Padel,Padelbaan 2"
2026-04-29T21:45:54.724279,Terwegen,22:00,8,8,100.0,"booked: Padelbaan 1 (Panorama court),Padelbaan 2,Padelbaan 3,Padelbaan 4,Padelbaan 5,Padelbaan 6,Padelbaan 7,Padelbaan 8"
2026-04-29T21:45:54.724279,Vinkenveld,22:00,4,1,25.0,"booked: Padelbaan 4; available: Padelbaan 1 / PURE Tennis & Padel,Padelbaan 2,Padelbaan 3"
2026-04-29T23:45:50.947102,Terwegen,00:00,8,8,100.0,"booked: Padelbaan 1 (Panorama court),Padelbaan 2,Padelbaan 3,Padelbaan 4,Padelbaan 5,Padelbaan 6,Padelbaan 7,Padelbaan 8"
2026-04-29T23:45:50.947102,Vinkenveld,00:00,4,4,100.0,"booked: Padelbaan 1 / PURE Tennis & Padel,Padelbaan 2,Padelbaan 3,Padelbaan 4"
2026-04-30T00:16:01.438791,Terwegen,00:30,8,8,100.0,"booked: Padelbaan 1 (Panorama court),Padelbaan 2,Padelbaan 3,Padelbaan 4,Padelbaan 5,Padelbaan 6,Padelbaan 7,Padelbaan 8"
2026-04-30T00:16:01.438791,Vinkenveld,00:30,4,4,100.0,"booked: Padelbaan 1 / PURE Tennis & Padel,Padelbaan 2,Padelbaan 3,Padelbaan 4"
2026-04-30T00:45:51.549023,Terwegen,01:00,8,8,100.0,"booked: Padelbaan 1 (Panorama court),Padelbaan 2,Padelbaan 3,Padelbaan 4,Padelbaan 5,Padelbaan 6,Padelbaan 7,Padelbaan 8"
2026-04-30T00:45:51.549023,Vinkenveld,01:00,4,4,100.0,"booked: Padelbaan 1 / PURE Tennis & Padel,Padelbaan 2,Padelbaan 3,Padelbaan 4"
2026-04-30T01:16:06.495223,Terwegen,01:30,8,8,100.0,"booked: Padelbaan 1 (Panorama court),Padelbaan 2,Padelbaan 3,Padelbaan 4,Padelbaan 5,Padelbaan 6,Padelbaan 7,Padelbaan 8"
2026-04-30T01:16:06.495223,Vinkenveld,01:30,4,4,100.0,"booked: Padelbaan 1 / PURE Tennis & Padel,Padelbaan 2,Padelbaan 3,Padelbaan 4"
2026-04-30T01:45:49.726769,Terwegen,02:00,8,8,100.0,"booked: Padelbaan 1 (Panorama court),Padelbaan 2,Padelbaan 3,Padelbaan 4,Padelbaan 5,Padelbaan 6,Padelbaan 7,Padelbaan 8"
2026-04-30T01:45:49.726769,Vinkenveld,02:00,4,4,100.0,"booked: Padelbaan 1 / PURE Tennis & Padel,Padelbaan 2,Padelbaan 3,Padelbaan 4"
2026-04-30T02:15:50.569506,Terwegen,02:30,8,8,100.0,"booked: Padelbaan 1 (Panorama court),Padelbaan 2,Padelbaan 3,Padelbaan 4,Padelbaan 5,Padelbaan 6,Padelbaan 7,Padelbaan 8"
2026-04-30T02:15:50.569506,Vinkenveld,02:30,4,4,100.0,"booked: Padelbaan 1 / PURE Tennis & Padel,Padelbaan 2,Padelbaan 3,Padelbaan 4"
2026-04-30T02:46:00.394371,Terwegen,03:00,8,8,100.0,"booked: Padelbaan 1 (Panorama court),Padelbaan 2,Padelbaan 3,Padelbaan 4,Padelbaan 5,Padelbaan 6,Padelbaan 7,Padelbaan 8"
2026-04-30T02:46:00.394371,Vinkenveld,03:00,4,4,100.0,"booked: Padelbaan 1 / PURE Tennis & Padel,Padelbaan 2,Padelbaan 3,Padelbaan 4"
2026-04-30T03:15:56.282407,Terwegen,03:30,8,8,100.0,"booked: Padelbaan 1 (Panorama court),Padelbaan 2,Padelbaan 3,Padelbaan 4,Padelbaan 5,Padelbaan 6,Padelbaan 7,Padelbaan 8"
2026-04-30T03:15:56.282407,Vinkenveld,03:30,4,4,100.0,"booked: Padelbaan 1 / PURE Tennis & Padel,Padelbaan 2,Padelbaan 3,Padelbaan 4"
2026-04-30T03:45:49.601319,Terwegen,04:00,8,8,100.0,"booked: Padelbaan 1 (Panorama court),Padelbaan 2,Padelbaan 3,Padelbaan 4,Padelbaan 5,Padelbaan 6,Padelbaan 7,Padelbaan 8"
2026-04-30T03:45:49.601319,Vinkenveld,04:00,4,4,100.0,"booked: Padelbaan 1 / PURE Tennis & Padel,Padelbaan 2,Padelbaan 3,Padelbaan 4"
2026-04-30T04:15:45.243117,Terwegen,04:30,8,8,100.0,"booked: Padelbaan 1 (Panorama court),Padelbaan 2,Padelbaan 3,Padelbaan 4,Padelbaan 5,Padelbaan 6,Padelbaan 7,Padelbaan 8"
2026-04-30T04:15:45.243117,Vinkenveld,04:30,4,4,100.0,"booked: Padelbaan 1 / PURE Tennis & Padel,Padelbaan 2,Padelbaan 3,Padelbaan 4"
2026-04-30T04:46:01.836114,Terwegen,05:00,8,8,100.0,"booked: Padelbaan 1 (Panorama court),Padelbaan 2,Padelbaan 3,Padelbaan 4,Padelbaan 5,Padelbaan 6,Padelbaan 7,Padelbaan 8"
2026-04-30T04:46:01.836114,Vinkenveld,05:00,4,4,100.0,"booked: Padelbaan 1 / PURE Tennis & Padel,Padelbaan 2,Padelbaan 3,Padelbaan 4"
2026-04-30T05:16:08.758711,Terwegen,05:30,8,8,100.0,"booked: Padelbaan 1 (Panorama court),Padelbaan 2,Padelbaan 3,Padelbaan 4,Padelbaan 5,Padelbaan 6,Padelbaan 7,Padelbaan 8"
2026-04-30T05:16:08.758711,Vinkenveld,05:30,4,4,100.0,"booked: Padelbaan 1 / PURE Tennis & Padel,Padelbaan 2,Padelbaan 3,Padelbaan 4"
2026-04-30T05:45:57.105048,Terwegen,06:00,8,8,100.0,"booked: Padelbaan 1 (Panorama court),Padelbaan 2,Padelbaan 3,Padelbaan 4,Padelbaan 5,Padelbaan 6,Padelbaan 7,Padelbaan 8"
2026-04-30T05:45:57.105048,Vinkenveld,06:00,4,4,100.0,"booked: Padelbaan 1 / PURE Tennis & Padel,Padelbaan 2,Padelbaan 3,Padelbaan 4"
2026-04-30T06:15:58.921361,Terwegen,06:30,8,8,100.0,"booked: Padelbaan 1 (Panorama court),Padelbaan 2,Padelbaan 3,Padelbaan 4,Padelbaan 5,Padelbaan 6,Padelbaan 7,Padelbaan 8"
2026-04-30T06:15:58.921361,Vinkenveld,06:30,4,4,100.0,"booked: Padelbaan 1 / PURE Tennis & Padel,Padelbaan 2,Padelbaan 3,Padelbaan 4"
2026-04-30T06:45:51.028127,Terwegen,07:00,8,8,100.0,"booked: Padelbaan 1 (Panorama court),Padelbaan 2,Padelbaan 3,Padelbaan 4,Padelbaan 5,Padelbaan 6,Padelbaan 7,Padelbaan 8"
2026-04-30T06:45:51.028127,Vinkenveld,07:00,4,4,100.0,"booked: Padelbaan 1 / PURE Tennis & Padel,Padelbaan 2,Padelbaan 3,Padelbaan 4"
2026-04-30T07:15:46.615021,Terwegen,07:30,8,8,100.0,"booked: Padelbaan 1 (Panorama court),Padelbaan 2,Padelbaan 3,Padelbaan 4,Padelbaan 5,Padelbaan 6,Padelbaan 7,Padelbaan 8"
2026-04-30T07:15:46.615021,Vinkenveld,07:30,4,4,100.0,"booked: Padelbaan 1 / PURE Tennis & Padel,Padelbaan 2,Padelbaan 3,Padelbaan 4"
2026-04-30T07:45:45.565028,Terwegen,08:00,8,0,0.0,"available: Padelbaan 1 (Panorama court),Padelbaan 2,Padelbaan 3,Padelbaan 4,Padelbaan 5,Padelbaan 6,Padelbaan 7,Padelbaan 8"
2026-04-30T07:45:45.565028,Vinkenveld,08:00,4,0,0.0,"available: Padelbaan 1 / PURE Tennis & Padel,Padelbaan 2,Padelbaan 3,Padelbaan 4"
2026-04-30T08:15:44.426202,Terwegen,08:30,8,1,12.5,"booked: Padelbaan 3; available: Padelbaan 1 (Panorama court),Padelbaan 2,Padelbaan 4,Padelbaan 5,Padelbaan 6,Padelbaan 7,Padelbaan 8"
2026-04-30T08:15:44.426202,Vinkenveld,08:30,4,0,0.0,"available: Padelbaan 1 / PURE Tennis & Padel,Padelbaan 2,Padelbaan 3,Padelbaan 4"
2026-04-30T08:47:45.965083,Terwegen,09:00,8,0,0.0,"available: Padelbaan 1 (Panorama court),Padelbaan 2,Padelbaan 3,Padelbaan 4,Padelbaan 5,Padelbaan 6,Padelbaan 7,Padelbaan 8"
2026-04-30T08:47:45.965083,Vinkenveld,09:00,4,0,0.0,"available: Padelbaan 1 / PURE Tennis & Padel,Padelbaan 2,Padelbaan 3,Padelbaan 4"
2026-04-30T09:15:45.489765,Terwegen,09:30,8,1,12.5,"booked: Padelbaan 3; available: Padelbaan 1 (Panorama court),Padelbaan 2,Padelbaan 4,Padelbaan 5,Padelbaan 6,Padelbaan 7,Padelbaan 8"
2026-04-30T09:15:45.489765,Vinkenveld,09:30,4,0,0.0,"available: Padelbaan 1 / PURE Tennis & Padel,Padelbaan 2,Padelbaan 3,Padelbaan 4"
2026-04-30T09:45:46.699443,Terwegen,10:00,8,1,12.5,"booked: Padelbaan 3; available: Padelbaan 1 (Panorama court),Padelbaan 2,Padelbaan 4,Padelbaan 5,Padelbaan 6,Padelbaan 7,Padelbaan 8"
2026-04-30T09:45:46.699443,Vinkenveld,10:00,4,0,0.0,"available: Padelbaan 1 / PURE Tennis & Padel,Padelbaan 2,Padelbaan 3,Padelbaan 4"
2026-04-30T10:15:49.068933,Terwegen,10:30,8,1,12.5,"booked: Padelbaan 3; available: Padelbaan 1 (Panorama court),Padelbaan 2,Padelbaan 4,Padelbaan 5,Padelbaan 6,Padelbaan 7,Padelbaan 8"
2026-04-30T10:15:49.068933,Vinkenveld,10:30,4,0,0.0,"available: Padelbaan 1 / PURE Tennis & Padel,Padelbaan 2,Padelbaan 3,Padelbaan 4"
2026-04-30T10:45:45.041168,Terwegen,11:00,8,1,12.5,"booked: Padelbaan 3; available: Padelbaan 1 (Panorama court),Padelbaan 2,Padelbaan 4,Padelbaan 5,Padelbaan 6,Padelbaan 7,Padelbaan 8"
2026-04-30T10:45:45.041168,Vinkenveld,11:00,4,0,0.0,"available: Padelbaan 1 / PURE Tennis & Padel,Padelbaan 2,Padelbaan 3,Padelbaan 4"
2026-04-30T11:15:58.407716,Terwegen,11:30,8,0,0.0,"available: Padelbaan 1 (Panorama court),Padelbaan 2,Padelbaan 3,Padelbaan 4,Padelbaan 5,Padelbaan 6,Padelbaan 7,Padelbaan 8"
2026-04-30T11:15:58.407716,Vinkenveld,11:30,4,0,0.0,"available: Padelbaan 1 / PURE Tennis & Padel,Padelbaan 2,Padelbaan 3,Padelbaan 4"
2026-04-30T11:45:59.088537,Terwegen,12:00,8,1,12.5,"booked: Padelbaan 3; available: Padelbaan 1 (Panorama court),Padelbaan 2,Padelbaan 4,Padelbaan 5,Padelbaan 6,Padelbaan 7,Padelbaan 8"
2026-04-30T11:45:59.088537,Vinkenveld,12:00,4,0,0.0,"available: Padelbaan 1 / PURE Tennis & Padel,Padelbaan 2,Padelbaan 3,Padelbaan 4"
2026-04-30T12:15:52.928474,Terwegen,12:30,8,0,0.0,"available: Padelbaan 1 (Panorama court),Padelbaan 2,Padelbaan 3,Padelbaan 4,Padelbaan 5,Padelbaan 6,Padelbaan 7,Padelbaan 8"
2026-04-30T12:15:52.928474,Vinkenveld,12:30,4,0,0.0,"available: Padelbaan 1 / PURE Tennis & Padel,Padelbaan 2,Padelbaan 3,Padelbaan 4"
2026-04-30T12:45:53.795001,Terwegen,13:00,8,0,0.0,"available: Padelbaan 1 (Panorama court),Padelbaan 2,Padelbaan 3,Padelbaan 4,Padelbaan 5,Padelbaan 6,Padelbaan 7,Padelbaan 8"
2026-04-30T12:45:53.795001,Vinkenveld,13:00,4,0,0.0,"available: Padelbaan 1 / PURE Tennis & Padel,Padelbaan 2,Padelbaan 3,Padelbaan 4"
2026-04-30T13:16:00.244537,Terwegen,13:30,8,1,12.5,"booked: Padelbaan 3; available: Padelbaan 1 (Panorama court),Padelbaan 2,Padelbaan 4,Padelbaan 5,Padelbaan 6,Padelbaan 7,Padelbaan 8"
2026-04-30T13:16:00.244537,Vinkenveld,13:30,4,1,25.0,"booked: Padelbaan 3; available: Padelbaan 1 / PURE Tennis & Padel,Padelbaan 2,Padelbaan 4"
2026-04-30T13:46:14.409531,Terwegen,14:00,8,0,0.0,"available: Padelbaan 1 (Panorama court),Padelbaan 2,Padelbaan 3,Padelbaan 4,Padelbaan 5,Padelbaan 6,Padelbaan 7,Padelbaan 8"
2026-04-30T13:46:14.409531,Vinkenveld,14:00,4,1,25.0,"booked: Padelbaan 3; available: Padelbaan 1 / PURE Tennis & Padel,Padelbaan 2,Padelbaan 4"
2026-04-30T14:15:44.727982,Terwegen,14:30,8,1,12.5,"booked: Padelbaan 3; available: Padelbaan 1 (Panorama court),Padelbaan 2,Padelbaan 4,Padelbaan 5,Padelbaan 6,Padelbaan 7,Padelbaan 8"
2026-04-30T14:15:44.727982,Vinkenveld,14:30,4,1,25.0,"booked: Padelbaan 3; available: Padelbaan 1 / PURE Tennis & Padel,Padelbaan 2,Padelbaan 4"
2026-04-30T14:45:49.541555,Terwegen,15:00,8,1,12.5,"booked: Padelbaan 3; available: Padelbaan 1 (Panorama court),Padelbaan 2,Padelbaan 4,Padelbaan 5,Padelbaan 6,Padelbaan 7,Padelbaan 8"
2026-04-30T14:45:49.541555,Vinkenveld,15:00,4,1,25.0,"booked: Padelbaan 3; available: Padelbaan 1 / PURE Tennis & Padel,Padelbaan 2,Padelbaan 4"
2026-04-30T15:15:55.088583,Terwegen,15:30,8,1,12.5,"booked: Padelbaan 3; available: Padelbaan 1 (Panorama court),Padelbaan 2,Padelbaan 4,Padelbaan 5,Padelbaan 6,Padelbaan 7,Padelbaan 8"
2026-04-30T15:15:55.088583,Vinkenveld,15:30,4,0,0.0,"available: Padelbaan 1 / PURE Tennis & Padel,Padelbaan 2,Padelbaan 3,Padelbaan 4"
2026-04-30T15:45:56.068927,Terwegen,16:00,8,4,50.0,"booked: Padelbaan 3,Padelbaan 4,Padelbaan 5,Padelbaan 6; available: Padelbaan 1 (Panorama court),Padelbaan 2,Padelbaan 7,Padelbaan 8"
2026-04-30T15:45:56.068927,Vinkenveld,16:00,4,0,0.0,"available: Padelbaan 1 / PURE Tennis & Padel,Padelbaan 2,Padelbaan 3,Padelbaan 4"
2026-04-30T16:15:48.383822,Terwegen,16:30,8,1,12.5,"booked: Padelbaan 3; available: Padelbaan 1 (Panorama court),Padelbaan 2,Padelbaan 4,Padelbaan 5,Padelbaan 6,Padelbaan 7,Padelbaan 8"
2026-04-30T16:15:48.383822,Vinkenveld,16:30,4,1,25.0,"booked: Padelbaan 3; available: Padelbaan 1 / PURE Tennis & Padel,Padelbaan 2,Padelbaan 4"
2026-04-30T16:46:02.679771,Terwegen,17:00,8,8,100.0,"booked: Padelbaan 1 (Panorama court),Padelbaan 2,Padelbaan 3,Padelbaan 4,Padelbaan 5,Padelbaan 6,Padelbaan 7,Padelbaan 8"
2026-04-30T16:46:02.679771,Vinkenveld,17:00,4,2,50.0,"booked: Padelbaan 3,Padelbaan 4; available: Padelbaan 1 / PURE Tennis & Padel,Padelbaan 2"
2026-04-30T17:15:58.201245,Terwegen,17:30,8,4,50.0,"booked: Padelbaan 3,Padelbaan 4,Padelbaan 5,Padelbaan 6; available: Padelbaan 1 (Panorama court),Padelbaan 2,Padelbaan 7,Padelbaan 8"
2026-04-30T17:15:58.201245,Vinkenveld,17:30,4,2,50.0,"booked: Padelbaan 3,Padelbaan 4; available: Padelbaan 1 / PURE Tennis & Padel,Padelbaan 2"
2026-04-30T17:46:00.575234,Terwegen,18:00,8,8,100.0,"booked: Padelbaan 1 (Panorama court),Padelbaan 2,Padelbaan 3,Padelbaan 4,Padelbaan 5,Padelbaan 6,Padelbaan 7,Padelbaan 8"
2026-04-30T17:46:00.575234,Vinkenveld,18:00,4,2,50.0,"booked: Padelbaan 3,Padelbaan 4; available: Padelbaan 1 / PURE Tennis & Padel,Padelbaan 2"
2026-04-30T18:15:52.472825,Terwegen,18:30,8,8,100.0,"booked: Padelbaan 1 (Panorama court),Padelbaan 2,Padelbaan 3,Padelbaan 4,Padelbaan 5,Padelbaan 6,Padelbaan 7,Padelbaan 8"
2026-04-30T18:15:52.472825,Vinkenveld,18:30,4,3,75.0,"booked: Padelbaan 2,Padelbaan 3,Padelbaan 4; available: Padelbaan 1 / PURE Tennis & Padel"
2026-04-30T18:45:50.263665,Terwegen,19:00,8,8,100.0,"booked: Padelbaan 1 (Panorama court),Padelbaan 2,Padelbaan 3,Padelbaan 4,Padelbaan 5,Padelbaan 6,Padelbaan 7,Padelbaan 8"
2026-04-30T18:45:50.263665,Vinkenveld,19:00,4,4,100.0,"booked: Padelbaan 1 / PURE Tennis & Padel,Padelbaan 2,Padelbaan 3,Padelbaan 4"
2026-04-30T19:15:48.544682,Terwegen,19:30,8,8,100.0,"booked: Padelbaan 1 (Panorama court),Padelbaan 2,Padelbaan 3,Padelbaan 4,Padelbaan 5,Padelbaan 6,Padelbaan 7,Padelbaan 8"
2026-04-30T19:15:48.544682,Vinkenveld,19:30,4,4,100.0,"booked: Padelbaan 1 / PURE Tennis & Padel,Padelbaan 2,Padelbaan 3,Padelbaan 4"
2026-04-30T19:45:53.988019,Terwegen,20:00,8,8,100.0,"booked: Padelbaan 1 (Panorama court),Padelbaan 2,Padelbaan 3,Padelbaan 4,Padelbaan 5,Padelbaan 6,Padelbaan 7,Padelbaan 8"
2026-04-30T19:45:53.988019,Vinkenveld,20:00,4,4,100.0,"booked: Padelbaan 1 / PURE Tennis & Padel,Padelbaan 2,Padelbaan 3,Padelbaan 4"
2026-04-30T20:15:53.451007,Terwegen,20:30,8,8,100.0,"booked: Padelbaan 1 (Panorama court),Padelbaan 2,Padelbaan 3,Padelbaan 4,Padelbaan 5,Padelbaan 6,Padelbaan 7,Padelbaan 8"
2026-04-30T20:15:53.451007,Vinkenveld,20:30,4,4,100.0,"booked: Padelbaan 1 / PURE Tennis & Padel,Padelbaan 2,Padelbaan 3,Padelbaan 4"
2026-04-30T20:45:52.804421,Terwegen,21:00,8,7,87.5,"booked: Padelbaan 1 (Panorama court),Padelbaan 2,Padelbaan 3,Padelbaan 4,Padelbaan 5,Padelbaan 7,Padelbaan 8; available: Padelbaan 6"
2026-04-30T20:45:52.804421,Vinkenveld,21:00,4,4,100.0,"booked: Padelbaan 1 / PURE Tennis & Padel,Padelbaan 2,Padelbaan 3,Padelbaan 4"
2026-04-30T21:15:57.892207,Terwegen,21:30,8,8,100.0,"booked: Padelbaan 1 (Panorama court),Padelbaan 2,Padelbaan 3,Padelbaan 4,Padelbaan 5,Padelbaan 6,Padelbaan 7,Padelbaan 8"
2026-04-30T21:15:57.892207,Vinkenveld,21:30,4,4,100.0,"booked: Padelbaan 1 / PURE Tennis & Padel,Padelbaan 2,Padelbaan 3,Padelbaan 4"
2026-04-30T21:45:51.525620,Terwegen,22:00,8,6,75.0,"booked: Padelbaan 1 (Panorama court),Padelbaan 3,Padelbaan 4,Padelbaan 5,Padelbaan 7,Padelbaan 8; available: Padelbaan 2,Padelbaan 6"
2026-04-30T21:45:51.525620,Vinkenveld,22:00,4,3,75.0,"booked: Padelbaan 1 / PURE Tennis & Padel,Padelbaan 3,Padelbaan 4; available: Padelbaan 2"
2026-04-30T23:45:45.402251,Terwegen,00:00,8,8,100.0,"booked: Padelbaan 1 (Panorama court),Padelbaan 2,Padelbaan 3,Padelbaan 4,Padelbaan 5,Padelbaan 6,Padelbaan 7,Padelbaan 8"
2026-04-30T23:45:45.402251,Vinkenveld,00:00,4,4,100.0,"booked: Padelbaan 1 / PURE Tennis & Padel,Padelbaan 2,Padelbaan 3,Padelbaan 4"
2026-05-01T00:15:48.584769,Terwegen,00:30,8,8,100.0,"booked: Padelbaan 1 (Panorama court),Padelbaan 2,Padelbaan 3,Padelbaan 4,Padelbaan 5,Padelbaan 6,Padelbaan 7,Padelbaan 8"
2026-05-01T00:15:48.584769,Vinkenveld,00:30,4,4,100.0,"booked: Padelbaan 1 / PURE Tennis & Padel,Padelbaan 2,Padelbaan 3,Padelbaan 4"
2026-05-01T00:45:45.058398,Terwegen,01:00,8,8,100.0,"booked: Padelbaan 1 (Panorama court),Padelbaan 2,Padelbaan 3,Padelbaan 4,Padelbaan 5,Padelbaan 6,Padelbaan 7,Padelbaan 8"
2026-05-01T00:45:45.058398,Vinkenveld,01:00,4,4,100.0,"booked: Padelbaan 1 / PURE Tennis & Padel,Padelbaan 2,Padelbaan 3,Padelbaan 4"
2026-05-01T01:15:52.344660,Terwegen,01:30,8,8,100.0,"booked: Padelbaan 1 (Panorama court),Padelbaan 2,Padelbaan 3,Padelbaan 4,Padelbaan 5,Padelbaan 6,Padelbaan 7,Padelbaan 8"
2026-05-01T01:15:52.344660,Vinkenveld,01:30,4,4,100.0,"booked: Padelbaan 1 / PURE Tennis & Padel,Padelbaan 2,Padelbaan 3,Padelbaan 4"
2026-05-01T01:45:45.567755,Terwegen,02:00,8,8,100.0,"booked: Padelbaan 1 (Panorama court),Padelbaan 2,Padelbaan 3,Padelbaan 4,Padelbaan 5,Padelbaan 6,Padelbaan 7,Padelbaan 8"
2026-05-01T01:45:45.567755,Vinkenveld,02:00,4,4,100.0,"booked: Padelbaan 1 / PURE Tennis & Padel,Padelbaan 2,Padelbaan 3,Padelbaan 4"
2026-05-01T02:15:43.301204,Terwegen,02:30,8,8,100.0,"booked: Padelbaan 1 (Panorama court),Padelbaan 2,Padelbaan 3,Padelbaan 4,Padelbaan 5,Padelbaan 6,Padelbaan 7,Padelbaan 8"
2026-05-01T02:15:43.301204,Vinkenveld,02:30,4,4,100.0,"booked: Padelbaan 1 / PURE Tennis & Padel,Padelbaan 2,Padelbaan 3,Padelbaan 4"
2026-05-01T02:45:45.619998,Terwegen,03:00,8,8,100.0,"booked: Padelbaan 1 (Panorama court),Padelbaan 2,Padelbaan 3,Padelbaan 4,Padelbaan 5,Padelbaan 6,Padelbaan 7,Padelbaan 8"
2026-05-01T02:45:45.619998,Vinkenveld,03:00,4,4,100.0,"booked: Padelbaan 1 / PURE Tennis & Padel,Padelbaan 2,Padelbaan 3,Padelbaan 4"
2026-05-01T03:15:53.833466,Terwegen,03:30,8,8,100.0,"booked: Padelbaan 1 (Panorama court),Padelbaan 2,Padelbaan 3,Padelbaan 4,Padelbaan 5,Padelbaan 6,Padelbaan 7,Padelbaan 8"
2026-05-01T03:15:53.833466,Vinkenveld,03:30,4,4,100.0,"booked: Padelbaan 1 / PURE Tennis & Padel,Padelbaan 2,Padelbaan 3,Padelbaan 4"
2026-05-01T03:45:45.887626,Terwegen,04:00,8,8,100.0,"booked: Padelbaan 1 (Panorama court),Padelbaan 2,Padelbaan 3,Padelbaan 4,Padelbaan 5,Padelbaan 6,Padelbaan 7,Padelbaan 8"
2026-05-01T03:45:45.887626,Vinkenveld,04:00,4,4,100.0,"booked: Padelbaan 1 / PURE Tennis & Padel,Padelbaan 2,Padelbaan 3,Padelbaan 4"
2026-05-01T04:15:45.267334,Terwegen,04:30,8,8,100.0,"booked: Padelbaan 1 (Panorama court),Padelbaan 2,Padelbaan 3,Padelbaan 4,Padelbaan 5,Padelbaan 6,Padelbaan 7,Padelbaan 8"
2026-05-01T04:15:45.267334,Vinkenveld,04:30,4,4,100.0,"booked: Padelbaan 1 / PURE Tennis & Padel,Padelbaan 2,Padelbaan 3,Padelbaan 4"
2026-05-01T04:46:02.006961,Terwegen,05:00,8,8,100.0,"booked: Padelbaan 1 (Panorama court),Padelbaan 2,Padelbaan 3,Padelbaan 4,Padelbaan 5,Padelbaan 6,Padelbaan 7,Padelbaan 8"
2026-05-01T04:46:02.006961,Vinkenveld,05:00,4,4,100.0,"booked: Padelbaan 1 / PURE Tennis & Padel,Padelbaan 2,Padelbaan 3,Padelbaan 4"
2026-05-01T05:15:48.308730,Terwegen,05:30,8,8,100.0,"booked: Padelbaan 1 (Panorama court),Padelbaan 2,Padelbaan 3,Padelbaan 4,Padelbaan 5,Padelbaan 6,Padelbaan 7,Padelbaan 8"
2026-05-01T05:15:48.308730,Vinkenveld,05:30,4,4,100.0,"booked: Padelbaan 1 / PURE Tennis & Padel,Padelbaan 2,Padelbaan 3,Padelbaan 4"
2026-05-01T05:45:53.152259,Terwegen,06:00,8,8,100.0,"booked: Padelbaan 1 (Panorama court),Padelbaan 2,Padelbaan 3,Padelbaan 4,Padelbaan 5,Padelbaan 6,Padelbaan 7,Padelbaan 8"
2026-05-01T05:45:53.152259,Vinkenveld,06:00,4,4,100.0,"booked: Padelbaan 1 / PURE Tennis & Padel,Padelbaan 2,Padelbaan 3,Padelbaan 4"
2026-05-01T06:15:46.785949,Terwegen,06:30,8,8,100.0,"booked: Padelbaan 1 (Panorama court),Padelbaan 2,Padelbaan 3,Padelbaan 4,Padelbaan 5,Padelbaan 6,Padelbaan 7,Padelbaan 8"
2026-05-01T06:15:46.785949,Vinkenveld,06:30,4,4,100.0,"booked: Padelbaan 1 / PURE Tennis & Padel,Padelbaan 2,Padelbaan 3,Padelbaan 4"
2026-05-01T06:45:56.917524,Terwegen,07:00,8,8,100.0,"booked: Padelbaan 1 (Panorama court),Padelbaan 2,Padelbaan 3,Padelbaan 4,Padelbaan 5,Padelbaan 6,Padelbaan 7,Padelbaan 8"
2026-05-01T06:45:56.917524,Vinkenveld,07:00,4,4,100.0,"booked: Padelbaan 1 / PURE Tennis & Padel,Padelbaan 2,Padelbaan 3,Padelbaan 4"
2026-05-01T07:16:12.573434,Terwegen,07:30,8,8,100.0,"booked: Padelbaan 1 (Panorama court),Padelbaan 2,Padelbaan 3,Padelbaan 4,Padelbaan 5,Padelbaan 6,Padelbaan 7,Padelbaan 8"
2026-05-01T07:16:12.573434,Vinkenveld,07:30,4,4,100.0,"booked: Padelbaan 1 / PURE Tennis & Padel,Padelbaan 2,Padelbaan 3,Padelbaan 4"
2026-05-01T07:45:50.027712,Terwegen,08:00,8,1,12.5,"booked: Padelbaan 3; available: Padelbaan 1 (Panorama court),Padelbaan 2,Padelbaan 4,Padelbaan 5,Padelbaan 6,Padelbaan 7,Padelbaan 8"
2026-05-01T07:45:50.027712,Vinkenveld,08:00,4,0,0.0,"available: Padelbaan 1 / PURE Tennis & Padel,Padelbaan 2,Padelbaan 3,Padelbaan 4"
2026-05-01T08:15:55.471476,Terwegen,08:30,8,2,25.0,"booked: Padelbaan 1 (Panorama court),Padelbaan 8; available: Padelbaan 2,Padelbaan 3,Padelbaan 4,Padelbaan 5,Padelbaan 6,Padelbaan 7"
2026-05-01T08:15:55.471476,Vinkenveld,08:30,4,0,0.0,"available: Padelbaan 1 / PURE Tennis & Padel,Padelbaan 2,Padelbaan 3,Padelbaan 4"
2026-05-01T14:46:12.215331,Terwegen,15:00,8,4,50.0,"booked: Padelbaan 1 (Panorama court),Padelbaan 2,Padelbaan 4,Padelbaan 8; available: Padelbaan 3,Padelbaan 5,Padelbaan 6,Padelbaan 7"
2026-05-01T14:46:12.215331,Vinkenveld,15:00,4,1,25.0,"booked: Padelbaan 1 / PURE Tennis & Padel; available: Padelbaan 2,Padelbaan 3,Padelbaan 4"
2026-05-01T15:15:49.183684,Terwegen,15:30,8,1,12.5,"booked: Padelbaan 8; available: Padelbaan 1 (Panorama court),Padelbaan 2,Padelbaan 3,Padelbaan 4,Padelbaan 5,Padelbaan 6,Padelbaan 7"
2026-05-01T15:15:49.183684,Vinkenveld,15:30,4,3,75.0,"booked: Padelbaan 1 / PURE Tennis & Padel,Padelbaan 2,Padelbaan 3; available: Padelbaan 4"
2026-05-01T15:45:46.076211,Terwegen,16:00,8,5,62.5,"booked: Padelbaan 1 (Panorama court),Padelbaan 2,Padelbaan 4,Padelbaan 7,Padelbaan 8; available: Padelbaan 3,Padelbaan 5,Padelbaan 6"
2026-05-01T15:45:46.076211,Vinkenveld,16:00,4,2,50.0,"booked: Padelbaan 2,Padelbaan 3; available: Padelbaan 1 / PURE Tennis & Padel,Padelbaan 4"
2026-05-01T16:15:55.944059,Terwegen,16:30,8,4,50.0,"booked: Padelbaan 1 (Panorama court),Padelbaan 2,Padelbaan 4,Padelbaan 8; available: Padelbaan 3,Padelbaan 5,Padelbaan 6,Padelbaan 7"
2026-05-01T16:15:55.944059,Vinkenveld,16:30,4,2,50.0,"booked: Padelbaan 2,Padelbaan 3; available: Padelbaan 1 / PURE Tennis & Padel,Padelbaan 4"
2026-05-01T16:45:51.445891,Terwegen,17:00,8,5,62.5,"booked: Padelbaan 1 (Panorama court),Padelbaan 2,Padelbaan 4,Padelbaan 7,Padelbaan 8; available: Padelbaan 3,Padelbaan 5,Padelbaan 6"
2026-05-01T16:45:51.445891,Vinkenveld,17:00,4,0,0.0,"available: Padelbaan 1 / PURE Tennis & Padel,Padelbaan 2,Padelbaan 3,Padelbaan 4"
2026-05-01T17:15:52.333057,Terwegen,17:30,8,6,75.0,"booked: Padelbaan 1 (Panorama court),Padelbaan 2,Padelbaan 3,Padelbaan 4,Padelbaan 7,Padelbaan 8; available: Padelbaan 5,Padelbaan 6"
2026-05-01T17:15:52.333057,Vinkenveld,17:30,4,0,0.0,"available: Padelbaan 1 / PURE Tennis & Padel,Padelbaan 2,Padelbaan 3,Padelbaan 4"
2026-05-01T17:45:50.612296,Terwegen,18:00,8,5,62.5,"booked: Padelbaan 1 (Panorama court),Padelbaan 2,Padelbaan 4,Padelbaan 7,Padelbaan 8; available: Padelbaan 3,Padelbaan 5,Padelbaan 6"
2026-05-01T17:45:50.612296,Vinkenveld,18:00,4,2,50.0,"booked: Padelbaan 1 / PURE Tennis & Padel,Padelbaan 3; available: Padelbaan 2,Padelbaan 4"
2026-05-01T18:15:49.374756,Terwegen,18:30,8,7,87.5,"booked: Padelbaan 2,Padelbaan 3,Padelbaan 4,Padelbaan 5,Padelbaan 6,Padelbaan 7,Padelbaan 8; available: Padelbaan 1 (Panorama court)"
2026-05-01T18:15:49.374756,Vinkenveld,18:30,4,4,100.0,"booked: Padelbaan 1 / PURE Tennis & Padel,Padelbaan 2,Padelbaan 3,Padelbaan 4"
2026-05-01T18:45:51.811848,Terwegen,19:00,8,6,75.0,"booked: Padelbaan 1 (Panorama court),Padelbaan 2,Padelbaan 3,Padelbaan 4,Padelbaan 7,Padelbaan 8; available: Padelbaan 5,Padelbaan 6"
2026-05-01T18:45:51.811848,Vinkenveld,19:00,4,4,100.0,"booked: Padelbaan 1 / PURE Tennis & Padel,Padelbaan 2,Padelbaan 3,Padelbaan 4"
2026-05-01T19:15:46.018896,Terwegen,19:30,8,8,100.0,"booked: Padelbaan 1 (Panorama court),Padelbaan 2,Padelbaan 3,Padelbaan 4,Padelbaan 5,Padelbaan 6,Padelbaan 7,Padelbaan 8"
2026-05-01T19:15:46.018896,Vinkenveld,19:30,4,4,100.0,"booked: Padelbaan 1 / PURE Tennis & Padel,Padelbaan 2,Padelbaan 3,Padelbaan 4"
2026-05-01T19:45:59.320143,Terwegen,20:00,8,8,100.0,"booked: Padelbaan 1 (Panorama court),Padelbaan 2,Padelbaan 3,Padelbaan 4,Padelbaan 5,Padelbaan 6,Padelbaan 7,Padelbaan 8"
2026-05-01T19:45:59.320143,Vinkenveld,20:00,4,4,100.0,"booked: Padelbaan 1 / PURE Tennis & Padel,Padelbaan 2,Padelbaan 3,Padelbaan 4"
2026-05-01T20:15:50.191112,Terwegen,20:30,8,8,100.0,"booked: Padelbaan 1 (Panorama court),Padelbaan 2,Padelbaan 3,Padelbaan 4,Padelbaan 5,Padelbaan 6,Padelbaan 7,Padelbaan 8"
2026-05-01T20:15:50.191112,Vinkenveld,20:30,4,0,0.0,"available: Padelbaan 1 / PURE Tennis & Padel,Padelbaan 2,Padelbaan 3,Padelbaan 4"
2026-05-01T20:45:50.899745,Terwegen,21:00,8,8,100.0,"booked: Padelbaan 1 (Panorama court),Padelbaan 2,Padelbaan 3,Padelbaan 4,Padelbaan 5,Padelbaan 6,Padelbaan 7,Padelbaan 8"
2026-05-01T20:45:50.899745,Vinkenveld,21:00,4,0,0.0,"available: Padelbaan 1 / PURE Tennis & Padel,Padelbaan 2,Padelbaan 3,Padelbaan 4"
2026-05-01T21:15:55.902766,Terwegen,21:30,8,8,100.0,"booked: Padelbaan 1 (Panorama court),Padelbaan 2,Padelbaan 3,Padelbaan 4,Padelbaan 5,Padelbaan 6,Padelbaan 7,Padelbaan 8"
2026-05-01T21:15:55.902766,Vinkenveld,21:30,4,0,0.0,"available: Padelbaan 1 / PURE Tennis & Padel,Padelbaan 2,Padelbaan 3,Padelbaan 4"
2026-05-01T21:45:49.611582,Terwegen,22:00,8,8,100.0,"booked: Padelbaan 1 (Panorama court),Padelbaan 2,Padelbaan 3,Padelbaan 4,Padelbaan 5,Padelbaan 6,Padelbaan 7,Padelbaan 8"
2026-05-01T21:45:49.611582,Vinkenveld,22:00,4,0,0.0,"available: Padelbaan 1 / PURE Tennis & Padel,Padelbaan 2,Padelbaan 3,Padelbaan 4"
2026-05-01T23:45:46.429865,Terwegen,00:00,8,8,100.0,"booked: Padelbaan 1 (Panorama court),Padelbaan 2,Padelbaan 3,Padelbaan 4,Padelbaan 5,Padelbaan 6,Padelbaan 7,Padelbaan 8"
2026-05-01T23:45:46.429865,Vinkenveld,00:00,4,4,100.0,"booked: Padelbaan 1 / PURE Tennis & Padel,Padelbaan 2,Padelbaan 3,Padelbaan 4"
2026-05-02T00:15:46.973005,Terwegen,00:30,8,8,100.0,"booked: Padelbaan 1 (Panorama court),Padelbaan 2,Padelbaan 3,Padelbaan 4,Padelbaan 5,Padelbaan 6,Padelbaan 7,Padelbaan 8"
2026-05-02T00:15:46.973005,Vinkenveld,00:30,4,4,100.0,"booked: Padelbaan 1 / PURE Tennis & Padel,Padelbaan 2,Padelbaan 3,Padelbaan 4"
2026-05-02T00:45:58.400983,Terwegen,01:00,8,8,100.0,"booked: Padelbaan 1 (Panorama court),Padelbaan 2,Padelbaan 3,Padelbaan 4,Padelbaan 5,Padelbaan 6,Padelbaan 7,Padelbaan 8"
2026-05-02T00:45:58.400983,Vinkenveld,01:00,4,4,100.0,"booked: Padelbaan 1 / PURE Tennis & Padel,Padelbaan 2,Padelbaan 3,Padelbaan 4"
2026-05-02T01:15:51.093628,Terwegen,01:30,8,8,100.0,"booked: Padelbaan 1 (Panorama court),Padelbaan 2,Padelbaan 3,Padelbaan 4,Padelbaan 5,Padelbaan 6,Padelbaan 7,Padelbaan 8"
2026-05-02T01:15:51.093628,Vinkenveld,01:30,4,4,100.0,"booked: Padelbaan 1 / PURE Tennis & Padel,Padelbaan 2,Padelbaan 3,Padelbaan 4"
2026-05-02T01:45:49.068454,Terwegen,02:00,8,8,100.0,"booked: Padelbaan 1 (Panorama court),Padelbaan 2,Padelbaan 3,Padelbaan 4,Padelbaan 5,Padelbaan 6,Padelbaan 7,Padelbaan 8"
2026-05-02T01:45:49.068454,Vinkenveld,02:00,4,4,100.0,"booked: Padelbaan 1 / PURE Tennis & Padel,Padelbaan 2,Padelbaan 3,Padelbaan 4"
2026-05-02T02:33:17.083016,Terwegen,03:00,8,8,100.0,"booked: Padelbaan 1 (Panorama court),Padelbaan 2,Padelbaan 3,Padelbaan 4,Padelbaan 5,Padelbaan 6,Padelbaan 7,Padelbaan 8"
2026-05-02T02:33:17.083016,Vinkenveld,03:00,4,4,100.0,"booked: Padelbaan 1 / PURE Tennis & Padel,Padelbaan 2,Padelbaan 3,Padelbaan 4"
2026-05-02T02:45:42.545535,Terwegen,03:00,8,8,100.0,"booked: Padelbaan 1 (Panorama court),Padelbaan 2,Padelbaan 3,Padelbaan 4,Padelbaan 5,Padelbaan 6,Padelbaan 7,Padelbaan 8"
2026-05-02T02:45:42.545535,Vinkenveld,03:00,4,4,100.0,"booked: Padelbaan 1 / PURE Tennis & Padel,Padelbaan 2,Padelbaan 3,Padelbaan 4"
2026-05-02T03:15:46.074617,Terwegen,03:30,8,8,100.0,"booked: Padelbaan 1 (Panorama court),Padelbaan 2,Padelbaan 3,Padelbaan 4,Padelbaan 5,Padelbaan 6,Padelbaan 7,Padelbaan 8"
2026-05-02T03:15:46.074617,Vinkenveld,03:30,4,4,100.0,"booked: Padelbaan 1 / PURE Tennis & Padel,Padelbaan 2,Padelbaan 3,Padelbaan 4"
2026-05-02T03:46:02.223624,Terwegen,04:00,8,8,100.0,"booked: Padelbaan 1 (Panorama court),Padelbaan 2,Padelbaan 3,Padelbaan 4,Padelbaan 5,Padelbaan 6,Padelbaan 7,Padelbaan 8"
2026-05-02T03:46:02.223624,Vinkenveld,04:00,4,4,100.0,"booked: Padelbaan 1 / PURE Tennis & Padel,Padelbaan 2,Padelbaan 3,Padelbaan 4"
2026-05-02T04:15:54.545495,Terwegen,04:30,8,8,100.0,"booked: Padelbaan 1 (Panorama court),Padelbaan 2,Padelbaan 3,Padelbaan 4,Padelbaan 5,Padelbaan 6,Padelbaan 7,Padelbaan 8"
2026-05-02T04:15:54.545495,Vinkenveld,04:30,4,4,100.0,"booked: Padelbaan 1 / PURE Tennis & Padel,Padelbaan 2,Padelbaan 3,Padelbaan 4"
2026-05-02T04:45:49.226564,Terwegen,05:00,8,8,100.0,"booked: Padelbaan 1 (Panorama court),Padelbaan 2,Padelbaan 3,Padelbaan 4,Padelbaan 5,Padelbaan 6,Padelbaan 7,Padelbaan 8"
2026-05-02T04:45:49.226564,Vinkenveld,05:00,4,4,100.0,"booked: Padelbaan 1 / PURE Tennis & Padel,Padelbaan 2,Padelbaan 3,Padelbaan 4"
2026-05-02T05:15:47.944232,Terwegen,05:30,8,8,100.0,"booked: Padelbaan 1 (Panorama court),Padelbaan 2,Padelbaan 3,Padelbaan 4,Padelbaan 5,Padelbaan 6,Padelbaan 7,Padelbaan 8"
2026-05-02T05:15:47.944232,Vinkenveld,05:30,4,4,100.0,"booked: Padelbaan 1 / PURE Tennis & Padel,Padelbaan 2,Padelbaan 3,Padelbaan 4"
2026-05-02T05:45:49.546478,Terwegen,06:00,8,8,100.0,"booked: Padelbaan 1 (Panorama court),Padelbaan 2,Padelbaan 3,Padelbaan 4,Padelbaan 5,Padelbaan 6,Padelbaan 7,Padelbaan 8"
2026-05-02T05:45:49.546478,Vinkenveld,06:00,4,4,100.0,"booked: Padelbaan 1 / PURE Tennis & Padel,Padelbaan 2,Padelbaan 3,Padelbaan 4"
2026-05-02T06:15:48.669675,Terwegen,06:30,8,8,100.0,"booked: Padelbaan 1 (Panorama court),Padelbaan 2,Padelbaan 3,Padelbaan 4,Padelbaan 5,Padelbaan 6,Padelbaan 7,Padelbaan 8"
2026-05-02T06:15:48.669675,Vinkenveld,06:30,4,4,100.0,"booked: Padelbaan 1 / PURE Tennis & Padel,Padelbaan 2,Padelbaan 3,Padelbaan 4"
2026-05-02T06:45:44.640052,Terwegen,07:00,8,8,100.0,"booked: Padelbaan 1 (Panorama court),Padelbaan 2,Padelbaan 3,Padelbaan 4,Padelbaan 5,Padelbaan 6,Padelbaan 7,Padelbaan 8"
2026-05-02T06:45:44.640052,Vinkenveld,07:00,4,4,100.0,"booked: Padelbaan 1 / PURE Tennis & Padel,Padelbaan 2,Padelbaan 3,Padelbaan 4"
2026-05-02T07:15:51.555332,Terwegen,07:30,8,8,100.0,"booked: Padelbaan 1 (Panorama court),Padelbaan 2,Padelbaan 3,Padelbaan 4,Padelbaan 5,Padelbaan 6,Padelbaan 7,Padelbaan 8"
2026-05-02T07:15:51.555332,Vinkenveld,07:30,4,4,100.0,"booked: Padelbaan 1 / PURE Tennis & Padel,Padelbaan 2,Padelbaan 3,Padelbaan 4"
2026-05-02T07:45:52.665814,Terwegen,08:00,8,1,12.5,"booked: Padelbaan 6; available: Padelbaan 1 (Panorama court),Padelbaan 2,Padelbaan 3,Padelbaan 4,Padelbaan 5,Padelbaan 7,Padelbaan 8"
2026-05-02T07:45:52.665814,Vinkenveld,08:00,4,0,0.0,"available: Padelbaan 1 / PURE Tennis & Padel,Padelbaan 2,Padelbaan 3,Padelbaan 4"
2026-05-02T08:15:51.277674,Terwegen,08:30,8,6,75.0,"booked: Padelbaan 1 (Panorama court),Padelbaan 3,Padelbaan 4,Padelbaan 5,Padelbaan 7,Padelbaan 8; available: Padelbaan 2,Padelbaan 6"
2026-05-02T08:15:51.277674,Vinkenveld,08:30,4,0,0.0,"available: Padelbaan 1 / PURE Tennis & Padel,Padelbaan 2,Padelbaan 3,Padelbaan 4"
2026-05-02T08:45:48.664966,Terwegen,09:00,8,4,50.0,"booked: Padelbaan 1 (Panorama court),Padelbaan 2,Padelbaan 6,Padelbaan 8; available: Padelbaan 3,Padelbaan 4,Padelbaan 5,Padelbaan 7"
2026-05-02T08:45:48.664966,Vinkenveld,09:00,4,0,0.0,"available: Padelbaan 1 / PURE Tennis & Padel,Padelbaan 2,Padelbaan 3,Padelbaan 4"
2026-05-02T09:15:49.832796,Terwegen,09:30,8,7,87.5,"booked: Padelbaan 1 (Panorama court),Padelbaan 3,Padelbaan 4,Padelbaan 5,Padelbaan 6,Padelbaan 7,Padelbaan 8; available: Padelbaan 2"
2026-05-02T09:15:49.832796,Vinkenveld,09:30,4,0,0.0,"available: Padelbaan 1 / PURE Tennis & Padel,Padelbaan 2,Padelbaan 3,Padelbaan 4"
2026-05-02T09:45:44.796197,Terwegen,10:00,8,8,100.0,"booked: Padelbaan 1 (Panorama court),Padelbaan 2,Padelbaan 3,Padelbaan 4,Padelbaan 5,Padelbaan 6,Padelbaan 7,Padelbaan 8"
2026-05-02T09:45:44.796197,Vinkenveld,10:00,4,1,25.0,"booked: Padelbaan 3; available: Padelbaan 1 / PURE Tennis & Padel,Padelbaan 2,Padelbaan 4"
2026-05-02T10:15:45.007648,Terwegen,10:30,8,8,100.0,"booked: Padelbaan 1 (Panorama court),Padelbaan 2,Padelbaan 3,Padelbaan 4,Padelbaan 5,Padelbaan 6,Padelbaan 7,Padelbaan 8"
2026-05-02T10:15:45.007648,Vinkenveld,10:30,4,1,25.0,"booked: Padelbaan 3; available: Padelbaan 1 / PURE Tennis & Padel,Padelbaan 2,Padelbaan 4"
2026-05-02T10:45:49.422513,Terwegen,11:00,8,8,100.0,"booked: Padelbaan 1 (Panorama court),Padelbaan 2,Padelbaan 3,Padelbaan 4,Padelbaan 5,Padelbaan 6,Padelbaan 7,Padelbaan 8"
2026-05-02T10:45:49.422513,Vinkenveld,11:00,4,1,25.0,"booked: Padelbaan 3; available: Padelbaan 1 / PURE Tennis & Padel,Padelbaan 2,Padelbaan 4"
2026-05-02T11:15:50.131733,Terwegen,11:30,8,6,75.0,"booked: Padelbaan 1 (Panorama court),Padelbaan 3,Padelbaan 4,Padelbaan 6,Padelbaan 7,Padelbaan 8; available: Padelbaan 2,Padelbaan 5"
2026-05-02T11:15:50.131733,Vinkenveld,11:30,4,2,50.0,"booked: Padelbaan 1 / PURE Tennis & Padel,Padelbaan 3; available: Padelbaan 2,Padelbaan 4"
2026-05-02T11:46:08.382674,Terwegen,12:00,8,5,62.5,"booked: Padelbaan 2,Padelbaan 4,Padelbaan 5,Padelbaan 6,Padelbaan 7; available: Padelbaan 1 (Panorama court),Padelbaan 3,Padelbaan 8"
2026-05-02T11:46:08.382674,Vinkenveld,12:00,4,3,75.0,"booked: Padelbaan 1 / PURE Tennis & Padel,Padelbaan 2,Padelbaan 3; available: Padelbaan 4"
2026-05-02T12:15:50.435044,Terwegen,12:30,8,5,62.5,"booked: Padelbaan 1 (Panorama court),Padelbaan 3,Padelbaan 4,Padelbaan 6,Padelbaan 8; available: Padelbaan 2,Padelbaan 5,Padelbaan 7"
2026-05-02T12:15:50.435044,Vinkenveld,12:30,4,2,50.0,"booked: Padelbaan 2,Padelbaan 3; available: Padelbaan 1 / PURE Tennis & Padel,Padelbaan 4"
2026-05-02T12:45:44.185484,Terwegen,13:00,8,5,62.5,"booked: Padelbaan 1 (Panorama court),Padelbaan 3,Padelbaan 4,Padelbaan 6,Padelbaan 7; available: Padelbaan 2,Padelbaan 5,Padelbaan 8"
2026-05-02T12:45:44.185484,Vinkenveld,13:00,4,3,75.0,"booked: Padelbaan 1 / PURE Tennis & Padel,Padelbaan 2,Padelbaan 3; available: Padelbaan 4"
2026-05-02T13:15:45.947587,Terwegen,13:30,8,4,50.0,"booked: Padelbaan 1 (Panorama court),Padelbaan 3,Padelbaan 4,Padelbaan 6; available: Padelbaan 2,Padelbaan 5,Padelbaan 7,Padelbaan 8"
2026-05-02T13:15:45.947587,Vinkenveld,13:30,4,4,100.0,"booked: Padelbaan 1 / PURE Tennis & Padel,Padelbaan 2,Padelbaan 3,Padelbaan 4"
2026-05-02T13:45:54.575993,Terwegen,14:00,8,4,50.0,"booked: Padelbaan 1 (Panorama court),Padelbaan 3,Padelbaan 4,Padelbaan 6; available: Padelbaan 2,Padelbaan 5,Padelbaan 7,Padelbaan 8"
2026-05-02T13:45:54.575993,Vinkenveld,14:00,4,4,100.0,"booked: Padelbaan 1 / PURE Tennis & Padel,Padelbaan 2,Padelbaan 3,Padelbaan 4"
2026-05-02T14:15:47.231782,Terwegen,14:30,8,4,50.0,"booked: Padelbaan 1 (Panorama court),Padelbaan 3,Padelbaan 4,Padelbaan 6; available: Padelbaan 2,Padelbaan 5,Padelbaan 7,Padelbaan 8"
2026-05-02T14:15:47.231782,Vinkenveld,14:30,4,4,100.0,"booked: Padelbaan 1 / PURE Tennis & Padel,Padelbaan 2,Padelbaan 3,Padelbaan 4"
2026-05-02T14:45:45.862770,Terwegen,15:00,8,1,12.5,"booked: Padelbaan 6; available: Padelbaan 1 (Panorama court),Padelbaan 2,Padelbaan 3,Padelbaan 4,Padelbaan 5,Padelbaan 7,Padelbaan 8"
2026-05-02T14:45:45.862770,Vinkenveld,15:00,4,2,50.0,"booked: Padelbaan 2,Padelbaan 3; available: Padelbaan 1 / PURE Tennis & Padel,Padelbaan 4"
2026-05-02T15:15:49.045840,Terwegen,15:30,8,4,50.0,"booked: Padelbaan 1 (Panorama court),Padelbaan 3,Padelbaan 4,Padelbaan 6; available: Padelbaan 2,Padelbaan 5,Padelbaan 7,Padelbaan 8"
2026-05-02T15:15:49.045840,Vinkenveld,15:30,4,3,75.0,"booked: Padelbaan 2,Padelbaan 3,Padelbaan 4; available: Padelbaan 1 / PURE Tennis & Padel"
2026-05-02T15:45:45.171492,Terwegen,16:00,8,1,12.5,"booked: Padelbaan 6; available: Padelbaan 1 (Panorama court),Padelbaan 2,Padelbaan 3,Padelbaan 4,Padelbaan 5,Padelbaan 7,Padelbaan 8"
2026-05-02T15:45:45.171492,Vinkenveld,16:00,4,3,75.0,"booked: Padelbaan 2,Padelbaan 3,Padelbaan 4; available: Padelbaan 1 / PURE Tennis & Padel"
2026-05-02T16:15:53.917072,Terwegen,16:30,8,2,25.0,"booked: Padelbaan 3,Padelbaan 6; available: Padelbaan 1 (Panorama court),Padelbaan 2,Padelbaan 4,Padelbaan 5,Padelbaan 7,Padelbaan 8"
2026-05-02T16:15:53.917072,Vinkenveld,16:30,4,3,75.0,"booked: Padelbaan 2,Padelbaan 3,Padelbaan 4; available: Padelbaan 1 / PURE Tennis & Padel"
2026-05-02T16:45:51.315711,Terwegen,17:00,8,1,12.5,"booked: Padelbaan 3; available: Padelbaan 1 (Panorama court),Padelbaan 2,Padelbaan 4,Padelbaan 5,Padelbaan 6,Padelbaan 7,Padelbaan 8"
2026-05-02T16:45:51.315711,Vinkenveld,17:00,4,1,25.0,"booked: Padelbaan 3; available: Padelbaan 1 / PURE Tennis & Padel,Padelbaan 2,Padelbaan 4"
2026-05-02T17:15:50.077921,Terwegen,17:30,8,2,25.0,"booked: Padelbaan 3,Padelbaan 6; available: Padelbaan 1 (Panorama court),Padelbaan 2,Padelbaan 4,Padelbaan 5,Padelbaan 7,Padelbaan 8"
2026-05-02T17:15:50.077921,Vinkenveld,17:30,4,1,25.0,"booked: Padelbaan 4; available: Padelbaan 1 / PURE Tennis & Padel,Padelbaan 2,Padelbaan 3"
2026-05-02T17:45:55.158171,Terwegen,18:00,8,1,12.5,"booked: Padelbaan 3; available: Padelbaan 1 (Panorama court),Padelbaan 2,Padelbaan 4,Padelbaan 5,Padelbaan 6,Padelbaan 7,Padelbaan 8"
2026-05-02T17:45:55.158171,Vinkenveld,18:00,4,1,25.0,"booked: Padelbaan 4; available: Padelbaan 1 / PURE Tennis & Padel,Padelbaan 2,Padelbaan 3"
2026-05-02T18:15:46.532535,Terwegen,18:30,8,8,100.0,"booked: Padelbaan 1 (Panorama court),Padelbaan 2,Padelbaan 3,Padelbaan 4,Padelbaan 5,Padelbaan 6,Padelbaan 7,Padelbaan 8"
2026-05-02T18:15:46.532535,Vinkenveld,18:30,4,1,25.0,"booked: Padelbaan 4; available: Padelbaan 1 / PURE Tennis & Padel,Padelbaan 2,Padelbaan 3"
2026-05-02T18:45:59.933987,Terwegen,19:00,8,0,0.0,"available: Padelbaan 1 (Panorama court),Padelbaan 2,Padelbaan 3,Padelbaan 4,Padelbaan 5,Padelbaan 6,Padelbaan 7,Padelbaan 8"
2026-05-02T18:45:59.933987,Vinkenveld,19:00,4,0,0.0,"available: Padelbaan 1 / PURE Tennis & Padel,Padelbaan 2,Padelbaan 3,Padelbaan 4"
2026-05-02T19:15:49.100116,Vinkenveld,19:30,4,1,25.0,"booked: Padelbaan 3; available: Padelbaan 1 / PURE Tennis & Padel,Padelbaan 2,Padelbaan 4"
2026-05-02T19:45:51.316492,Vinkenveld,20:00,4,1,25.0,"booked: Padelbaan 3; available: Padelbaan 1 / PURE Tennis & Padel,Padelbaan 2,Padelbaan 4"
2026-05-02T20:15:45.082280,Vinkenveld,20:30,4,1,25.0,"booked: Padelbaan 3; available: Padelbaan 1 / PURE Tennis & Padel,Padelbaan 2,Padelbaan 4"
2026-05-02T20:45:53.364486,Vinkenveld,21:00,4,1,25.0,"booked: Padelbaan 3; available: Padelbaan 1 / PURE Tennis & Padel,Padelbaan 2,Padelbaan 4"
2026-05-02T21:15:55.237644,Vinkenveld,21:30,4,4,100.0,"booked: Padelbaan 1 / PURE Tennis & Padel,Padelbaan 2,Padelbaan 3,Padelbaan 4"
2026-05-02T21:46:09.161752,Vinkenveld,22:00,4,4,100.0,"booked: Padelbaan 1 / PURE Tennis & Padel,Padelbaan 2,Padelbaan 3,Padelbaan 4"
2026-05-02T23:45:45.080083,Terwegen,00:00,8,8,100.0,"booked: Padelbaan 1 (Panorama court),Padelbaan 2,Padelbaan 3,Padelbaan 4,Padelbaan 5,Padelbaan 6,Padelbaan 7,Padelbaan 8"
2026-05-02T23:45:45.080083,Vinkenveld,00:00,4,4,100.0,"booked: Padelbaan 1 / PURE Tennis & Padel,Padelbaan 2,Padelbaan 3,Padelbaan 4"
2026-05-03T00:15:51.030810,Terwegen,00:30,8,8,100.0,"booked: Padelbaan 1 (Panorama court),Padelbaan 2,Padelbaan 3,Padelbaan 4,Padelbaan 5,Padelbaan 6,Padelbaan 7,Padelbaan 8"
2026-05-03T00:15:51.030810,Vinkenveld,00:30,4,4,100.0,"booked: Padelbaan 1 / PURE Tennis & Padel,Padelbaan 2,Padelbaan 3,Padelbaan 4"
2026-05-03T00:45:43.865010,Terwegen,01:00,8,8,100.0,"booked: Padelbaan 1 (Panorama court),Padelbaan 2,Padelbaan 3,Padelbaan 4,Padelbaan 5,Padelbaan 6,Padelbaan 7,Padelbaan 8"
2026-05-03T00:45:43.865010,Vinkenveld,01:00,4,4,100.0,"booked: Padelbaan 1 / PURE Tennis & Padel,Padelbaan 2,Padelbaan 3,Padelbaan 4"
2026-05-03T01:15:43.223716,Terwegen,01:30,8,8,100.0,"booked: Padelbaan 1 (Panorama court),Padelbaan 2,Padelbaan 3,Padelbaan 4,Padelbaan 5,Padelbaan 6,Padelbaan 7,Padelbaan 8"
2026-05-03T01:15:43.223716,Vinkenveld,01:30,4,4,100.0,"booked: Padelbaan 1 / PURE Tennis & Padel,Padelbaan 2,Padelbaan 3,Padelbaan 4"
2026-05-03T01:45:46.070810,Terwegen,02:00,8,8,100.0,"booked: Padelbaan 1 (Panorama court),Padelbaan 2,Padelbaan 3,Padelbaan 4,Padelbaan 5,Padelbaan 6,Padelbaan 7,Padelbaan 8"
2026-05-03T01:45:46.070810,Vinkenveld,02:00,4,4,100.0,"booked: Padelbaan 1 / PURE Tennis & Padel,Padelbaan 2,Padelbaan 3,Padelbaan 4"
2026-05-03T02:16:09.898325,Terwegen,02:30,8,8,100.0,"booked: Padelbaan 1 (Panorama court),Padelbaan 2,Padelbaan 3,Padelbaan 4,Padelbaan 5,Padelbaan 6,Padelbaan 7,Padelbaan 8"
2026-05-03T02:16:09.898325,Vinkenveld,02:30,4,4,100.0,"booked: Padelbaan 1 / PURE Tennis & Padel,Padelbaan 2,Padelbaan 3,Padelbaan 4"
2026-05-03T02:45:50.189368,Terwegen,03:00,8,8,100.0,"booked: Padelbaan 1 (Panorama court),Padelbaan 2,Padelbaan 3,Padelbaan 4,Padelbaan 5,Padelbaan 6,Padelbaan 7,Padelbaan 8"
2026-05-03T02:45:50.189368,Vinkenveld,03:00,4,4,100.0,"booked: Padelbaan 1 / PURE Tennis & Padel,Padelbaan 2,Padelbaan 3,Padelbaan 4"
2026-05-03T03:15:54.394544,Terwegen,03:30,8,8,100.0,"booked: Padelbaan 1 (Panorama court),Padelbaan 2,Padelbaan 3,Padelbaan 4,Padelbaan 5,Padelbaan 6,Padelbaan 7,Padelbaan 8"
2026-05-03T03:15:54.394544,Vinkenveld,03:30,4,4,100.0,"booked: Padelbaan 1 / PURE Tennis & Padel,Padelbaan 2,Padelbaan 3,Padelbaan 4"
2026-05-03T03:45:54.104645,Terwegen,04:00,8,8,100.0,"booked: Padelbaan 1 (Panorama court),Padelbaan 2,Padelbaan 3,Padelbaan 4,Padelbaan 5,Padelbaan 6,Padelbaan 7,Padelbaan 8"
2026-05-03T03:45:54.104645,Vinkenveld,04:00,4,4,100.0,"booked: Padelbaan 1 / PURE Tennis & Padel,Padelbaan 2,Padelbaan 3,Padelbaan 4"
2026-05-03T04:15:43.510279,Terwegen,04:30,8,8,100.0,"booked: Padelbaan 1 (Panorama court),Padelbaan 2,Padelbaan 3,Padelbaan 4,Padelbaan 5,Padelbaan 6,Padelbaan 7,Padelbaan 8"
2026-05-03T04:15:43.510279,Vinkenveld,04:30,4,4,100.0,"booked: Padelbaan 1 / PURE Tennis & Padel,Padelbaan 2,Padelbaan 3,Padelbaan 4"
2026-05-03T04:45:46.419001,Terwegen,05:00,8,8,100.0,"booked: Padelbaan 1 (Panorama court),Padelbaan 2,Padelbaan 3,Padelbaan 4,Padelbaan 5,Padelbaan 6,Padelbaan 7,Padelbaan 8"
2026-05-03T04:45:46.419001,Vinkenveld,05:00,4,4,100.0,"booked: Padelbaan 1 / PURE Tennis & Padel,Padelbaan 2,Padelbaan 3,Padelbaan 4"
2026-05-03T05:15:54.442175,Terwegen,05:30,8,8,100.0,"booked: Padelbaan 1 (Panorama court),Padelbaan 2,Padelbaan 3,Padelbaan 4,Padelbaan 5,Padelbaan 6,Padelbaan 7,Padelbaan 8"
2026-05-03T05:15:54.442175,Vinkenveld,05:30,4,4,100.0,"booked: Padelbaan 1 / PURE Tennis & Padel,Padelbaan 2,Padelbaan 3,Padelbaan 4"
2026-05-03T05:45:43.504837,Terwegen,06:00,8,8,100.0,"booked: Padelbaan 1 (Panorama court),Padelbaan 2,Padelbaan 3,Padelbaan 4,Padelbaan 5,Padelbaan 6,Padelbaan 7,Padelbaan 8"
2026-05-03T05:45:43.504837,Vinkenveld,06:00,4,4,100.0,"booked: Padelbaan 1 / PURE Tennis & Padel,Padelbaan 2,Padelbaan 3,Padelbaan 4"
2026-05-03T06:15:51.670382,Terwegen,06:30,8,8,100.0,"booked: Padelbaan 1 (Panorama court),Padelbaan 2,Padelbaan 3,Padelbaan 4,Padelbaan 5,Padelbaan 6,Padelbaan 7,Padelbaan 8"
2026-05-03T06:15:51.670382,Vinkenveld,06:30,4,4,100.0,"booked: Padelbaan 1 / PURE Tennis & Padel,Padelbaan 2,Padelbaan 3,Padelbaan 4"
2026-05-03T06:45:49.873130,Terwegen,07:00,8,8,100.0,"booked: Padelbaan 1 (Panorama court),Padelbaan 2,Padelbaan 3,Padelbaan 4,Padelbaan 5,Padelbaan 6,Padelbaan 7,Padelbaan 8"
2026-05-03T06:45:49.873130,Vinkenveld,07:00,4,4,100.0,"booked: Padelbaan 1 / PURE Tennis & Padel,Padelbaan 2,Padelbaan 3,Padelbaan 4"
2026-05-03T07:15:47.615130,Terwegen,07:30,8,8,100.0,"booked: Padelbaan 1 (Panorama court),Padelbaan 2,Padelbaan 3,Padelbaan 4,Padelbaan 5,Padelbaan 6,Padelbaan 7,Padelbaan 8"
2026-05-03T07:15:47.615130,Vinkenveld,07:30,4,4,100.0,"booked: Padelbaan 1 / PURE Tennis & Padel,Padelbaan 2,Padelbaan 3,Padelbaan 4"
2026-05-03T07:45:47.927239,Terwegen,08:00,8,3,37.5,"booked: Padelbaan 2,Padelbaan 3,Padelbaan 5; available: Padelbaan 1 (Panorama court),Padelbaan 4,Padelbaan 6,Padelbaan 7,Padelbaan 8"
2026-05-03T07:45:47.927239,Vinkenveld,08:00,4,1,25.0,"booked: Padelbaan 1 / PURE Tennis & Padel; available: Padelbaan 2,Padelbaan 3,Padelbaan 4"
2026-05-03T08:15:52.176560,Terwegen,08:30,8,7,87.5,"booked: Padelbaan 1 (Panorama court),Padelbaan 2,Padelbaan 3,Padelbaan 4,Padelbaan 6,Padelbaan 7,Padelbaan 8; available: Padelbaan 5"
2026-05-03T08:15:52.176560,Vinkenveld,08:30,4,3,75.0,"booked: Padelbaan 1 / PURE Tennis & Padel,Padelbaan 2,Padelbaan 4; available: Padelbaan 3"
2026-05-03T08:45:52.841608,Terwegen,09:00,8,7,87.5,"booked: Padelbaan 1 (Panorama court),Padelbaan 2,Padelbaan 3,Padelbaan 4,Padelbaan 5,Padelbaan 6,Padelbaan 7; available: Padelbaan 8"
2026-05-03T08:45:52.841608,Vinkenveld,09:00,4,4,100.0,"booked: Padelbaan 1 / PURE Tennis & Padel,Padelbaan 2,Padelbaan 3,Padelbaan 4"
2026-05-03T09:15:49.113703,Terwegen,09:30,8,8,100.0,"booked: Padelbaan 1 (Panorama court),Padelbaan 2,Padelbaan 3,Padelbaan 4,Padelbaan 5,Padelbaan 6,Padelbaan 7,Padelbaan 8"
2026-05-03T09:15:49.113703,Vinkenveld,09:30,4,4,100.0,"booked: Padelbaan 1 / PURE Tennis & Padel,Padelbaan 2,Padelbaan 3,Padelbaan 4"
2026-05-03T09:46:08.163306,Terwegen,10:00,8,8,100.0,"booked: Padelbaan 1 (Panorama court),Padelbaan 2,Padelbaan 3,Padelbaan 4,Padelbaan 5,Padelbaan 6,Padelbaan 7,Padelbaan 8"
2026-05-03T09:46:08.163306,Vinkenveld,10:00,4,4,100.0,"booked: Padelbaan 1 / PURE Tennis & Padel,Padelbaan 2,Padelbaan 3,Padelbaan 4"
2026-05-03T10:15:54.259480,Terwegen,10:30,8,8,100.0,"booked: Padelbaan 1 (Panorama court),Padelbaan 2,Padelbaan 3,Padelbaan 4,Padelbaan 5,Padelbaan 6,Padelbaan 7,Padelbaan 8"
2026-05-03T10:15:54.259480,Vinkenveld,10:30,4,4,100.0,"booked: Padelbaan 1 / PURE Tennis & Padel,Padelbaan 2,Padelbaan 3,Padelbaan 4"
2026-05-03T10:45:53.662750,Terwegen,11:00,8,8,100.0,"booked: Padelbaan 1 (Panorama court),Padelbaan 2,Padelbaan 3,Padelbaan 4,Padelbaan 5,Padelbaan 6,Padelbaan 7,Padelbaan 8"
2026-05-03T10:45:53.662750,Vinkenveld,11:00,4,4,100.0,"booked: Padelbaan 1 / PURE Tennis & Padel,Padelbaan 2,Padelbaan 3,Padelbaan 4"
2026-05-03T11:15:49.302076,Terwegen,11:30,8,8,100.0,"booked: Padelbaan 1 (Panorama court),Padelbaan 2,Padelbaan 3,Padelbaan 4,Padelbaan 5,Padelbaan 6,Padelbaan 7,Padelbaan 8"
2026-05-03T11:15:49.302076,Vinkenveld,11:30,4,4,100.0,"booked: Padelbaan 1 / PURE Tennis & Padel,Padelbaan 2,Padelbaan 3,Padelbaan 4"
2026-05-03T11:45:49.052194,Terwegen,12:00,8,8,100.0,"booked: Padelbaan 1 (Panorama court),Padelbaan 2,Padelbaan 3,Padelbaan 4,Padelbaan 5,Padelbaan 6,Padelbaan 7,Padelbaan 8"
2026-05-03T11:45:49.052194,Vinkenveld,12:00,4,4,100.0,"booked: Padelbaan 1 / PURE Tennis & Padel,Padelbaan 2,Padelbaan 3,Padelbaan 4"
2026-05-03T12:15:56.373995,Terwegen,12:30,8,8,100.0,"booked: Padelbaan 1 (Panorama court),Padelbaan 2,Padelbaan 3,Padelbaan 4,Padelbaan 5,Padelbaan 6,Padelbaan 7,Padelbaan 8"
2026-05-03T12:15:56.373995,Vinkenveld,12:30,4,4,100.0,"booked: Padelbaan 1 / PURE Tennis & Padel,Padelbaan 2,Padelbaan 3,Padelbaan 4"
2026-05-03T12:45:49.237899,Terwegen,13:00,8,7,87.5,"booked: Padelbaan 1 (Panorama court),Padelbaan 2,Padelbaan 3,Padelbaan 4,Padelbaan 5,Padelbaan 7,Padelbaan 8; available: Padelbaan 6"
2026-05-03T12:45:49.237899,Vinkenveld,13:00,4,4,100.0,"booked: Padelbaan 1 / PURE Tennis & Padel,Padelbaan 2,Padelbaan 3,Padelbaan 4"
2026-05-03T13:15:50.118444,Terwegen,13:30,8,8,100.0,"booked: Padelbaan 1 (Panorama court),Padelbaan 2,Padelbaan 3,Padelbaan 4,Padelbaan 5,Padelbaan 6,Padelbaan 7,Padelbaan 8"
2026-05-03T13:15:50.118444,Vinkenveld,13:30,4,3,75.0,"booked: Padelbaan 2,Padelbaan 3,Padelbaan 4; available: Padelbaan 1 / PURE Tennis & Padel"
2026-05-03T13:45:51.780524,Terwegen,14:00,8,8,100.0,"booked: Padelbaan 1 (Panorama court),Padelbaan 2,Padelbaan 3,Padelbaan 4,Padelbaan 5,Padelbaan 6,Padelbaan 7,Padelbaan 8"
2026-05-03T13:45:51.780524,Vinkenveld,14:00,4,4,100.0,"booked: Padelbaan 1 / PURE Tennis & Padel,Padelbaan 2,Padelbaan 3,Padelbaan 4"
2026-05-03T14:15:45.197060,Terwegen,14:30,8,8,100.0,"booked: Padelbaan 1 (Panorama court),Padelbaan 2,Padelbaan 3,Padelbaan 4,Padelbaan 5,Padelbaan 6,Padelbaan 7,Padelbaan 8"
2026-05-03T14:15:45.197060,Vinkenveld,14:30,4,4,100.0,"booked: Padelbaan 1 / PURE Tennis & Padel,Padelbaan 2,Padelbaan 3,Padelbaan 4"
2026-05-03T14:45:51.025849,Terwegen,15:00,8,7,87.5,"booked: Padelbaan 1 (Panorama court),Padelbaan 2,Padelbaan 3,Padelbaan 4,Padelbaan 6,Padelbaan 7,Padelbaan 8; available: Padelbaan 5"
2026-05-03T14:45:51.025849,Vinkenveld,15:00,4,4,100.0,"booked: Padelbaan 1 / PURE Tennis & Padel,Padelbaan 2,Padelbaan 3,Padelbaan 4"
2026-05-03T15:15:47.724233,Terwegen,15:30,8,6,75.0,"booked: Padelbaan 1 (Panorama court),Padelbaan 2,Padelbaan 3,Padelbaan 4,Padelbaan 5,Padelbaan 7; available: Padelbaan 6,Padelbaan 8"
2026-05-03T15:15:47.724233,Vinkenveld,15:30,4,3,75.0,"booked: Padelbaan 1 / PURE Tennis & Padel,Padelbaan 3,Padelbaan 4; available: Padelbaan 2"
2026-05-03T15:45:45.981377,Terwegen,16:00,8,8,100.0,"booked: Padelbaan 1 (Panorama court),Padelbaan 2,Padelbaan 3,Padelbaan 4,Padelbaan 5,Padelbaan 6,Padelbaan 7,Padelbaan 8"
2026-05-03T15:45:45.981377,Vinkenveld,16:00,4,1,25.0,"booked: Padelbaan 4; available: Padelbaan 1 / PURE Tennis & Padel,Padelbaan 2,Padelbaan 3"
2026-05-03T16:15:49.793263,Terwegen,16:30,8,8,100.0,"booked: Padelbaan 1 (Panorama court),Padelbaan 2,Padelbaan 3,Padelbaan 4,Padelbaan 5,Padelbaan 6,Padelbaan 7,Padelbaan 8"
2026-05-03T16:15:49.793263,Vinkenveld,16:30,4,1,25.0,"booked: Padelbaan 4; available: Padelbaan 1 / PURE Tennis & Padel,Padelbaan 2,Padelbaan 3"
2026-05-03T16:45:50.194449,Terwegen,17:00,8,4,50.0,"booked: Padelbaan 1 (Panorama court),Padelbaan 2,Padelbaan 6,Padelbaan 8; available: Padelbaan 3,Padelbaan 4,Padelbaan 5,Padelbaan 7"
2026-05-03T16:45:50.194449,Vinkenveld,17:00,4,0,0.0,"available: Padelbaan 1 / PURE Tennis & Padel,Padelbaan 2,Padelbaan 3,Padelbaan 4"
2026-05-03T17:15:43.110776,Terwegen,17:30,8,8,100.0,"booked: Padelbaan 1 (Panorama court),Padelbaan 2,Padelbaan 3,Padelbaan 4,Padelbaan 5,Padelbaan 6,Padelbaan 7,Padelbaan 8"
2026-05-03T17:15:43.110776,Vinkenveld,17:30,4,0,0.0,"available: Padelbaan 1 / PURE Tennis & Padel,Padelbaan 2,Padelbaan 3,Padelbaan 4"
2026-05-03T17:45:45.357031,Terwegen,18:00,8,1,12.5,"booked: Padelbaan 2; available: Padelbaan 1 (Panorama court),Padelbaan 3,Padelbaan 4,Padelbaan 5,Padelbaan 6,Padelbaan 7,Padelbaan 8"
2026-05-03T17:45:45.357031,Vinkenveld,18:00,4,0,0.0,"available: Padelbaan 1 / PURE Tennis & Padel,Padelbaan 2,Padelbaan 3,Padelbaan 4"
2026-05-03T18:15:42.936555,Vinkenveld,18:30,4,0,0.0,"available: Padelbaan 1 / PURE Tennis & Padel,Padelbaan 2,Padelbaan 3,Padelbaan 4"
2026-05-03T18:45:52.490011,Vinkenveld,19:00,4,2,50.0,"booked: Padelbaan 2,Padelbaan 4; available: Padelbaan 1 / PURE Tennis & Padel,Padelbaan 3"
2026-05-03T19:15:59.075692,Vinkenveld,19:30,4,2,50.0,"booked: Padelbaan 2,Padelbaan 4; available: Padelbaan 1 / PURE Tennis & Padel,Padelbaan 3"
2026-05-03T19:45:50.424502,Vinkenveld,20:00,4,2,50.0,"booked: Padelbaan 2,Padelbaan 4; available: Padelbaan 1 / PURE Tennis & Padel,Padelbaan 3"
2026-05-03T20:15:53.589864,Vinkenveld,20:30,4,2,50.0,"booked: Padelbaan 2,Padelbaan 3; available: Padelbaan 1 / PURE Tennis & Padel,Padelbaan 4"
2026-05-03T20:45:53.229962,Vinkenveld,21:00,4,1,25.0,"booked: Padelbaan 3; available: Padelbaan 1 / PURE Tennis & Padel,Padelbaan 2,Padelbaan 4"
2026-05-03T21:15:51.671372,Vinkenveld,21:30,4,4,100.0,"booked: Padelbaan 1 / PURE Tennis & Padel,Padelbaan 2,Padelbaan 3,Padelbaan 4"
2026-05-03T21:45:47.249476,Vinkenveld,22:00,4,4,100.0,"booked: Padelbaan 1 / PURE Tennis & Padel,Padelbaan 2,Padelbaan 3,Padelbaan 4"
2026-05-03T23:45:43.356900,Terwegen,00:00,8,8,100.0,"booked: Padelbaan 1 (Panorama court),Padelbaan 2,Padelbaan 3,Padelbaan 4,Padelbaan 5,Padelbaan 6,Padelbaan 7,Padelbaan 8"
2026-05-03T23:45:43.356900,Vinkenveld,00:00,4,4,100.0,"booked: Padelbaan 1 / PURE Tennis & Padel,Padelbaan 2,Padelbaan 3,Padelbaan 4"
2026-05-04T00:15:52.236684,Terwegen,00:30,8,8,100.0,"booked: Padelbaan 1 (Panorama court),Padelbaan 2,Padelbaan 3,Padelbaan 4,Padelbaan 5,Padelbaan 6,Padelbaan 7,Padelbaan 8"
2026-05-04T00:15:52.236684,Vinkenveld,00:30,4,4,100.0,"booked: Padelbaan 1 / PURE Tennis & Padel,Padelbaan 2,Padelbaan 3,Padelbaan 4"
2026-05-04T00:45:53.577511,Terwegen,01:00,8,8,100.0,"booked: Padelbaan 1 (Panorama court),Padelbaan 2,Padelbaan 3,Padelbaan 4,Padelbaan 5,Padelbaan 6,Padelbaan 7,Padelbaan 8"
2026-05-04T00:45:53.577511,Vinkenveld,01:00,4,4,100.0,"booked: Padelbaan 1 / PURE Tennis & Padel,Padelbaan 2,Padelbaan 3,Padelbaan 4"
2026-05-04T01:16:03.464386,Terwegen,01:30,8,8,100.0,"booked: Padelbaan 1 (Panorama court),Padelbaan 2,Padelbaan 3,Padelbaan 4,Padelbaan 5,Padelbaan 6,Padelbaan 7,Padelbaan 8"
2026-05-04T01:16:03.464386,Vinkenveld,01:30,4,4,100.0,"booked: Padelbaan 1 / PURE Tennis & Padel,Padelbaan 2,Padelbaan 3,Padelbaan 4"
2026-05-04T01:45:44.177475,Terwegen,02:00,8,8,100.0,"booked: Padelbaan 1 (Panorama court),Padelbaan 2,Padelbaan 3,Padelbaan 4,Padelbaan 5,Padelbaan 6,Padelbaan 7,Padelbaan 8"
2026-05-04T01:45:44.177475,Vinkenveld,02:00,4,4,100.0,"booked: Padelbaan 1 / PURE Tennis & Padel,Padelbaan 2,Padelbaan 3,Padelbaan 4"
2026-05-04T02:15:44.992238,Terwegen,02:30,8,8,100.0,"booked: Padelbaan 1 (Panorama court),Padelbaan 2,Padelbaan 3,Padelbaan 4,Padelbaan 5,Padelbaan 6,Padelbaan 7,Padelbaan 8"
2026-05-04T02:15:44.992238,Vinkenveld,02:30,4,4,100.0,"booked: Padelbaan 1 / PURE Tennis & Padel,Padelbaan 2,Padelbaan 3,Padelbaan 4"
2026-05-04T02:45:43.810854,Terwegen,03:00,8,8,100.0,"booked: Padelbaan 1 (Panorama court),Padelbaan 2,Padelbaan 3,Padelbaan 4,Padelbaan 5,Padelbaan 6,Padelbaan 7,Padelbaan 8"
2026-05-04T02:45:43.810854,Vinkenveld,03:00,4,4,100.0,"booked: Padelbaan 1 / PURE Tennis & Padel,Padelbaan 2,Padelbaan 3,Padelbaan 4"
2026-05-04T03:15:47.668539,Terwegen,03:30,8,8,100.0,"booked: Padelbaan 1 (Panorama court),Padelbaan 2,Padelbaan 3,Padelbaan 4,Padelbaan 5,Padelbaan 6,Padelbaan 7,Padelbaan 8"
2026-05-04T03:15:47.668539,Vinkenveld,03:30,4,4,100.0,"booked: Padelbaan 1 / PURE Tennis & Padel,Padelbaan 2,Padelbaan 3,Padelbaan 4"
2026-05-04T03:45:50.860718,Terwegen,04:00,8,8,100.0,"booked: Padelbaan 1 (Panorama court),Padelbaan 2,Padelbaan 3,Padelbaan 4,Padelbaan 5,Padelbaan 6,Padelbaan 7,Padelbaan 8"
2026-05-04T03:45:50.860718,Vinkenveld,04:00,4,4,100.0,"booked: Padelbaan 1 / PURE Tennis & Padel,Padelbaan 2,Padelbaan 3,Padelbaan 4"
2026-05-04T04:15:49.483804,Terwegen,04:30,8,8,100.0,"booked: Padelbaan 1 (Panorama court),Padelbaan 2,Padelbaan 3,Padelbaan 4,Padelbaan 5,Padelbaan 6,Padelbaan 7,Padelbaan 8"
2026-05-04T04:15:49.483804,Vinkenveld,04:30,4,4,100.0,"booked: Padelbaan 1 / PURE Tennis & Padel,Padelbaan 2,Padelbaan 3,Padelbaan 4"
2026-05-04T04:45:58.661745,Terwegen,05:00,8,8,100.0,"booked: Padelbaan 1 (Panorama court),Padelbaan 2,Padelbaan 3,Padelbaan 4,Padelbaan 5,Padelbaan 6,Padelbaan 7,Padelbaan 8"
2026-05-04T04:45:58.661745,Vinkenveld,05:00,4,4,100.0,"booked: Padelbaan 1 / PURE Tennis & Padel,Padelbaan 2,Padelbaan 3,Padelbaan 4"
2026-05-04T05:15:51.441664,Terwegen,05:30,8,8,100.0,"booked: Padelbaan 1 (Panorama court),Padelbaan 2,Padelbaan 3,Padelbaan 4,Padelbaan 5,Padelbaan 6,Padelbaan 7,Padelbaan 8"
2026-05-04T05:15:51.441664,Vinkenveld,05:30,4,4,100.0,"booked: Padelbaan 1 / PURE Tennis & Padel,Padelbaan 2,Padelbaan 3,Padelbaan 4"
2026-05-04T05:45:55.381885,Terwegen,06:00,8,8,100.0,"booked: Padelbaan 1 (Panorama court),Padelbaan 2,Padelbaan 3,Padelbaan 4,Padelbaan 5,Padelbaan 6,Padelbaan 7,Padelbaan 8"
2026-05-04T05:45:55.381885,Vinkenveld,06:00,4,4,100.0,"booked: Padelbaan 1 / PURE Tennis & Padel,Padelbaan 2,Padelbaan 3,Padelbaan 4"
2026-05-04T06:15:45.592601,Terwegen,06:30,8,8,100.0,"booked: Padelbaan 1 (Panorama court),Padelbaan 2,Padelbaan 3,Padelbaan 4,Padelbaan 5,Padelbaan 6,Padelbaan 7,Padelbaan 8"
2026-05-04T06:15:45.592601,Vinkenveld,06:30,4,4,100.0,"booked: Padelbaan 1 / PURE Tennis & Padel,Padelbaan 2,Padelbaan 3,Padelbaan 4"
2026-05-04T06:45:56.707307,Terwegen,07:00,8,8,100.0,"booked: Padelbaan 1 (Panorama court),Padelbaan 2,Padelbaan 3,Padelbaan 4,Padelbaan 5,Padelbaan 6,Padelbaan 7,Padelbaan 8"
2026-05-04T06:45:56.707307,Vinkenveld,07:00,4,4,100.0,"booked: Padelbaan 1 / PURE Tennis & Padel,Padelbaan 2,Padelbaan 3,Padelbaan 4"
2026-05-04T07:15:50.952014,Terwegen,07:30,8,8,100.0,"booked: Padelbaan 1 (Panorama court),Padelbaan 2,Padelbaan 3,Padelbaan 4,Padelbaan 5,Padelbaan 6,Padelbaan 7,Padelbaan 8"
2026-05-04T07:15:50.952014,Vinkenveld,07:30,4,4,100.0,"booked: Padelbaan 1 / PURE Tennis & Padel,Padelbaan 2,Padelbaan 3,Padelbaan 4"
2026-05-04T07:45:53.049046,Terwegen,08:00,8,0,0.0,"available: Padelbaan 1 (Panorama court),Padelbaan 2,Padelbaan 3,Padelbaan 4,Padelbaan 5,Padelbaan 6,Padelbaan 7,Padelbaan 8"
2026-05-04T07:45:53.049046,Vinkenveld,08:00,4,0,0.0,"available: Padelbaan 1 / PURE Tennis & Padel,Padelbaan 2,Padelbaan 3,Padelbaan 4"
2026-05-04T08:18:22.465035,Terwegen,08:30,8,1,12.5,"booked: Padelbaan 1 (Panorama court); available: Padelbaan 2,Padelbaan 3,Padelbaan 4,Padelbaan 5,Padelbaan 6,Padelbaan 7,Padelbaan 8"
2026-05-04T08:18:22.465035,Vinkenveld,08:30,4,0,0.0,"available: Padelbaan 1 / PURE Tennis & Padel,Padelbaan 2,Padelbaan 3,Padelbaan 4"
2026-05-04T08:47:56.905860,Terwegen,09:00,8,1,12.5,"booked: Padelbaan 1 (Panorama court); available: Padelbaan 2,Padelbaan 3,Padelbaan 4,Padelbaan 5,Padelbaan 6,Padelbaan 7,Padelbaan 8"
2026-05-04T08:47:56.905860,Vinkenveld,09:00,4,1,25.0,"booked: Padelbaan 4; available: Padelbaan 1 / PURE Tennis & Padel,Padelbaan 2,Padelbaan 3"
2026-05-04T09:16:01.887808,Terwegen,09:30,8,1,12.5,"booked: Padelbaan 1 (Panorama court); available: Padelbaan 2,Padelbaan 3,Padelbaan 4,Padelbaan 5,Padelbaan 6,Padelbaan 7,Padelbaan 8"
2026-05-04T09:16:01.887808,Vinkenveld,09:30,4,1,25.0,"booked: Padelbaan 4; available: Padelbaan 1 / PURE Tennis & Padel,Padelbaan 2,Padelbaan 3"
2026-05-04T09:45:51.157561,Terwegen,10:00,8,1,12.5,"booked: Padelbaan 1 (Panorama court); available: Padelbaan 2,Padelbaan 3,Padelbaan 4,Padelbaan 5,Padelbaan 6,Padelbaan 7,Padelbaan 8"
2026-05-04T09:45:51.157561,Vinkenveld,10:00,4,1,25.0,"booked: Padelbaan 4; available: Padelbaan 1 / PURE Tennis & Padel,Padelbaan 2,Padelbaan 3"
2026-05-04T10:15:51.709306,Terwegen,10:30,8,1,12.5,"booked: Padelbaan 3; available: Padelbaan 1 (Panorama court),Padelbaan 2,Padelbaan 4,Padelbaan 5,Padelbaan 6,Padelbaan 7,Padelbaan 8"
2026-05-04T10:15:51.709306,Vinkenveld,10:30,4,0,0.0,"available: Padelbaan 1 / PURE Tennis & Padel,Padelbaan 2,Padelbaan 3,Padelbaan 4"
2026-05-04T10:45:54.009729,Terwegen,11:00,8,1,12.5,"booked: Padelbaan 1 (Panorama court); available: Padelbaan 2,Padelbaan 3,Padelbaan 4,Padelbaan 5,Padelbaan 6,Padelbaan 7,Padelbaan 8"
2026-05-04T10:45:54.009729,Vinkenveld,11:00,4,0,0.0,"available: Padelbaan 1 / PURE Tennis & Padel,Padelbaan 2,Padelbaan 3,Padelbaan 4"
2026-05-04T11:15:46.851001,Terwegen,11:30,8,1,12.5,"booked: Padelbaan 3; available: Padelbaan 1 (Panorama court),Padelbaan 2,Padelbaan 4,Padelbaan 5,Padelbaan 6,Padelbaan 7,Padelbaan 8"
2026-05-04T11:15:46.851001,Vinkenveld,11:30,4,0,0.0,"available: Padelbaan 1 / PURE Tennis & Padel,Padelbaan 2,Padelbaan 3,Padelbaan 4"
2026-05-04T11:45:57.172368,Terwegen,12:00,8,1,12.5,"booked: Padelbaan 3; available: Padelbaan 1 (Panorama court),Padelbaan 2,Padelbaan 4,Padelbaan 5,Padelbaan 6,Padelbaan 7,Padelbaan 8"
2026-05-04T11:45:57.172368,Vinkenveld,12:00,4,0,0.0,"available: Padelbaan 1 / PURE Tennis & Padel,Padelbaan 2,Padelbaan 3,Padelbaan 4"
2026-05-04T12:15:51.275090,Terwegen,12:30,8,1,12.5,"booked: Padelbaan 3; available: Padelbaan 1 (Panorama court),Padelbaan 2,Padelbaan 4,Padelbaan 5,Padelbaan 6,Padelbaan 7,Padelbaan 8"
2026-05-04T12:15:51.275090,Vinkenveld,12:30,4,0,0.0,"available: Padelbaan 1 / PURE Tennis & Padel,Padelbaan 2,Padelbaan 3,Padelbaan 4"
2026-05-04T12:45:48.620721,Terwegen,13:00,8,1,12.5,"booked: Padelbaan 3; available: Padelbaan 1 (Panorama court),Padelbaan 2,Padelbaan 4,Padelbaan 5,Padelbaan 6,Padelbaan 7,Padelbaan 8"
2026-05-04T12:45:48.620721,Vinkenveld,13:00,4,2,50.0,"booked: Padelbaan 3,Padelbaan 4; available: Padelbaan 1 / PURE Tennis & Padel,Padelbaan 2"
2026-05-04T13:15:54.302575,Terwegen,13:30,8,0,0.0,"available: Padelbaan 1 (Panorama court),Padelbaan 2,Padelbaan 3,Padelbaan 4,Padelbaan 5,Padelbaan 6,Padelbaan 7,Padelbaan 8"
2026-05-04T13:15:54.302575,Vinkenveld,13:30,4,2,50.0,"booked: Padelbaan 3,Padelbaan 4; available: Padelbaan 1 / PURE Tennis & Padel,Padelbaan 2"
2026-05-04T13:45:52.484234,Terwegen,14:00,8,1,12.5,"booked: Padelbaan 3; available: Padelbaan 1 (Panorama court),Padelbaan 2,Padelbaan 4,Padelbaan 5,Padelbaan 6,Padelbaan 7,Padelbaan 8"
2026-05-04T13:45:52.484234,Vinkenveld,14:00,4,2,50.0,"booked: Padelbaan 3,Padelbaan 4; available: Padelbaan 1 / PURE Tennis & Padel,Padelbaan 2"
2026-05-04T14:15:53.970841,Terwegen,14:30,8,1,12.5,"booked: Padelbaan 3; available: Padelbaan 1 (Panorama court),Padelbaan 2,Padelbaan 4,Padelbaan 5,Padelbaan 6,Padelbaan 7,Padelbaan 8"
2026-05-04T14:15:53.970841,Vinkenveld,14:30,4,2,50.0,"booked: Padelbaan 3,Padelbaan 4; available: Padelbaan 1 / PURE Tennis & Padel,Padelbaan 2"
2026-05-04T14:45:46.080699,Terwegen,15:00,8,0,0.0,"available: Padelbaan 1 (Panorama court),Padelbaan 2,Padelbaan 3,Padelbaan 4,Padelbaan 5,Padelbaan 6,Padelbaan 7,Padelbaan 8"
2026-05-04T14:45:46.080699,Vinkenveld,15:00,4,0,0.0,"available: Padelbaan 1 / PURE Tennis & Padel,Padelbaan 2,Padelbaan 3,Padelbaan 4"
2026-05-04T15:15:50.454250,Terwegen,15:30,8,3,37.5,"booked: Padelbaan 2,Padelbaan 3,Padelbaan 7; available: Padelbaan 1 (Panorama court),Padelbaan 4,Padelbaan 5,Padelbaan 6,Padelbaan 8"
2026-05-04T15:15:50.454250,Vinkenveld,15:30,4,1,25.0,"booked: Padelbaan 3; available: Padelbaan 1 / PURE Tennis & Padel,Padelbaan 2,Padelbaan 4"
2026-05-04T15:45:53.791581,Terwegen,16:00,8,3,37.5,"booked: Padelbaan 1 (Panorama court),Padelbaan 3,Padelbaan 8; available: Padelbaan 2,Padelbaan 4,Padelbaan 5,Padelbaan 6,Padelbaan 7"
2026-05-04T15:45:53.791581,Vinkenveld,16:00,4,2,50.0,"booked: Padelbaan 3,Padelbaan 4; available: Padelbaan 1 / PURE Tennis & Padel,Padelbaan 2"
2026-05-04T16:15:56.546061,Terwegen,16:30,8,3,37.5,"booked: Padelbaan 2,Padelbaan 3,Padelbaan 7; available: Padelbaan 1 (Panorama court),Padelbaan 4,Padelbaan 5,Padelbaan 6,Padelbaan 8"
2026-05-04T16:15:56.546061,Vinkenveld,16:30,4,2,50.0,"booked: Padelbaan 3,Padelbaan 4; available: Padelbaan 1 / PURE Tennis & Padel,Padelbaan 2"
2026-05-04T16:45:51.264175,Terwegen,17:00,8,7,87.5,"booked: Padelbaan 1 (Panorama court),Padelbaan 2,Padelbaan 4,Padelbaan 5,Padelbaan 6,Padelbaan 7,Padelbaan 8; available: Padelbaan 3"
2026-05-04T16:45:51.264175,Vinkenveld,17:00,4,1,25.0,"booked: Padelbaan 2; available: Padelbaan 1 / PURE Tennis & Padel,Padelbaan 3,Padelbaan 4"
2026-05-04T17:15:55.456984,Terwegen,17:30,8,5,62.5,"booked: Padelbaan 1 (Panorama court),Padelbaan 2,Padelbaan 3,Padelbaan 7,Padelbaan 8; available: Padelbaan 4,Padelbaan 5,Padelbaan 6"
2026-05-04T17:15:55.456984,Vinkenveld,17:30,4,2,50.0,"booked: Padelbaan 3,Padelbaan 4; available: Padelbaan 1 / PURE Tennis & Padel,Padelbaan 2"
2026-05-04T17:45:54.284395,Terwegen,18:00,8,6,75.0,"booked: Padelbaan 1 (Panorama court),Padelbaan 2,Padelbaan 4,Padelbaan 5,Padelbaan 6,Padelbaan 8; available: Padelbaan 3,Padelbaan 7"
2026-05-04T17:45:54.284395,Vinkenveld,18:00,4,4,100.0,"booked: Padelbaan 1 / PURE Tennis & Padel,Padelbaan 2,Padelbaan 3,Padelbaan 4"
2026-05-04T18:16:07.787977,Terwegen,18:30,8,8,100.0,"booked: Padelbaan 1 (Panorama court),Padelbaan 2,Padelbaan 3,Padelbaan 4,Padelbaan 5,Padelbaan 6,Padelbaan 7,Padelbaan 8"
2026-05-04T18:16:07.787977,Vinkenveld,18:30,4,4,100.0,"booked: Padelbaan 1 / PURE Tennis & Padel,Padelbaan 2,Padelbaan 3,Padelbaan 4"
2026-05-04T18:45:48.453992,Terwegen,19:00,8,5,62.5,"booked: Padelbaan 1 (Panorama court),Padelbaan 2,Padelbaan 4,Padelbaan 5,Padelbaan 6; available: Padelbaan 3,Padelbaan 7,Padelbaan 8"
2026-05-04T18:45:48.453992,Vinkenveld,19:00,4,4,100.0,"booked: Padelbaan 1 / PURE Tennis & Padel,Padelbaan 2,Padelbaan 3,Padelbaan 4"
2026-05-04T19:15:58.488782,Terwegen,19:30,8,7,87.5,"booked: Padelbaan 1 (Panorama court),Padelbaan 2,Padelbaan 3,Padelbaan 4,Padelbaan 5,Padelbaan 7,Padelbaan 8; available: Padelbaan 6"
2026-05-04T19:15:58.488782,Vinkenveld,19:30,4,4,100.0,"booked: Padelbaan 1 / PURE Tennis & Padel,Padelbaan 2,Padelbaan 3,Padelbaan 4"
2026-05-04T19:45:52.199680,Terwegen,20:00,8,7,87.5,"booked: Padelbaan 1 (Panorama court),Padelbaan 2,Padelbaan 3,Padelbaan 5,Padelbaan 6,Padelbaan 7,Padelbaan 8; available: Padelbaan 4"
2026-05-04T19:45:52.199680,Vinkenveld,20:00,4,4,100.0,"booked: Padelbaan 1 / PURE Tennis & Padel,Padelbaan 2,Padelbaan 3,Padelbaan 4"
2026-05-04T20:15:49.944672,Terwegen,20:30,8,8,100.0,"booked: Padelbaan 1 (Panorama court),Padelbaan 2,Padelbaan 3,Padelbaan 4,Padelbaan 5,Padelbaan 6,Padelbaan 7,Padelbaan 8"
2026-05-04T20:15:49.944672,Vinkenveld,20:30,4,4,100.0,"booked: Padelbaan 1 / PURE Tennis & Padel,Padelbaan 2,Padelbaan 3,Padelbaan 4"
2026-05-04T20:45:48.000241,Terwegen,21:00,8,7,87.5,"booked: Padelbaan 1 (Panorama court),Padelbaan 2,Padelbaan 3,Padelbaan 5,Padelbaan 6,Padelbaan 7,Padelbaan 8; available: Padelbaan 4"
2026-05-04T20:45:48.000241,Vinkenveld,21:00,4,4,100.0,"booked: Padelbaan 1 / PURE Tennis & Padel,Padelbaan 2,Padelbaan 3,Padelbaan 4"
2026-05-04T21:15:49.561905,Terwegen,21:30,8,8,100.0,"booked: Padelbaan 1 (Panorama court),Padelbaan 2,Padelbaan 3,Padelbaan 4,Padelbaan 5,Padelbaan 6,Padelbaan 7,Padelbaan 8"
2026-05-04T21:15:49.561905,Vinkenveld,21:30,4,3,75.0,"booked: Padelbaan 1 / PURE Tennis & Padel,Padelbaan 3,Padelbaan 4; available: Padelbaan 2"
2026-05-04T21:46:01.900352,Terwegen,22:00,8,7,87.5,"booked: Padelbaan 1 (Panorama court),Padelbaan 2,Padelbaan 3,Padelbaan 5,Padelbaan 6,Padelbaan 7,Padelbaan 8; available: Padelbaan 4"
2026-05-04T21:46:01.900352,Vinkenveld,22:00,4,1,25.0,"booked: Padelbaan 3; available: Padelbaan 1 / PURE Tennis & Padel,Padelbaan 2,Padelbaan 4"
2026-05-04T23:45:50.277594,Terwegen,00:00,8,8,100.0,"booked: Padelbaan 1 (Panorama court),Padelbaan 2,Padelbaan 3,Padelbaan 4,Padelbaan 5,Padelbaan 6,Padelbaan 7,Padelbaan 8"
2026-05-04T23:45:50.277594,Vinkenveld,00:00,4,4,100.0,"booked: Padelbaan 1 / PURE Tennis & Padel,Padelbaan 2,Padelbaan 3,Padelbaan 4"
2026-05-05T00:15:49.615086,Terwegen,00:30,8,8,100.0,"booked: Padelbaan 1 (Panorama court),Padelbaan 2,Padelbaan 3,Padelbaan 4,Padelbaan 5,Padelbaan 6,Padelbaan 7,Padelbaan 8"
2026-05-05T00:15:49.615086,Vinkenveld,00:30,4,4,100.0,"booked: Padelbaan 1 / PURE Tennis & Padel,Padelbaan 2,Padelbaan 3,Padelbaan 4"
2026-05-05T00:45:54.643208,Terwegen,01:00,8,8,100.0,"booked: Padelbaan 1 (Panorama court),Padelbaan 2,Padelbaan 3,Padelbaan 4,Padelbaan 5,Padelbaan 6,Padelbaan 7,Padelbaan 8"
2026-05-05T00:45:54.643208,Vinkenveld,01:00,4,4,100.0,"booked: Padelbaan 1 / PURE Tennis & Padel,Padelbaan 2,Padelbaan 3,Padelbaan 4"
2026-05-05T01:15:45.887879,Terwegen,01:30,8,8,100.0,"booked: Padelbaan 1 (Panorama court),Padelbaan 2,Padelbaan 3,Padelbaan 4,Padelbaan 5,Padelbaan 6,Padelbaan 7,Padelbaan 8"
2026-05-05T01:15:45.887879,Vinkenveld,01:30,4,4,100.0,"booked: Padelbaan 1 / PURE Tennis & Padel,Padelbaan 2,Padelbaan 3,Padelbaan 4"
2026-05-05T01:46:04.958743,Terwegen,02:00,8,8,100.0,"booked: Padelbaan 1 (Panorama court),Padelbaan 2,Padelbaan 3,Padelbaan 4,Padelbaan 5,Padelbaan 6,Padelbaan 7,Padelbaan 8"
2026-05-05T01:46:04.958743,Vinkenveld,02:00,4,4,100.0,"booked: Padelbaan 1 / PURE Tennis & Padel,Padelbaan 2,Padelbaan 3,Padelbaan 4"
2026-05-05T02:15:46.062507,Terwegen,02:30,8,8,100.0,"booked: Padelbaan 1 (Panorama court),Padelbaan 2,Padelbaan 3,Padelbaan 4,Padelbaan 5,Padelbaan 6,Padelbaan 7,Padelbaan 8"
2026-05-05T02:15:46.062507,Vinkenveld,02:30,4,4,100.0,"booked: Padelbaan 1 / PURE Tennis & Padel,Padelbaan 2,Padelbaan 3,Padelbaan 4"
2026-05-05T02:45:50.089665,Terwegen,03:00,8,8,100.0,"booked: Padelbaan 1 (Panorama court),Padelbaan 2,Padelbaan 3,Padelbaan 4,Padelbaan 5,Padelbaan 6,Padelbaan 7,Padelbaan 8"
2026-05-05T02:45:50.089665,Vinkenveld,03:00,4,4,100.0,"booked: Padelbaan 1 / PURE Tennis & Padel,Padelbaan 2,Padelbaan 3,Padelbaan 4"
2026-05-05T03:15:43.449615,Terwegen,03:30,8,8,100.0,"booked: Padelbaan 1 (Panorama court),Padelbaan 2,Padelbaan 3,Padelbaan 4,Padelbaan 5,Padelbaan 6,Padelbaan 7,Padelbaan 8"
2026-05-05T03:15:43.449615,Vinkenveld,03:30,4,4,100.0,"booked: Padelbaan 1 / PURE Tennis & Padel,Padelbaan 2,Padelbaan 3,Padelbaan 4"
2026-05-05T03:45:45.235975,Terwegen,04:00,8,8,100.0,"booked: Padelbaan 1 (Panorama court),Padelbaan 2,Padelbaan 3,Padelbaan 4,Padelbaan 5,Padelbaan 6,Padelbaan 7,Padelbaan 8"
2026-05-05T03:45:45.235975,Vinkenveld,04:00,4,4,100.0,"booked: Padelbaan 1 / PURE Tennis & Padel,Padelbaan 2,Padelbaan 3,Padelbaan 4"
2026-05-05T04:15:45.487289,Terwegen,04:30,8,8,100.0,"booked: Padelbaan 1 (Panorama court),Padelbaan 2,Padelbaan 3,Padelbaan 4,Padelbaan 5,Padelbaan 6,Padelbaan 7,Padelbaan 8"
2026-05-05T04:15:45.487289,Vinkenveld,04:30,4,4,100.0,"booked: Padelbaan 1 / PURE Tennis & Padel,Padelbaan 2,Padelbaan 3,Padelbaan 4"
2026-05-05T04:45:53.145744,Terwegen,05:00,8,8,100.0,"booked: Padelbaan 1 (Panorama court),Padelbaan 2,Padelbaan 3,Padelbaan 4,Padelbaan 5,Padelbaan 6,Padelbaan 7,Padelbaan 8"
2026-05-05T04:45:53.145744,Vinkenveld,05:00,4,4,100.0,"booked: Padelbaan 1 / PURE Tennis & Padel,Padelbaan 2,Padelbaan 3,Padelbaan 4"
2026-05-05T05:15:45.431533,Terwegen,05:30,8,8,100.0,"booked: Padelbaan 1 (Panorama court),Padelbaan 2,Padelbaan 3,Padelbaan 4,Padelbaan 5,Padelbaan 6,Padelbaan 7,Padelbaan 8"
2026-05-05T05:15:45.431533,Vinkenveld,05:30,4,4,100.0,"booked: Padelbaan 1 / PURE Tennis & Padel,Padelbaan 2,Padelbaan 3,Padelbaan 4"
2026-05-05T05:45:50.240846,Terwegen,06:00,8,8,100.0,"booked: Padelbaan 1 (Panorama court),Padelbaan 2,Padelbaan 3,Padelbaan 4,Padelbaan 5,Padelbaan 6,Padelbaan 7,Padelbaan 8"
2026-05-05T05:45:50.240846,Vinkenveld,06:00,4,4,100.0,"booked: Padelbaan 1 / PURE Tennis & Padel,Padelbaan 2,Padelbaan 3,Padelbaan 4"
2026-05-05T06:15:52.614786,Terwegen,06:30,8,8,100.0,"booked: Padelbaan 1 (Panorama court),Padelbaan 2,Padelbaan 3,Padelbaan 4,Padelbaan 5,Padelbaan 6,Padelbaan 7,Padelbaan 8"
2026-05-05T06:15:52.614786,Vinkenveld,06:30,4,4,100.0,"booked: Padelbaan 1 / PURE Tennis & Padel,Padelbaan 2,Padelbaan 3,Padelbaan 4"
2026-05-05T06:45:45.025096,Terwegen,07:00,8,8,100.0,"booked: Padelbaan 1 (Panorama court),Padelbaan 2,Padelbaan 3,Padelbaan 4,Padelbaan 5,Padelbaan 6,Padelbaan 7,Padelbaan 8"
2026-05-05T06:45:45.025096,Vinkenveld,07:00,4,4,100.0,"booked: Padelbaan 1 / PURE Tennis & Padel,Padelbaan 2,Padelbaan 3,Padelbaan 4"
2026-05-05T07:16:00.682653,Terwegen,07:30,8,8,100.0,"booked: Padelbaan 1 (Panorama court),Padelbaan 2,Padelbaan 3,Padelbaan 4,Padelbaan 5,Padelbaan 6,Padelbaan 7,Padelbaan 8"
2026-05-05T07:16:00.682653,Vinkenveld,07:30,4,4,100.0,"booked: Padelbaan 1 / PURE Tennis & Padel,Padelbaan 2,Padelbaan 3,Padelbaan 4"
2026-05-05T07:45:49.221630,Terwegen,08:00,8,1,12.5,"booked: Padelbaan 3; available: Padelbaan 1 (Panorama court),Padelbaan 2,Padelbaan 4,Padelbaan 5,Padelbaan 6,Padelbaan 7,Padelbaan 8"
2026-05-05T07:45:49.221630,Vinkenveld,08:00,4,0,0.0,"available: Padelbaan 1 / PURE Tennis & Padel,Padelbaan 2,Padelbaan 3,Padelbaan 4"
2026-05-05T08:15:55.615344,Terwegen,08:30,8,8,100.0,"booked: Padelbaan 1 (Panorama court),Padelbaan 2,Padelbaan 3,Padelbaan 4,Padelbaan 5,Padelbaan 6,Padelbaan 7,Padelbaan 8"
2026-05-05T08:15:55.615344,Vinkenveld,08:30,4,0,0.0,"available: Padelbaan 1 / PURE Tennis & Padel,Padelbaan 2,Padelbaan 3,Padelbaan 4"
2026-05-05T08:45:54.197869,Terwegen,09:00,8,3,37.5,"booked: Padelbaan 1 (Panorama court),Padelbaan 5,Padelbaan 8; available: Padelbaan 2,Padelbaan 3,Padelbaan 4,Padelbaan 6,Padelbaan 7"
2026-05-05T08:45:54.197869,Vinkenveld,09:00,4,1,25.0,"booked: Padelbaan 4; available: Padelbaan 1 / PURE Tennis & Padel,Padelbaan 2,Padelbaan 3"
2026-05-05T09:16:00.333951,Terwegen,09:30,8,8,100.0,"booked: Padelbaan 1 (Panorama court),Padelbaan 2,Padelbaan 3,Padelbaan 4,Padelbaan 5,Padelbaan 6,Padelbaan 7,Padelbaan 8"
2026-05-05T09:16:00.333951,Vinkenveld,09:30,4,1,25.0,"booked: Padelbaan 4; available: Padelbaan 1 / PURE Tennis & Padel,Padelbaan 2,Padelbaan 3"
2026-05-05T09:45:52.246329,Terwegen,10:00,8,8,100.0,"booked: Padelbaan 1 (Panorama court),Padelbaan 2,Padelbaan 3,Padelbaan 4,Padelbaan 5,Padelbaan 6,Padelbaan 7,Padelbaan 8"
2026-05-05T09:45:52.246329,Vinkenveld,10:00,4,2,50.0,"booked: Padelbaan 3,Padelbaan 4; available: Padelbaan 1 / PURE Tennis & Padel,Padelbaan 2"
2026-05-05T10:15:54.715706,Terwegen,10:30,8,8,100.0,"booked: Padelbaan 1 (Panorama court),Padelbaan 2,Padelbaan 3,Padelbaan 4,Padelbaan 5,Padelbaan 6,Padelbaan 7,Padelbaan 8"
2026-05-05T10:15:54.715706,Vinkenveld,10:30,4,1,25.0,"booked: Padelbaan 3; available: Padelbaan 1 / PURE Tennis & Padel,Padelbaan 2,Padelbaan 4"
2026-05-05T10:45:54.472753,Terwegen,11:00,8,8,100.0,"booked: Padelbaan 1 (Panorama court),Padelbaan 2,Padelbaan 3,Padelbaan 4,Padelbaan 5,Padelbaan 6,Padelbaan 7,Padelbaan 8"
2026-05-05T10:45:54.472753,Vinkenveld,11:00,4,1,25.0,"booked: Padelbaan 3; available: Padelbaan 1 / PURE Tennis & Padel,Padelbaan 2,Padelbaan 4"
2026-05-05T11:16:00.032694,Terwegen,11:30,8,8,100.0,"booked: Padelbaan 1 (Panorama court),Padelbaan 2,Padelbaan 3,Padelbaan 4,Padelbaan 5,Padelbaan 6,Padelbaan 7,Padelbaan 8"
2026-05-05T11:16:00.032694,Vinkenveld,11:30,4,1,25.0,"booked: Padelbaan 3; available: Padelbaan 1 / PURE Tennis & Padel,Padelbaan 2,Padelbaan 4"
2026-05-05T11:45:53.131664,Terwegen,12:00,8,8,100.0,"booked: Padelbaan 1 (Panorama court),Padelbaan 2,Padelbaan 3,Padelbaan 4,Padelbaan 5,Padelbaan 6,Padelbaan 7,Padelbaan 8"
2026-05-05T11:45:53.131664,Vinkenveld,12:00,4,0,0.0,"available: Padelbaan 1 / PURE Tennis & Padel,Padelbaan 2,Padelbaan 3,Padelbaan 4"
2026-05-05T12:15:56.491313,Terwegen,12:30,8,7,87.5,"booked: Padelbaan 1 (Panorama court),Padelbaan 2,Padelbaan 3,Padelbaan 4,Padelbaan 5,Padelbaan 6,Padelbaan 7; available: Padelbaan 8"
2026-05-05T12:46:00.993062,Terwegen,13:00,8,3,37.5,"booked: Padelbaan 1 (Panorama court),Padelbaan 7,Padelbaan 8; available: Padelbaan 2,Padelbaan 3,Padelbaan 4,Padelbaan 5,Padelbaan 6"
2026-05-05T12:46:00.993062,Vinkenveld,13:00,4,1,25.0,"booked: Padelbaan 1 / PURE Tennis & Padel; available: Padelbaan 2,Padelbaan 3,Padelbaan 4"
2026-05-05T13:15:57.462522,Terwegen,13:30,8,6,75.0,"booked: Padelbaan 1 (Panorama court),Padelbaan 2,Padelbaan 3,Padelbaan 4,Padelbaan 5,Padelbaan 6; available: Padelbaan 7,Padelbaan 8"
2026-05-05T13:45:54.362144,Terwegen,14:00,8,2,25.0,"booked: Padelbaan 1 (Panorama court),Padelbaan 7; available: Padelbaan 2,Padelbaan 3,Padelbaan 4,Padelbaan 5,Padelbaan 6,Padelbaan 8"
2026-05-05T13:45:54.362144,Vinkenveld,14:00,4,0,0.0,"available: Padelbaan 1 / PURE Tennis & Padel,Padelbaan 2,Padelbaan 3,Padelbaan 4"
2026-05-05T14:16:02.522073,Terwegen,14:30,8,4,50.0,"booked: Padelbaan 2,Padelbaan 3,Padelbaan 4,Padelbaan 5; available: Padelbaan 1 (Panorama court),Padelbaan 6,Padelbaan 7,Padelbaan 8"
2026-05-05T14:16:02.522073,Vinkenveld,14:30,4,0,0.0,"available: Padelbaan 1 / PURE Tennis & Padel,Padelbaan 2,Padelbaan 3,Padelbaan 4"
2026-05-05T14:45:48.020671,Terwegen,15:00,8,4,50.0,"booked: Padelbaan 1 (Panorama court),Padelbaan 2,Padelbaan 4,Padelbaan 5; available: Padelbaan 3,Padelbaan 6,Padelbaan 7,Padelbaan 8"
2026-05-05T14:45:48.020671,Vinkenveld,15:00,4,0,0.0,"available: Padelbaan 1 / PURE Tennis & Padel,Padelbaan 2,Padelbaan 3,Padelbaan 4"
2026-05-05T15:15:57.963893,Terwegen,15:30,8,4,50.0,"booked: Padelbaan 2,Padelbaan 3,Padelbaan 4,Padelbaan 5; available: Padelbaan 1 (Panorama court),Padelbaan 6,Padelbaan 7,Padelbaan 8"
2026-05-05T15:15:57.963893,Vinkenveld,15:30,4,0,0.0,"available: Padelbaan 1 / PURE Tennis & Padel,Padelbaan 2,Padelbaan 3,Padelbaan 4"
2026-05-05T18:32:11.157306,Terwegen,19:00,8,8,100.0,"booked: Padelbaan 1 (Panorama court),Padelbaan 2,Padelbaan 3,Padelbaan 4,Padelbaan 5,Padelbaan 6,Padelbaan 7,Padelbaan 8"
2026-05-05T18:32:11.157306,Vinkenveld,19:00,4,4,100.0,"booked: Padelbaan 1 / PURE Tennis & Padel,Padelbaan 2,Padelbaan 3,Padelbaan 4"
2026-05-05T18:51:23.910158,Terwegen,19:00,8,8,100.0,"booked: Padelbaan 1 (Panorama court),Padelbaan 2,Padelbaan 3,Padelbaan 4,Padelbaan 5,Padelbaan 6,Padelbaan 7,Padelbaan 8"
2026-05-05T18:51:23.910158,Vinkenveld,19:00,4,4,100.0,"booked: Padelbaan 1 / PURE Tennis & Padel,Padelbaan 2,Padelbaan 3,Padelbaan 4"
2026-05-05T19:16:48.708482,Terwegen,19:30,8,8,100.0,"booked: Padelbaan 1 (Panorama court),Padelbaan 2,Padelbaan 3,Padelbaan 4,Padelbaan 5,Padelbaan 6,Padelbaan 7,Padelbaan 8"
2026-05-05T19:16:48.708482,Vinkenveld,19:30,4,4,100.0,"booked: Padelbaan 1 / PURE Tennis & Padel,Padelbaan 2,Padelbaan 3,Padelbaan 4"
2026-05-05T19:46:51.729715,Terwegen,20:00,8,8,100.0,"booked: Padelbaan 1 (Panorama court),Padelbaan 2,Padelbaan 3,Padelbaan 4,Padelbaan 5,Padelbaan 6,Padelbaan 7,Padelbaan 8"
2026-05-05T19:46:51.729715,Vinkenveld,20:00,4,4,100.0,"booked: Padelbaan 1 / PURE Tennis & Padel,Padelbaan 2,Padelbaan 3,Padelbaan 4"
2026-05-05T20:15:52.936039,Terwegen,20:30,8,8,100.0,"booked: Padelbaan 1 (Panorama court),Padelbaan 2,Padelbaan 3,Padelbaan 4,Padelbaan 5,Padelbaan 6,Padelbaan 7,Padelbaan 8"
2026-05-05T20:15:52.936039,Vinkenveld,20:30,4,4,100.0,"booked: Padelbaan 1 / PURE Tennis & Padel,Padelbaan 2,Padelbaan 3,Padelbaan 4"
2026-05-05T20:48:13.259301,Terwegen,21:00,8,8,100.0,"booked: Padelbaan 1 (Panorama court),Padelbaan 2,Padelbaan 3,Padelbaan 4,Padelbaan 5,Padelbaan 6,Padelbaan 7,Padelbaan 8"
2026-05-05T20:48:13.259301,Vinkenveld,21:00,4,3,75.0,"booked: Padelbaan 2,Padelbaan 3,Padelbaan 4; available: Padelbaan 1 / PURE Tennis & Padel"
2026-05-05T21:15:48.321526,Terwegen,21:30,8,8,100.0,"booked: Padelbaan 1 (Panorama court),Padelbaan 2,Padelbaan 3,Padelbaan 4,Padelbaan 5,Padelbaan 6,Padelbaan 7,Padelbaan 8"
2026-05-05T21:15:48.321526,Vinkenveld,21:30,4,2,50.0,"booked: Padelbaan 2,Padelbaan 3; available: Padelbaan 1 / PURE Tennis & Padel,Padelbaan 4"
2026-05-05T21:45:53.173351,Terwegen,22:00,8,8,100.0,"booked: Padelbaan 1 (Panorama court),Padelbaan 2,Padelbaan 3,Padelbaan 4,Padelbaan 5,Padelbaan 6,Padelbaan 7,Padelbaan 8"
2026-05-05T21:45:53.173351,Vinkenveld,22:00,4,0,0.0,"available: Padelbaan 1 / PURE Tennis & Padel,Padelbaan 2,Padelbaan 3,Padelbaan 4"
2026-05-05T23:48:09.827532,Terwegen,00:00,8,8,100.0,"booked: Padelbaan 1 (Panorama court),Padelbaan 2,Padelbaan 3,Padelbaan 4,Padelbaan 5,Padelbaan 6,Padelbaan 7,Padelbaan 8"
2026-05-05T23:48:09.827532,Vinkenveld,00:00,4,4,100.0,"booked: Padelbaan 1 / PURE Tennis & Padel,Padelbaan 2,Padelbaan 3,Padelbaan 4"
2026-05-06T00:15:54.159994,Terwegen,00:30,8,8,100.0,"booked: Padelbaan 1 (Panorama court),Padelbaan 2,Padelbaan 3,Padelbaan 4,Padelbaan 5,Padelbaan 6,Padelbaan 7,Padelbaan 8"
2026-05-06T00:15:54.159994,Vinkenveld,00:30,4,4,100.0,"booked: Padelbaan 1 / PURE Tennis & Padel,Padelbaan 2,Padelbaan 3,Padelbaan 4"
2026-05-06T00:57:46.393416,Terwegen,01:00,8,8,100.0,"booked: Padelbaan 1 (Panorama court),Padelbaan 2,Padelbaan 3,Padelbaan 4,Padelbaan 5,Padelbaan 6,Padelbaan 7,Padelbaan 8"
2026-05-06T00:57:46.393416,Vinkenveld,01:00,4,4,100.0,"booked: Padelbaan 1 / PURE Tennis & Padel,Padelbaan 2,Padelbaan 3,Padelbaan 4"
2026-05-06T01:15:54.854519,Terwegen,01:30,8,8,100.0,"booked: Padelbaan 1 (Panorama court),Padelbaan 2,Padelbaan 3,Padelbaan 4,Padelbaan 5,Padelbaan 6,Padelbaan 7,Padelbaan 8"
2026-05-06T01:15:54.854519,Vinkenveld,01:30,4,4,100.0,"booked: Padelbaan 1 / PURE Tennis & Padel,Padelbaan 2,Padelbaan 3,Padelbaan 4"
2026-05-06T01:45:54.447670,Terwegen,02:00,8,8,100.0,"booked: Padelbaan 1 (Panorama court),Padelbaan 2,Padelbaan 3,Padelbaan 4,Padelbaan 5,Padelbaan 6,Padelbaan 7,Padelbaan 8"
2026-05-06T01:45:54.447670,Vinkenveld,02:00,4,4,100.0,"booked: Padelbaan 1 / PURE Tennis & Padel,Padelbaan 2,Padelbaan 3,Padelbaan 4"
2026-05-06T02:16:07.284371,Terwegen,02:30,8,8,100.0,"booked: Padelbaan 1 (Panorama court),Padelbaan 2,Padelbaan 3,Padelbaan 4,Padelbaan 5,Padelbaan 6,Padelbaan 7,Padelbaan 8"
2026-05-06T02:16:07.284371,Vinkenveld,02:30,4,4,100.0,"booked: Padelbaan 1 / PURE Tennis & Padel,Padelbaan 2,Padelbaan 3,Padelbaan 4"
2026-05-06T02:45:58.261611,Terwegen,03:00,8,8,100.0,"booked: Padelbaan 1 (Panorama court),Padelbaan 2,Padelbaan 3,Padelbaan 4,Padelbaan 5,Padelbaan 6,Padelbaan 7,Padelbaan 8"
2026-05-06T02:45:58.261611,Vinkenveld,03:00,4,4,100.0,"booked: Padelbaan 1 / PURE Tennis & Padel,Padelbaan 2,Padelbaan 3,Padelbaan 4"
2026-05-06T03:16:16.879148,Terwegen,03:30,8,8,100.0,"booked: Padelbaan 1 (Panorama court),Padelbaan 2,Padelbaan 3,Padelbaan 4,Padelbaan 5,Padelbaan 6,Padelbaan 7,Padelbaan 8"
2026-05-06T03:16:16.879148,Vinkenveld,03:30,4,4,100.0,"booked: Padelbaan 1 / PURE Tennis & Padel,Padelbaan 2,Padelbaan 3,Padelbaan 4"
2026-05-06T03:45:56.486058,Terwegen,04:00,8,8,100.0,"booked: Padelbaan 1 (Panorama court),Padelbaan 2,Padelbaan 3,Padelbaan 4,Padelbaan 5,Padelbaan 6,Padelbaan 7,Padelbaan 8"
2026-05-06T03:45:56.486058,Vinkenveld,04:00,4,4,100.0,"booked: Padelbaan 1 / PURE Tennis & Padel,Padelbaan 2,Padelbaan 3,Padelbaan 4"
2026-05-06T04:15:58.467921,Terwegen,04:30,8,8,100.0,"booked: Padelbaan 1 (Panorama court),Padelbaan 2,Padelbaan 3,Padelbaan 4,Padelbaan 5,Padelbaan 6,Padelbaan 7,Padelbaan 8"
2026-05-06T04:15:58.467921,Vinkenveld,04:30,4,4,100.0,"booked: Padelbaan 1 / PURE Tennis & Padel,Padelbaan 2,Padelbaan 3,Padelbaan 4"
2026-05-06T04:46:02.510011,Terwegen,05:00,8,8,100.0,"booked: Padelbaan 1 (Panorama court),Padelbaan 2,Padelbaan 3,Padelbaan 4,Padelbaan 5,Padelbaan 6,Padelbaan 7,Padelbaan 8"
2026-05-06T04:46:02.510011,Vinkenveld,05:00,4,4,100.0,"booked: Padelbaan 1 / PURE Tennis & Padel,Padelbaan 2,Padelbaan 3,Padelbaan 4"
2026-05-06T05:15:53.203865,Terwegen,05:30,8,8,100.0,"booked: Padelbaan 1 (Panorama court),Padelbaan 2,Padelbaan 3,Padelbaan 4,Padelbaan 5,Padelbaan 6,Padelbaan 7,Padelbaan 8"
2026-05-06T05:15:53.203865,Vinkenveld,05:30,4,4,100.0,"booked: Padelbaan 1 / PURE Tennis & Padel,Padelbaan 2,Padelbaan 3,Padelbaan 4"
2026-05-06T05:46:02.315880,Terwegen,06:00,8,8,100.0,"booked: Padelbaan 1 (Panorama court),Padelbaan 2,Padelbaan 3,Padelbaan 4,Padelbaan 5,Padelbaan 6,Padelbaan 7,Padelbaan 8"
2026-05-06T05:46:02.315880,Vinkenveld,06:00,4,4,100.0,"booked: Padelbaan 1 / PURE Tennis & Padel,Padelbaan 2,Padelbaan 3,Padelbaan 4"
2026-05-06T06:15:56.568125,Terwegen,06:30,8,8,100.0,"booked: Padelbaan 1 (Panorama court),Padelbaan 2,Padelbaan 3,Padelbaan 4,Padelbaan 5,Padelbaan 6,Padelbaan 7,Padelbaan 8"
2026-05-06T06:15:56.568125,Vinkenveld,06:30,4,4,100.0,"booked: Padelbaan 1 / PURE Tennis & Padel,Padelbaan 2,Padelbaan 3,Padelbaan 4"
2026-05-06T06:45:50.206717,Terwegen,07:00,8,8,100.0,"booked: Padelbaan 1 (Panorama court),Padelbaan 2,Padelbaan 3,Padelbaan 4,Padelbaan 5,Padelbaan 6,Padelbaan 7,Padelbaan 8"
2026-05-06T06:45:50.206717,Vinkenveld,07:00,4,4,100.0,"booked: Padelbaan 1 / PURE Tennis & Padel,Padelbaan 2,Padelbaan 3,Padelbaan 4"
2026-05-06T07:15:48.901541,Terwegen,07:30,8,8,100.0,"booked: Padelbaan 1 (Panorama court),Padelbaan 2,Padelbaan 3,Padelbaan 4,Padelbaan 5,Padelbaan 6,Padelbaan 7,Padelbaan 8"
2026-05-06T07:15:48.901541,Vinkenveld,07:30,4,4,100.0,"booked: Padelbaan 1 / PURE Tennis & Padel,Padelbaan 2,Padelbaan 3,Padelbaan 4"
2026-05-06T07:45:43.987418,Terwegen,08:00,8,0,0.0,"available: Padelbaan 1 (Panorama court),Padelbaan 2,Padelbaan 3,Padelbaan 4,Padelbaan 5,Padelbaan 6,Padelbaan 7,Padelbaan 8"
2026-05-06T07:45:43.987418,Vinkenveld,08:00,4,0,0.0,"available: Padelbaan 1 / PURE Tennis & Padel,Padelbaan 2,Padelbaan 3,Padelbaan 4"
2026-05-06T08:15:53.641867,Terwegen,08:30,8,3,37.5,"booked: Padelbaan 2,Padelbaan 3,Padelbaan 6; available: Padelbaan 1 (Panorama court),Padelbaan 4,Padelbaan 5,Padelbaan 7,Padelbaan 8"
2026-05-06T08:15:53.641867,Vinkenveld,08:30,4,0,0.0,"available: Padelbaan 1 / PURE Tennis & Padel,Padelbaan 2,Padelbaan 3,Padelbaan 4"
2026-05-06T08:46:16.463135,Terwegen,09:00,8,2,25.0,"booked: Padelbaan 3,Padelbaan 6; available: Padelbaan 1 (Panorama court),Padelbaan 2,Padelbaan 4,Padelbaan 5,Padelbaan 7,Padelbaan 8"
2026-05-06T08:46:16.463135,Vinkenveld,09:00,4,0,0.0,"available: Padelbaan 1 / PURE Tennis & Padel,Padelbaan 2,Padelbaan 3,Padelbaan 4"
2026-05-06T09:15:53.352753,Terwegen,09:30,8,5,62.5,"booked: Padelbaan 1 (Panorama court),Padelbaan 2,Padelbaan 3,Padelbaan 4,Padelbaan 6; available: Padelbaan 5,Padelbaan 7,Padelbaan 8"
2026-05-06T09:15:53.352753,Vinkenveld,09:30,4,0,0.0,"available: Padelbaan 1 / PURE Tennis & Padel,Padelbaan 2,Padelbaan 3,Padelbaan 4"
2026-05-06T11:16:01.844044,Terwegen,11:30,8,5,62.5,"booked: Padelbaan 1 (Panorama court),Padelbaan 2,Padelbaan 3,Padelbaan 4,Padelbaan 6; available: Padelbaan 5,Padelbaan 7,Padelbaan 8"
2026-05-06T11:16:01.844044,Vinkenveld,11:30,4,0,0.0,"available: Padelbaan 1 / PURE Tennis & Padel,Padelbaan 2,Padelbaan 3,Padelbaan 4"
2026-05-06T11:45:55.679443,Terwegen,12:00,8,4,50.0,"booked: Padelbaan 1 (Panorama court),Padelbaan 2,Padelbaan 3,Padelbaan 4; available: Padelbaan 5,Padelbaan 6,Padelbaan 7,Padelbaan 8"
2026-05-06T11:45:55.679443,Vinkenveld,12:00,4,0,0.0,"available: Padelbaan 1 / PURE Tennis & Padel,Padelbaan 2,Padelbaan 3,Padelbaan 4"
2026-05-06T12:16:04.015543,Terwegen,12:30,8,4,50.0,"booked: Padelbaan 1 (Panorama court),Padelbaan 3,Padelbaan 4,Padelbaan 6; available: Padelbaan 2,Padelbaan 5,Padelbaan 7,Padelbaan 8"
2026-05-06T12:16:04.015543,Vinkenveld,12:30,4,0,0.0,"available: Padelbaan 1 / PURE Tennis & Padel,Padelbaan 2,Padelbaan 3,Padelbaan 4"
2026-05-06T12:45:55.568597,Terwegen,13:00,8,3,37.5,"booked: Padelbaan 2,Padelbaan 3,Padelbaan 4; available: Padelbaan 1 (Panorama court),Padelbaan 5,Padelbaan 6,Padelbaan 7,Padelbaan 8"
2026-05-06T12:45:55.568597,Vinkenveld,13:00,4,0,0.0,"available: Padelbaan 1 / PURE Tennis & Padel,Padelbaan 2,Padelbaan 3,Padelbaan 4"
2026-05-06T13:15:47.096719,Terwegen,13:30,8,3,37.5,"booked: Padelbaan 1 (Panorama court),Padelbaan 3,Padelbaan 4; available: Padelbaan 2,Padelbaan 5,Padelbaan 6,Padelbaan 7,Padelbaan 8"
2026-05-06T13:15:47.096719,Vinkenveld,13:30,4,0,0.0,"available: Padelbaan 1 / PURE Tennis & Padel,Padelbaan 2,Padelbaan 3,Padelbaan 4"
2026-05-06T13:45:53.261458,Terwegen,14:00,8,3,37.5,"booked: Padelbaan 1 (Panorama court),Padelbaan 3,Padelbaan 4; available: Padelbaan 2,Padelbaan 5,Padelbaan 6,Padelbaan 7,Padelbaan 8"
2026-05-06T13:45:53.261458,Vinkenveld,14:00,4,0,0.0,"available: Padelbaan 1 / PURE Tennis & Padel,Padelbaan 2,Padelbaan 3,Padelbaan 4"
2026-05-06T14:15:56.489129,Terwegen,14:30,8,2,25.0,"booked: Padelbaan 3,Padelbaan 4; available: Padelbaan 1 (Panorama court),Padelbaan 2,Padelbaan 5,Padelbaan 6,Padelbaan 7,Padelbaan 8"
2026-05-06T14:15:56.489129,Vinkenveld,14:30,4,0,0.0,"available: Padelbaan 1 / PURE Tennis & Padel,Padelbaan 2,Padelbaan 3,Padelbaan 4"
2026-05-06T14:45:59.510520,Terwegen,15:00,8,3,37.5,"booked: Padelbaan 1 (Panorama court),Padelbaan 3,Padelbaan 4; available: Padelbaan 2,Padelbaan 5,Padelbaan 6,Padelbaan 7,Padelbaan 8"
2026-05-06T14:45:59.510520,Vinkenveld,15:00,4,0,0.0,"available: Padelbaan 1 / PURE Tennis & Padel,Padelbaan 2,Padelbaan 3,Padelbaan 4"
2026-05-06T15:15:47.826666,Terwegen,15:30,8,3,37.5,"booked: Padelbaan 1 (Panorama court),Padelbaan 3,Padelbaan 4; available: Padelbaan 2,Padelbaan 5,Padelbaan 6,Padelbaan 7,Padelbaan 8"
2026-05-06T15:15:47.826666,Vinkenveld,15:30,4,0,0.0,"available: Padelbaan 1 / PURE Tennis & Padel,Padelbaan 2,Padelbaan 3,Padelbaan 4"
2026-05-06T15:45:50.881864,Terwegen,16:00,8,3,37.5,"booked: Padelbaan 1 (Panorama court),Padelbaan 2,Padelbaan 8; available: Padelbaan 3,Padelbaan 4,Padelbaan 5,Padelbaan 6,Padelbaan 7"
2026-05-06T15:45:50.881864,Vinkenveld,16:00,4,0,0.0,"available: Padelbaan 1 / PURE Tennis & Padel,Padelbaan 2,Padelbaan 3,Padelbaan 4"
2026-05-06T16:15:51.430202,Terwegen,16:30,8,3,37.5,"booked: Padelbaan 1 (Panorama court),Padelbaan 3,Padelbaan 4; available: Padelbaan 2,Padelbaan 5,Padelbaan 6,Padelbaan 7,Padelbaan 8"
2026-05-06T16:15:51.430202,Vinkenveld,16:30,4,1,25.0,"booked: Padelbaan 3; available: Padelbaan 1 / PURE Tennis & Padel,Padelbaan 2,Padelbaan 4"
2026-05-06T16:45:53.575533,Terwegen,17:00,8,6,75.0,"booked: Padelbaan 2,Padelbaan 3,Padelbaan 4,Padelbaan 5,Padelbaan 7,Padelbaan 8; available: Padelbaan 1 (Panorama court),Padelbaan 6"
2026-05-06T16:45:53.575533,Vinkenveld,17:00,4,2,50.0,"booked: Padelbaan 2,Padelbaan 3; available: Padelbaan 1 / PURE Tennis & Padel,Padelbaan 4"
2026-05-06T17:16:15.940677,Terwegen,17:30,8,4,50.0,"booked: Padelbaan 1 (Panorama court),Padelbaan 2,Padelbaan 6,Padelbaan 8; available: Padelbaan 3,Padelbaan 4,Padelbaan 5,Padelbaan 7"
2026-05-06T17:16:15.940677,Vinkenveld,17:30,4,3,75.0,"booked: Padelbaan 1 / PURE Tennis & Padel,Padelbaan 2,Padelbaan 3; available: Padelbaan 4"
2026-05-06T17:45:54.365141,Terwegen,18:00,8,7,87.5,"booked: Padelbaan 1 (Panorama court),Padelbaan 2,Padelbaan 3,Padelbaan 4,Padelbaan 5,Padelbaan 7,Padelbaan 8; available: Padelbaan 6"
2026-05-06T17:45:54.365141,Vinkenveld,18:00,4,4,100.0,"booked: Padelbaan 1 / PURE Tennis & Padel,Padelbaan 2,Padelbaan 3,Padelbaan 4"
2026-05-06T18:16:17.936689,Terwegen,18:30,8,8,100.0,"booked: Padelbaan 1 (Panorama court),Padelbaan 2,Padelbaan 3,Padelbaan 4,Padelbaan 5,Padelbaan 6,Padelbaan 7,Padelbaan 8"
2026-05-06T18:16:17.936689,Vinkenveld,18:30,4,4,100.0,"booked: Padelbaan 1 / PURE Tennis & Padel,Padelbaan 2,Padelbaan 3,Padelbaan 4"
2026-05-06T18:46:01.033283,Terwegen,19:00,8,8,100.0,"booked: Padelbaan 1 (Panorama court),Padelbaan 2,Padelbaan 3,Padelbaan 4,Padelbaan 5,Padelbaan 6,Padelbaan 7,Padelbaan 8"
2026-05-06T18:46:01.033283,Vinkenveld,19:00,4,4,100.0,"booked: Padelbaan 1 / PURE Tennis & Padel,Padelbaan 2,Padelbaan 3,Padelbaan 4"
2026-05-06T19:16:02.313705,Terwegen,19:30,8,8,100.0,"booked: Padelbaan 1 (Panorama court),Padelbaan 2,Padelbaan 3,Padelbaan 4,Padelbaan 5,Padelbaan 6,Padelbaan 7,Padelbaan 8"
2026-05-06T19:16:02.313705,Vinkenveld,19:30,4,4,100.0,"booked: Padelbaan 1 / PURE Tennis & Padel,Padelbaan 2,Padelbaan 3,Padelbaan 4"
2026-05-06T19:45:55.712139,Terwegen,20:00,8,8,100.0,"booked: Padelbaan 1 (Panorama court),Padelbaan 2,Padelbaan 3,Padelbaan 4,Padelbaan 5,Padelbaan 6,Padelbaan 7,Padelbaan 8"
2026-05-06T19:45:55.712139,Vinkenveld,20:00,4,4,100.0,"booked: Padelbaan 1 / PURE Tennis & Padel,Padelbaan 2,Padelbaan 3,Padelbaan 4"
2026-05-06T20:15:51.531282,Terwegen,20:30,8,8,100.0,"booked: Padelbaan 1 (Panorama court),Padelbaan 2,Padelbaan 3,Padelbaan 4,Padelbaan 5,Padelbaan 6,Padelbaan 7,Padelbaan 8"
2026-05-06T20:15:51.531282,Vinkenveld,20:30,4,4,100.0,"booked: Padelbaan 1 / PURE Tennis & Padel,Padelbaan 2,Padelbaan 3,Padelbaan 4"
2026-05-06T20:45:57.189932,Terwegen,21:00,8,8,100.0,"booked: Padelbaan 1 (Panorama court),Padelbaan 2,Padelbaan 3,Padelbaan 4,Padelbaan 5,Padelbaan 6,Padelbaan 7,Padelbaan 8"
2026-05-06T20:45:57.189932,Vinkenveld,21:00,4,3,75.0,"booked: Padelbaan 2,Padelbaan 3,Padelbaan 4; available: Padelbaan 1 / PURE Tennis & Padel"
2026-05-06T21:16:02.895136,Terwegen,21:30,8,8,100.0,"booked: Padelbaan 1 (Panorama court),Padelbaan 2,Padelbaan 3,Padelbaan 4,Padelbaan 5,Padelbaan 6,Padelbaan 7,Padelbaan 8"
2026-05-06T21:16:02.895136,Vinkenveld,21:30,4,2,50.0,"booked: Padelbaan 2,Padelbaan 3; available: Padelbaan 1 / PURE Tennis & Padel,Padelbaan 4"
2026-05-06T21:45:53.772056,Terwegen,22:00,8,8,100.0,"booked: Padelbaan 1 (Panorama court),Padelbaan 2,Padelbaan 3,Padelbaan 4,Padelbaan 5,Padelbaan 6,Padelbaan 7,Padelbaan 8"
2026-05-06T21:45:53.772056,Vinkenveld,22:00,4,0,0.0,"available: Padelbaan 1 / PURE Tennis & Padel,Padelbaan 2,Padelbaan 3,Padelbaan 4"
2026-05-06T23:46:00.810354,Terwegen,00:00,8,8,100.0,"booked: Padelbaan 1 (Panorama court),Padelbaan 2,Padelbaan 3,Padelbaan 4,Padelbaan 5,Padelbaan 6,Padelbaan 7,Padelbaan 8"
2026-05-06T23:46:00.810354,Vinkenveld,00:00,4,4,100.0,"booked: Padelbaan 1 / PURE Tennis & Padel,Padelbaan 2,Padelbaan 3,Padelbaan 4"
2026-05-07T00:15:47.640150,Terwegen,00:30,8,8,100.0,"booked: Padelbaan 1 (Panorama court),Padelbaan 2,Padelbaan 3,Padelbaan 4,Padelbaan 5,Padelbaan 6,Padelbaan 7,Padelbaan 8"
2026-05-07T00:15:47.640150,Vinkenveld,00:30,4,4,100.0,"booked: Padelbaan 1 / PURE Tennis & Padel,Padelbaan 2,Padelbaan 3,Padelbaan 4"
2026-05-07T00:45:45.722944,Terwegen,01:00,8,8,100.0,"booked: Padelbaan 1 (Panorama court),Padelbaan 2,Padelbaan 3,Padelbaan 4,Padelbaan 5,Padelbaan 6,Padelbaan 7,Padelbaan 8"
2026-05-07T00:45:45.722944,Vinkenveld,01:00,4,4,100.0,"booked: Padelbaan 1 / PURE Tennis & Padel,Padelbaan 2,Padelbaan 3,Padelbaan 4"
2026-05-07T01:16:07.782011,Terwegen,01:30,8,8,100.0,"booked: Padelbaan 1 (Panorama court),Padelbaan 2,Padelbaan 3,Padelbaan 4,Padelbaan 5,Padelbaan 6,Padelbaan 7,Padelbaan 8"
2026-05-07T01:16:07.782011,Vinkenveld,01:30,4,4,100.0,"booked: Padelbaan 1 / PURE Tennis & Padel,Padelbaan 2,Padelbaan 3,Padelbaan 4"
2026-05-07T01:45:51.439821,Terwegen,02:00,8,8,100.0,"booked: Padelbaan 1 (Panorama court),Padelbaan 2,Padelbaan 3,Padelbaan 4,Padelbaan 5,Padelbaan 6,Padelbaan 7,Padelbaan 8"
2026-05-07T01:45:51.439821,Vinkenveld,02:00,4,4,100.0,"booked: Padelbaan 1 / PURE Tennis & Padel,Padelbaan 2,Padelbaan 3,Padelbaan 4"
2026-05-07T02:15:49.651237,Terwegen,02:30,8,8,100.0,"booked: Padelbaan 1 (Panorama court),Padelbaan 2,Padelbaan 3,Padelbaan 4,Padelbaan 5,Padelbaan 6,Padelbaan 7,Padelbaan 8"
2026-05-07T02:15:49.651237,Vinkenveld,02:30,4,4,100.0,"booked: Padelbaan 1 / PURE Tennis & Padel,Padelbaan 2,Padelbaan 3,Padelbaan 4"
2026-05-07T02:45:49.916037,Terwegen,03:00,8,8,100.0,"booked: Padelbaan 1 (Panorama court),Padelbaan 2,Padelbaan 3,Padelbaan 4,Padelbaan 5,Padelbaan 6,Padelbaan 7,Padelbaan 8"
2026-05-07T02:45:49.916037,Vinkenveld,03:00,4,4,100.0,"booked: Padelbaan 1 / PURE Tennis & Padel,Padelbaan 2,Padelbaan 3,Padelbaan 4"
2026-05-07T03:15:45.665616,Terwegen,03:30,8,8,100.0,"booked: Padelbaan 1 (Panorama court),Padelbaan 2,Padelbaan 3,Padelbaan 4,Padelbaan 5,Padelbaan 6,Padelbaan 7,Padelbaan 8"
2026-05-07T03:15:45.665616,Vinkenveld,03:30,4,4,100.0,"booked: Padelbaan 1 / PURE Tennis & Padel,Padelbaan 2,Padelbaan 3,Padelbaan 4"
2026-05-07T03:45:50.440140,Terwegen,04:00,8,8,100.0,"booked: Padelbaan 1 (Panorama court),Padelbaan 2,Padelbaan 3,Padelbaan 4,Padelbaan 5,Padelbaan 6,Padelbaan 7,Padelbaan 8"
2026-05-07T03:45:50.440140,Vinkenveld,04:00,4,4,100.0,"booked: Padelbaan 1 / PURE Tennis & Padel,Padelbaan 2,Padelbaan 3,Padelbaan 4"
2026-05-07T04:15:45.484208,Terwegen,04:30,8,8,100.0,"booked: Padelbaan 1 (Panorama court),Padelbaan 2,Padelbaan 3,Padelbaan 4,Padelbaan 5,Padelbaan 6,Padelbaan 7,Padelbaan 8"
2026-05-07T04:15:45.484208,Vinkenveld,04:30,4,4,100.0,"booked: Padelbaan 1 / PURE Tennis & Padel,Padelbaan 2,Padelbaan 3,Padelbaan 4"
2026-05-07T04:45:50.103837,Terwegen,05:00,8,8,100.0,"booked: Padelbaan 1 (Panorama court),Padelbaan 2,Padelbaan 3,Padelbaan 4,Padelbaan 5,Padelbaan 6,Padelbaan 7,Padelbaan 8"
2026-05-07T04:45:50.103837,Vinkenveld,05:00,4,4,100.0,"booked: Padelbaan 1 / PURE Tennis & Padel,Padelbaan 2,Padelbaan 3,Padelbaan 4"
2026-05-07T05:15:45.520503,Terwegen,05:30,8,8,100.0,"booked: Padelbaan 1 (Panorama court),Padelbaan 2,Padelbaan 3,Padelbaan 4,Padelbaan 5,Padelbaan 6,Padelbaan 7,Padelbaan 8"
2026-05-07T05:15:45.520503,Vinkenveld,05:30,4,4,100.0,"booked: Padelbaan 1 / PURE Tennis & Padel,Padelbaan 2,Padelbaan 3,Padelbaan 4"
2026-05-07T05:45:44.692018,Terwegen,06:00,8,8,100.0,"booked: Padelbaan 1 (Panorama court),Padelbaan 2,Padelbaan 3,Padelbaan 4,Padelbaan 5,Padelbaan 6,Padelbaan 7,Padelbaan 8"
2026-05-07T05:45:44.692018,Vinkenveld,06:00,4,4,100.0,"booked: Padelbaan 1 / PURE Tennis & Padel,Padelbaan 2,Padelbaan 3,Padelbaan 4"
2026-05-07T06:15:50.526702,Terwegen,06:30,8,8,100.0,"booked: Padelbaan 1 (Panorama court),Padelbaan 2,Padelbaan 3,Padelbaan 4,Padelbaan 5,Padelbaan 6,Padelbaan 7,Padelbaan 8"
2026-05-07T06:15:50.526702,Vinkenveld,06:30,4,4,100.0,"booked: Padelbaan 1 / PURE Tennis & Padel,Padelbaan 2,Padelbaan 3,Padelbaan 4"
2026-05-07T06:46:00.381934,Terwegen,07:00,8,8,100.0,"booked: Padelbaan 1 (Panorama court),Padelbaan 2,Padelbaan 3,Padelbaan 4,Padelbaan 5,Padelbaan 6,Padelbaan 7,Padelbaan 8"
2026-05-07T06:46:00.381934,Vinkenveld,07:00,4,4,100.0,"booked: Padelbaan 1 / PURE Tennis & Padel,Padelbaan 2,Padelbaan 3,Padelbaan 4"
2026-05-07T07:15:56.598110,Terwegen,07:30,8,8,100.0,"booked: Padelbaan 1 (Panorama court),Padelbaan 2,Padelbaan 3,Padelbaan 4,Padelbaan 5,Padelbaan 6,Padelbaan 7,Padelbaan 8"
2026-05-07T07:15:56.598110,Vinkenveld,07:30,4,4,100.0,"booked: Padelbaan 1 / PURE Tennis & Padel,Padelbaan 2,Padelbaan 3,Padelbaan 4"
2026-05-07T07:45:52.064977,Terwegen,08:00,8,0,0.0,"available: Padelbaan 1 (Panorama court),Padelbaan 2,Padelbaan 3,Padelbaan 4,Padelbaan 5,Padelbaan 6,Padelbaan 7,Padelbaan 8"
2026-05-07T07:45:52.064977,Vinkenveld,08:00,4,0,0.0,"available: Padelbaan 1 / PURE Tennis & Padel,Padelbaan 2,Padelbaan 3,Padelbaan 4"
2026-05-07T08:15:52.691264,Terwegen,08:30,8,2,25.0,"booked: Padelbaan 1 (Panorama court),Padelbaan 2; available: Padelbaan 3,Padelbaan 4,Padelbaan 5,Padelbaan 6,Padelbaan 7,Padelbaan 8"
2026-05-07T08:15:52.691264,Vinkenveld,08:30,4,0,0.0,"available: Padelbaan 1 / PURE Tennis & Padel,Padelbaan 2,Padelbaan 3,Padelbaan 4"
2026-05-07T08:45:49.916921,Terwegen,09:00,8,2,25.0,"booked: Padelbaan 1 (Panorama court),Padelbaan 2; available: Padelbaan 3,Padelbaan 4,Padelbaan 5,Padelbaan 6,Padelbaan 7,Padelbaan 8"
2026-05-07T08:45:49.916921,Vinkenveld,09:00,4,0,0.0,"available: Padelbaan 1 / PURE Tennis & Padel,Padelbaan 2,Padelbaan 3,Padelbaan 4"
2026-05-07T09:15:47.443711,Terwegen,09:30,8,2,25.0,"booked: Padelbaan 1 (Panorama court),Padelbaan 2; available: Padelbaan 3,Padelbaan 4,Padelbaan 5,Padelbaan 6,Padelbaan 7,Padelbaan 8"
2026-05-07T09:15:47.443711,Vinkenveld,09:30,4,0,0.0,"available: Padelbaan 1 / PURE Tennis & Padel,Padelbaan 2,Padelbaan 3,Padelbaan 4"
2026-05-07T09:45:52.706975,Terwegen,10:00,8,1,12.5,"booked: Padelbaan 1 (Panorama court); available: Padelbaan 2,Padelbaan 3,Padelbaan 4,Padelbaan 5,Padelbaan 6,Padelbaan 7,Padelbaan 8"
2026-05-07T09:45:52.706975,Vinkenveld,10:00,4,0,0.0,"available: Padelbaan 1 / PURE Tennis & Padel,Padelbaan 2,Padelbaan 3,Padelbaan 4"
2026-05-07T10:16:01.950290,Terwegen,10:30,8,1,12.5,"booked: Padelbaan 2; available: Padelbaan 1 (Panorama court),Padelbaan 3,Padelbaan 4,Padelbaan 5,Padelbaan 6,Padelbaan 7,Padelbaan 8"
2026-05-07T10:16:01.950290,Vinkenveld,10:30,4,0,0.0,"available: Padelbaan 1 / PURE Tennis & Padel,Padelbaan 2,Padelbaan 3,Padelbaan 4"
2026-05-07T10:47:25.838348,Terwegen,11:00,8,1,12.5,"booked: Padelbaan 1 (Panorama court); available: Padelbaan 2,Padelbaan 3,Padelbaan 4,Padelbaan 5,Padelbaan 6,Padelbaan 7,Padelbaan 8"
2026-05-07T10:47:25.838348,Vinkenveld,11:00,4,0,0.0,"available: Padelbaan 1 / PURE Tennis & Padel,Padelbaan 2,Padelbaan 3,Padelbaan 4"
2026-05-07T11:15:50.401574,Terwegen,11:30,8,0,0.0,"available: Padelbaan 1 (Panorama court),Padelbaan 2,Padelbaan 3,Padelbaan 4,Padelbaan 5,Padelbaan 6,Padelbaan 7,Padelbaan 8"
2026-05-07T11:15:50.401574,Vinkenveld,11:30,4,1,25.0,"booked: Padelbaan 4; available: Padelbaan 1 / PURE Tennis & Padel,Padelbaan 2,Padelbaan 3"
2026-05-07T11:46:00.036958,Terwegen,12:00,8,0,0.0,"available: Padelbaan 1 (Panorama court),Padelbaan 2,Padelbaan 3,Padelbaan 4,Padelbaan 5,Padelbaan 6,Padelbaan 7,Padelbaan 8"
2026-05-07T11:46:00.036958,Vinkenveld,12:00,4,1,25.0,"booked: Padelbaan 4; available: Padelbaan 1 / PURE Tennis & Padel,Padelbaan 2,Padelbaan 3"
2026-05-07T12:15:50.347515,Terwegen,12:30,8,0,0.0,"available: Padelbaan 1 (Panorama court),Padelbaan 2,Padelbaan 3,Padelbaan 4,Padelbaan 5,Padelbaan 6,Padelbaan 7,Padelbaan 8"
2026-05-07T12:15:50.347515,Vinkenveld,12:30,4,1,25.0,"booked: Padelbaan 4; available: Padelbaan 1 / PURE Tennis & Padel,Padelbaan 2,Padelbaan 3"
2026-05-07T12:45:57.892514,Terwegen,13:00,8,0,0.0,"available: Padelbaan 1 (Panorama court),Padelbaan 2,Padelbaan 3,Padelbaan 4,Padelbaan 5,Padelbaan 6,Padelbaan 7,Padelbaan 8"
2026-05-07T12:45:57.892514,Vinkenveld,13:00,4,1,25.0,"booked: Padelbaan 4; available: Padelbaan 1 / PURE Tennis & Padel,Padelbaan 2,Padelbaan 3"
2026-05-07T13:16:07.755741,Terwegen,13:30,8,0,0.0,"available: Padelbaan 1 (Panorama court),Padelbaan 2,Padelbaan 3,Padelbaan 4,Padelbaan 5,Padelbaan 6,Padelbaan 7,Padelbaan 8"
2026-05-07T13:16:07.755741,Vinkenveld,13:30,4,0,0.0,"available: Padelbaan 1 / PURE Tennis & Padel,Padelbaan 2,Padelbaan 3,Padelbaan 4"
2026-05-07T13:46:08.806129,Terwegen,14:00,8,0,0.0,"available: Padelbaan 1 (Panorama court),Padelbaan 2,Padelbaan 3,Padelbaan 4,Padelbaan 5,Padelbaan 6,Padelbaan 7,Padelbaan 8"
2026-05-07T13:46:08.806129,Vinkenveld,14:00,4,4,100.0,"booked: Padelbaan 1 / PURE Tennis & Padel,Padelbaan 2,Padelbaan 3,Padelbaan 4"
2026-05-07T14:16:00.198620,Terwegen,14:30,8,1,12.5,"booked: Padelbaan 3; available: Padelbaan 1 (Panorama court),Padelbaan 2,Padelbaan 4,Padelbaan 5,Padelbaan 6,Padelbaan 7,Padelbaan 8"
2026-05-07T14:16:00.198620,Vinkenveld,14:30,4,4,100.0,"booked: Padelbaan 1 / PURE Tennis & Padel,Padelbaan 2,Padelbaan 3,Padelbaan 4"
2026-05-07T14:45:50.766452,Terwegen,15:00,8,1,12.5,"booked: Padelbaan 2; available: Padelbaan 1 (Panorama court),Padelbaan 3,Padelbaan 4,Padelbaan 5,Padelbaan 6,Padelbaan 7,Padelbaan 8"
2026-05-07T14:45:50.766452,Vinkenveld,15:00,4,4,100.0,"booked: Padelbaan 1 / PURE Tennis & Padel,Padelbaan 2,Padelbaan 3,Padelbaan 4"
2026-05-07T15:16:02.345440,Terwegen,15:30,8,2,25.0,"booked: Padelbaan 3,Padelbaan 6; available: Padelbaan 1 (Panorama court),Padelbaan 2,Padelbaan 4,Padelbaan 5,Padelbaan 7,Padelbaan 8"
2026-05-07T15:16:02.345440,Vinkenveld,15:30,4,4,100.0,"booked: Padelbaan 1 / PURE Tennis & Padel,Padelbaan 2,Padelbaan 3,Padelbaan 4"
2026-05-07T15:46:01.425552,Terwegen,16:00,8,4,50.0,"booked: Padelbaan 1 (Panorama court),Padelbaan 2,Padelbaan 3,Padelbaan 5; available: Padelbaan 4,Padelbaan 6,Padelbaan 7,Padelbaan 8"
2026-05-07T15:46:01.425552,Vinkenveld,16:00,4,4,100.0,"booked: Padelbaan 1 / PURE Tennis & Padel,Padelbaan 2,Padelbaan 3,Padelbaan 4"
2026-05-07T16:16:26.121321,Terwegen,16:30,8,3,37.5,"booked: Padelbaan 2,Padelbaan 3,Padelbaan 6; available: Padelbaan 1 (Panorama court),Padelbaan 4,Padelbaan 5,Padelbaan 7,Padelbaan 8"
2026-05-07T16:16:26.121321,Vinkenveld,16:30,4,4,100.0,"booked: Padelbaan 1 / PURE Tennis & Padel,Padelbaan 2,Padelbaan 3,Padelbaan 4"
2026-05-07T16:47:14.269704,Terwegen,17:00,8,7,87.5,"booked: Padelbaan 1 (Panorama court),Padelbaan 2,Padelbaan 3,Padelbaan 5,Padelbaan 6,Padelbaan 7,Padelbaan 8; available: Padelbaan 4"
2026-05-07T16:47:14.269704,Vinkenveld,17:00,4,4,100.0,"booked: Padelbaan 1 / PURE Tennis & Padel,Padelbaan 2,Padelbaan 3,Padelbaan 4"
2026-05-07T17:18:52.321367,Terwegen,17:30,8,6,75.0,"booked: Padelbaan 1 (Panorama court),Padelbaan 2,Padelbaan 3,Padelbaan 4,Padelbaan 5,Padelbaan 6; available: Padelbaan 7,Padelbaan 8"
2026-05-07T17:18:52.321367,Vinkenveld,17:30,4,3,75.0,"booked: Padelbaan 1 / PURE Tennis & Padel,Padelbaan 3,Padelbaan 4; available: Padelbaan 2"
2026-05-07T17:46:30.124544,Terwegen,18:00,8,7,87.5,"booked: Padelbaan 1 (Panorama court),Padelbaan 2,Padelbaan 3,Padelbaan 5,Padelbaan 6,Padelbaan 7,Padelbaan 8; available: Padelbaan 4"
2026-05-07T17:46:30.124544,Vinkenveld,18:00,4,3,75.0,"booked: Padelbaan 1 / PURE Tennis & Padel,Padelbaan 3,Padelbaan 4; available: Padelbaan 2"
2026-05-07T18:15:59.337624,Terwegen,18:30,8,8,100.0,"booked: Padelbaan 1 (Panorama court),Padelbaan 2,Padelbaan 3,Padelbaan 4,Padelbaan 5,Padelbaan 6,Padelbaan 7,Padelbaan 8"
2026-05-07T18:15:59.337624,Vinkenveld,18:30,4,4,100.0,"booked: Padelbaan 1 / PURE Tennis & Padel,Padelbaan 2,Padelbaan 3,Padelbaan 4"
2026-05-07T18:47:02.507084,Terwegen,19:00,8,8,100.0,"booked: Padelbaan 1 (Panorama court),Padelbaan 2,Padelbaan 3,Padelbaan 4,Padelbaan 5,Padelbaan 6,Padelbaan 7,Padelbaan 8"
2026-05-07T18:47:02.507084,Vinkenveld,19:00,4,4,100.0,"booked: Padelbaan 1 / PURE Tennis & Padel,Padelbaan 2,Padelbaan 3,Padelbaan 4"
2026-05-07T19:16:03.126002,Terwegen,19:30,8,8,100.0,"booked: Padelbaan 1 (Panorama court),Padelbaan 2,Padelbaan 3,Padelbaan 4,Padelbaan 5,Padelbaan 6,Padelbaan 7,Padelbaan 8"
2026-05-07T19:16:03.126002,Vinkenveld,19:30,4,3,75.0,"booked: Padelbaan 2,Padelbaan 3,Padelbaan 4; available: Padelbaan 1 / PURE Tennis & Padel"
2026-05-07T19:45:52.767733,Terwegen,20:00,8,8,100.0,"booked: Padelbaan 1 (Panorama court),Padelbaan 2,Padelbaan 3,Padelbaan 4,Padelbaan 5,Padelbaan 6,Padelbaan 7,Padelbaan 8"
2026-05-07T19:45:52.767733,Vinkenveld,20:00,4,3,75.0,"booked: Padelbaan 2,Padelbaan 3,Padelbaan 4; available: Padelbaan 1 / PURE Tennis & Padel"
2026-05-07T20:16:05.501941,Terwegen,20:30,8,8,100.0,"booked: Padelbaan 1 (Panorama court),Padelbaan 2,Padelbaan 3,Padelbaan 4,Padelbaan 5,Padelbaan 6,Padelbaan 7,Padelbaan 8"
2026-05-07T20:16:05.501941,Vinkenveld,20:30,4,3,75.0,"booked: Padelbaan 2,Padelbaan 3,Padelbaan 4; available: Padelbaan 1 / PURE Tennis & Padel"
2026-05-07T20:45:51.689172,Terwegen,21:00,8,8,100.0,"booked: Padelbaan 1 (Panorama court),Padelbaan 2,Padelbaan 3,Padelbaan 4,Padelbaan 5,Padelbaan 6,Padelbaan 7,Padelbaan 8"
2026-05-07T20:45:51.689172,Vinkenveld,21:00,4,3,75.0,"booked: Padelbaan 2,Padelbaan 3,Padelbaan 4; available: Padelbaan 1 / PURE Tennis & Padel"
2026-05-07T21:15:55.087473,Terwegen,21:30,8,8,100.0,"booked: Padelbaan 1 (Panorama court),Padelbaan 2,Padelbaan 3,Padelbaan 4,Padelbaan 5,Padelbaan 6,Padelbaan 7,Padelbaan 8"
2026-05-07T21:15:55.087473,Vinkenveld,21:30,4,3,75.0,"booked: Padelbaan 2,Padelbaan 3,Padelbaan 4; available: Padelbaan 1 / PURE Tennis & Padel"
2026-05-07T21:45:51.940911,Terwegen,22:00,8,7,87.5,"booked: Padelbaan 1 (Panorama court),Padelbaan 2,Padelbaan 3,Padelbaan 4,Padelbaan 6,Padelbaan 7,Padelbaan 8; available: Padelbaan 5"
2026-05-07T21:45:51.940911,Vinkenveld,22:00,4,3,75.0,"booked: Padelbaan 2,Padelbaan 3,Padelbaan 4; available: Padelbaan 1 / PURE Tennis & Padel"
2026-05-07T23:46:02.782494,Terwegen,00:00,8,8,100.0,"booked: Padelbaan 1 (Panorama court),Padelbaan 2,Padelbaan 3,Padelbaan 4,Padelbaan 5,Padelbaan 6,Padelbaan 7,Padelbaan 8"
2026-05-07T23:46:02.782494,Vinkenveld,00:00,4,4,100.0,"booked: Padelbaan 1 / PURE Tennis & Padel,Padelbaan 2,Padelbaan 3,Padelbaan 4"
2026-05-08T00:15:57.089696,Terwegen,00:30,8,8,100.0,"booked: Padelbaan 1 (Panorama court),Padelbaan 2,Padelbaan 3,Padelbaan 4,Padelbaan 5,Padelbaan 6,Padelbaan 7,Padelbaan 8"
2026-05-08T00:15:57.089696,Vinkenveld,00:30,4,4,100.0,"booked: Padelbaan 1 / PURE Tennis & Padel,Padelbaan 2,Padelbaan 3,Padelbaan 4"
2026-05-08T00:45:53.345337,Terwegen,01:00,8,8,100.0,"booked: Padelbaan 1 (Panorama court),Padelbaan 2,Padelbaan 3,Padelbaan 4,Padelbaan 5,Padelbaan 6,Padelbaan 7,Padelbaan 8"
2026-05-08T00:45:53.345337,Vinkenveld,01:00,4,4,100.0,"booked: Padelbaan 1 / PURE Tennis & Padel,Padelbaan 2,Padelbaan 3,Padelbaan 4"
2026-05-08T01:15:50.130623,Terwegen,01:30,8,8,100.0,"booked: Padelbaan 1 (Panorama court),Padelbaan 2,Padelbaan 3,Padelbaan 4,Padelbaan 5,Padelbaan 6,Padelbaan 7,Padelbaan 8"
2026-05-08T01:15:50.130623,Vinkenveld,01:30,4,4,100.0,"booked: Padelbaan 1 / PURE Tennis & Padel,Padelbaan 2,Padelbaan 3,Padelbaan 4"
2026-05-08T01:46:13.242562,Terwegen,02:00,8,8,100.0,"booked: Padelbaan 1 (Panorama court),Padelbaan 2,Padelbaan 3,Padelbaan 4,Padelbaan 5,Padelbaan 6,Padelbaan 7,Padelbaan 8"
2026-05-08T01:46:13.242562,Vinkenveld,02:00,4,4,100.0,"booked: Padelbaan 1 / PURE Tennis & Padel,Padelbaan 2,Padelbaan 3,Padelbaan 4"
2026-05-08T02:15:43.596314,Terwegen,02:30,8,8,100.0,"booked: Padelbaan 1 (Panorama court),Padelbaan 2,Padelbaan 3,Padelbaan 4,Padelbaan 5,Padelbaan 6,Padelbaan 7,Padelbaan 8"
2026-05-08T02:15:43.596314,Vinkenveld,02:30,4,4,100.0,"booked: Padelbaan 1 / PURE Tennis & Padel,Padelbaan 2,Padelbaan 3,Padelbaan 4"
2026-05-08T02:45:51.562737,Terwegen,03:00,8,8,100.0,"booked: Padelbaan 1 (Panorama court),Padelbaan 2,Padelbaan 3,Padelbaan 4,Padelbaan 5,Padelbaan 6,Padelbaan 7,Padelbaan 8"
2026-05-08T02:45:51.562737,Vinkenveld,03:00,4,4,100.0,"booked: Padelbaan 1 / PURE Tennis & Padel,Padelbaan 2,Padelbaan 3,Padelbaan 4"
2026-05-08T03:15:49.295356,Terwegen,03:30,8,8,100.0,"booked: Padelbaan 1 (Panorama court),Padelbaan 2,Padelbaan 3,Padelbaan 4,Padelbaan 5,Padelbaan 6,Padelbaan 7,Padelbaan 8"
2026-05-08T03:15:49.295356,Vinkenveld,03:30,4,4,100.0,"booked: Padelbaan 1 / PURE Tennis & Padel,Padelbaan 2,Padelbaan 3,Padelbaan 4"
2026-05-08T03:46:00.739779,Terwegen,04:00,8,8,100.0,"booked: Padelbaan 1 (Panorama court),Padelbaan 2,Padelbaan 3,Padelbaan 4,Padelbaan 5,Padelbaan 6,Padelbaan 7,Padelbaan 8"
2026-05-08T03:46:00.739779,Vinkenveld,04:00,4,4,100.0,"booked: Padelbaan 1 / PURE Tennis & Padel,Padelbaan 2,Padelbaan 3,Padelbaan 4"
2026-05-08T04:15:52.868280,Terwegen,04:30,8,8,100.0,"booked: Padelbaan 1 (Panorama court),Padelbaan 2,Padelbaan 3,Padelbaan 4,Padelbaan 5,Padelbaan 6,Padelbaan 7,Padelbaan 8"
2026-05-08T04:15:52.868280,Vinkenveld,04:30,4,4,100.0,"booked: Padelbaan 1 / PURE Tennis & Padel,Padelbaan 2,Padelbaan 3,Padelbaan 4"
2026-05-08T04:45:49.159715,Terwegen,05:00,8,8,100.0,"booked: Padelbaan 1 (Panorama court),Padelbaan 2,Padelbaan 3,Padelbaan 4,Padelbaan 5,Padelbaan 6,Padelbaan 7,Padelbaan 8"
2026-05-08T04:45:49.159715,Vinkenveld,05:00,4,4,100.0,"booked: Padelbaan 1 / PURE Tennis & Padel,Padelbaan 2,Padelbaan 3,Padelbaan 4"
2026-05-08T05:15:47.400875,Terwegen,05:30,8,8,100.0,"booked: Padelbaan 1 (Panorama court),Padelbaan 2,Padelbaan 3,Padelbaan 4,Padelbaan 5,Padelbaan 6,Padelbaan 7,Padelbaan 8"
2026-05-08T05:15:47.400875,Vinkenveld,05:30,4,4,100.0,"booked: Padelbaan 1 / PURE Tennis & Padel,Padelbaan 2,Padelbaan 3,Padelbaan 4"
2026-05-08T05:45:57.109328,Terwegen,06:00,8,8,100.0,"booked: Padelbaan 1 (Panorama court),Padelbaan 2,Padelbaan 3,Padelbaan 4,Padelbaan 5,Padelbaan 6,Padelbaan 7,Padelbaan 8"
2026-05-08T05:45:57.109328,Vinkenveld,06:00,4,4,100.0,"booked: Padelbaan 1 / PURE Tennis & Padel,Padelbaan 2,Padelbaan 3,Padelbaan 4"
2026-05-08T06:16:01.787410,Terwegen,06:30,8,8,100.0,"booked: Padelbaan 1 (Panorama court),Padelbaan 2,Padelbaan 3,Padelbaan 4,Padelbaan 5,Padelbaan 6,Padelbaan 7,Padelbaan 8"
2026-05-08T06:16:01.787410,Vinkenveld,06:30,4,4,100.0,"booked: Padelbaan 1 / PURE Tennis & Padel,Padelbaan 2,Padelbaan 3,Padelbaan 4"
2026-05-08T06:45:46.888722,Terwegen,07:00,8,8,100.0,"booked: Padelbaan 1 (Panorama court),Padelbaan 2,Padelbaan 3,Padelbaan 4,Padelbaan 5,Padelbaan 6,Padelbaan 7,Padelbaan 8"
2026-05-08T06:45:46.888722,Vinkenveld,07:00,4,4,100.0,"booked: Padelbaan 1 / PURE Tennis & Padel,Padelbaan 2,Padelbaan 3,Padelbaan 4"
2026-05-08T07:15:52.080373,Terwegen,07:30,8,8,100.0,"booked: Padelbaan 1 (Panorama court),Padelbaan 2,Padelbaan 3,Padelbaan 4,Padelbaan 5,Padelbaan 6,Padelbaan 7,Padelbaan 8"
2026-05-08T07:15:52.080373,Vinkenveld,07:30,4,4,100.0,"booked: Padelbaan 1 / PURE Tennis & Padel,Padelbaan 2,Padelbaan 3,Padelbaan 4"
2026-05-08T07:45:49.984531,Terwegen,08:00,8,1,12.5,"booked: Padelbaan 3; available: Padelbaan 1 (Panorama court),Padelbaan 2,Padelbaan 4,Padelbaan 5,Padelbaan 6,Padelbaan 7,Padelbaan 8"
2026-05-08T07:45:49.984531,Vinkenveld,08:00,4,1,25.0,"booked: Padelbaan 2; available: Padelbaan 1 / PURE Tennis & Padel,Padelbaan 3,Padelbaan 4"
2026-05-08T08:16:16.952350,Terwegen,08:30,8,2,25.0,"booked: Padelbaan 1 (Panorama court),Padelbaan 2; available: Padelbaan 3,Padelbaan 4,Padelbaan 5,Padelbaan 6,Padelbaan 7,Padelbaan 8"
2026-05-08T08:16:16.952350,Vinkenveld,08:30,4,2,50.0,"booked: Padelbaan 2,Padelbaan 3; available: Padelbaan 1 / PURE Tennis & Padel,Padelbaan 4"
2026-05-08T08:46:00.220121,Terwegen,09:00,8,2,25.0,"booked: Padelbaan 2,Padelbaan 3; available: Padelbaan 1 (Panorama court),Padelbaan 4,Padelbaan 5,Padelbaan 6,Padelbaan 7,Padelbaan 8"
2026-05-08T08:46:00.220121,Vinkenveld,09:00,4,3,75.0,"booked: Padelbaan 2,Padelbaan 3,Padelbaan 4; available: Padelbaan 1 / PURE Tennis & Padel"
2026-05-08T09:16:03.694057,Terwegen,09:30,8,4,50.0,"booked: Padelbaan 1 (Panorama court),Padelbaan 2,Padelbaan 3,Padelbaan 4; available: Padelbaan 5,Padelbaan 6,Padelbaan 7,Padelbaan 8"
2026-05-08T09:16:03.694057,Vinkenveld,09:30,4,3,75.0,"booked: Padelbaan 2,Padelbaan 3,Padelbaan 4; available: Padelbaan 1 / PURE Tennis & Padel"
2026-05-08T09:46:06.062032,Terwegen,10:00,8,3,37.5,"booked: Padelbaan 1 (Panorama court),Padelbaan 3,Padelbaan 4; available: Padelbaan 2,Padelbaan 5,Padelbaan 6,Padelbaan 7,Padelbaan 8"
2026-05-08T09:46:06.062032,Vinkenveld,10:00,4,2,50.0,"booked: Padelbaan 3,Padelbaan 4; available: Padelbaan 1 / PURE Tennis & Padel,Padelbaan 2"
2026-05-08T10:15:52.323506,Terwegen,10:30,8,4,50.0,"booked: Padelbaan 1 (Panorama court),Padelbaan 2,Padelbaan 3,Padelbaan 7; available: Padelbaan 4,Padelbaan 5,Padelbaan 6,Padelbaan 8"
2026-05-08T10:15:52.323506,Vinkenveld,10:30,4,0,0.0,"available: Padelbaan 1 / PURE Tennis & Padel,Padelbaan 2,Padelbaan 3,Padelbaan 4"
2026-05-08T10:45:51.651108,Terwegen,11:00,8,3,37.5,"booked: Padelbaan 1 (Panorama court),Padelbaan 3,Padelbaan 4; available: Padelbaan 2,Padelbaan 5,Padelbaan 6,Padelbaan 7,Padelbaan 8"
2026-05-08T10:45:51.651108,Vinkenveld,11:00,4,0,0.0,"available: Padelbaan 1 / PURE Tennis & Padel,Padelbaan 2,Padelbaan 3,Padelbaan 4"
2026-05-08T11:15:55.445200,Terwegen,11:30,8,2,25.0,"booked: Padelbaan 3,Padelbaan 7; available: Padelbaan 1 (Panorama court),Padelbaan 2,Padelbaan 4,Padelbaan 5,Padelbaan 6,Padelbaan 8"
2026-05-08T11:15:55.445200,Vinkenveld,11:30,4,0,0.0,"available: Padelbaan 1 / PURE Tennis & Padel,Padelbaan 2,Padelbaan 3,Padelbaan 4"
2026-05-08T11:45:52.848434,Terwegen,12:00,8,4,50.0,"booked: Padelbaan 1 (Panorama court),Padelbaan 3,Padelbaan 7,Padelbaan 8; available: Padelbaan 2,Padelbaan 4,Padelbaan 5,Padelbaan 6"
2026-05-08T11:45:52.848434,Vinkenveld,12:00,4,0,0.0,"available: Padelbaan 1 / PURE Tennis & Padel,Padelbaan 2,Padelbaan 3,Padelbaan 4"
2026-05-08T12:16:04.802473,Terwegen,12:30,8,2,25.0,"booked: Padelbaan 3,Padelbaan 7; available: Padelbaan 1 (Panorama court),Padelbaan 2,Padelbaan 4,Padelbaan 5,Padelbaan 6,Padelbaan 8"
2026-05-08T12:16:04.802473,Vinkenveld,12:30,4,1,25.0,"booked: Padelbaan 2; available: Padelbaan 1 / PURE Tennis & Padel,Padelbaan 3,Padelbaan 4"
2026-05-08T12:46:44.861200,Terwegen,13:00,8,2,25.0,"booked: Padelbaan 3,Padelbaan 8; available: Padelbaan 1 (Panorama court),Padelbaan 2,Padelbaan 4,Padelbaan 5,Padelbaan 6,Padelbaan 7"
2026-05-08T12:46:44.861200,Vinkenveld,13:00,4,1,25.0,"booked: Padelbaan 2; available: Padelbaan 1 / PURE Tennis & Padel,Padelbaan 3,Padelbaan 4"
2026-05-08T13:15:47.495219,Terwegen,13:30,8,3,37.5,"booked: Padelbaan 3,Padelbaan 7,Padelbaan 8; available: Padelbaan 1 (Panorama court),Padelbaan 2,Padelbaan 4,Padelbaan 5,Padelbaan 6"
2026-05-08T13:15:47.495219,Vinkenveld,13:30,4,1,25.0,"booked: Padelbaan 4; available: Padelbaan 1 / PURE Tennis & Padel,Padelbaan 2,Padelbaan 3"
2026-05-08T13:45:51.527920,Terwegen,14:00,8,2,25.0,"booked: Padelbaan 3,Padelbaan 8; available: Padelbaan 1 (Panorama court),Padelbaan 2,Padelbaan 4,Padelbaan 5,Padelbaan 6,Padelbaan 7"
2026-05-08T13:45:51.527920,Vinkenveld,14:00,4,1,25.0,"booked: Padelbaan 4; available: Padelbaan 1 / PURE Tennis & Padel,Padelbaan 2,Padelbaan 3"
2026-05-08T14:15:55.204399,Terwegen,14:30,8,2,25.0,"booked: Padelbaan 3,Padelbaan 8; available: Padelbaan 1 (Panorama court),Padelbaan 2,Padelbaan 4,Padelbaan 5,Padelbaan 6,Padelbaan 7"
2026-05-08T14:15:55.204399,Vinkenveld,14:30,4,1,25.0,"booked: Padelbaan 4; available: Padelbaan 1 / PURE Tennis & Padel,Padelbaan 2,Padelbaan 3"
2026-05-08T14:45:54.701351,Terwegen,15:00,8,1,12.5,"booked: Padelbaan 3; available: Padelbaan 1 (Panorama court),Padelbaan 2,Padelbaan 4,Padelbaan 5,Padelbaan 6,Padelbaan 7,Padelbaan 8"
2026-05-08T14:45:54.701351,Vinkenveld,15:00,4,1,25.0,"booked: Padelbaan 4; available: Padelbaan 1 / PURE Tennis & Padel,Padelbaan 2,Padelbaan 3"
2026-05-08T15:15:59.360572,Terwegen,15:30,8,2,25.0,"booked: Padelbaan 3,Padelbaan 8; available: Padelbaan 1 (Panorama court),Padelbaan 2,Padelbaan 4,Padelbaan 5,Padelbaan 6,Padelbaan 7"
2026-05-08T15:15:59.360572,Vinkenveld,15:30,4,0,0.0,"available: Padelbaan 1 / PURE Tennis & Padel,Padelbaan 2,Padelbaan 3,Padelbaan 4"
2026-05-08T15:46:28.791869,Terwegen,16:00,8,1,12.5,"booked: Padelbaan 3; available: Padelbaan 1 (Panorama court),Padelbaan 2,Padelbaan 4,Padelbaan 5,Padelbaan 6,Padelbaan 7,Padelbaan 8"
2026-05-08T15:46:28.791869,Vinkenveld,16:00,4,2,50.0,"booked: Padelbaan 3,Padelbaan 4; available: Padelbaan 1 / PURE Tennis & Padel,Padelbaan 2"
2026-05-08T16:15:58.524995,Terwegen,16:30,8,1,12.5,"booked: Padelbaan 3; available: Padelbaan 1 (Panorama court),Padelbaan 2,Padelbaan 4,Padelbaan 5,Padelbaan 6,Padelbaan 7,Padelbaan 8"
2026-05-08T16:15:58.524995,Vinkenveld,16:30,4,2,50.0,"booked: Padelbaan 3,Padelbaan 4; available: Padelbaan 1 / PURE Tennis & Padel,Padelbaan 2"
2026-05-08T16:48:27.317095,Terwegen,17:00,8,8,100.0,"booked: Padelbaan 1 (Panorama court),Padelbaan 2,Padelbaan 3,Padelbaan 4,Padelbaan 5,Padelbaan 6,Padelbaan 7,Padelbaan 8"
2026-05-08T16:48:27.317095,Vinkenveld,17:00,4,2,50.0,"booked: Padelbaan 3,Padelbaan 4; available: Padelbaan 1 / PURE Tennis & Padel,Padelbaan 2"
2026-05-08T17:16:35.631597,Terwegen,17:30,8,1,12.5,"booked: Padelbaan 3; available: Padelbaan 1 (Panorama court),Padelbaan 2,Padelbaan 4,Padelbaan 5,Padelbaan 6,Padelbaan 7,Padelbaan 8"
2026-05-08T17:16:35.631597,Vinkenveld,17:30,4,2,50.0,"booked: Padelbaan 3,Padelbaan 4; available: Padelbaan 1 / PURE Tennis & Padel,Padelbaan 2"
2026-05-08T17:46:01.120723,Terwegen,18:00,8,8,100.0,"booked: Padelbaan 1 (Panorama court),Padelbaan 2,Padelbaan 3,Padelbaan 4,Padelbaan 5,Padelbaan 6,Padelbaan 7,Padelbaan 8"
2026-05-08T17:46:01.120723,Vinkenveld,18:00,4,1,25.0,"booked: Padelbaan 3; available: Padelbaan 1 / PURE Tennis & Padel,Padelbaan 2,Padelbaan 4"
2026-05-08T18:15:48.702518,Terwegen,18:30,8,8,100.0,"booked: Padelbaan 1 (Panorama court),Padelbaan 2,Padelbaan 3,Padelbaan 4,Padelbaan 5,Padelbaan 6,Padelbaan 7,Padelbaan 8"
2026-05-08T18:15:48.702518,Vinkenveld,18:30,4,2,50.0,"booked: Padelbaan 1 / PURE Tennis & Padel,Padelbaan 3; available: Padelbaan 2,Padelbaan 4"
2026-05-08T18:45:47.649145,Terwegen,19:00,8,8,100.0,"booked: Padelbaan 1 (Panorama court),Padelbaan 2,Padelbaan 3,Padelbaan 4,Padelbaan 5,Padelbaan 6,Padelbaan 7,Padelbaan 8"
2026-05-08T18:45:47.649145,Vinkenveld,19:00,4,3,75.0,"booked: Padelbaan 1 / PURE Tennis & Padel,Padelbaan 2,Padelbaan 3; available: Padelbaan 4"
2026-05-08T19:15:52.603273,Terwegen,19:30,8,8,100.0,"booked: Padelbaan 1 (Panorama court),Padelbaan 2,Padelbaan 3,Padelbaan 4,Padelbaan 5,Padelbaan 6,Padelbaan 7,Padelbaan 8"
2026-05-08T19:15:52.603273,Vinkenveld,19:30,4,4,100.0,"booked: Padelbaan 1 / PURE Tennis & Padel,Padelbaan 2,Padelbaan 3,Padelbaan 4"
2026-05-08T19:46:02.894415,Terwegen,20:00,8,8,100.0,"booked: Padelbaan 1 (Panorama court),Padelbaan 2,Padelbaan 3,Padelbaan 4,Padelbaan 5,Padelbaan 6,Padelbaan 7,Padelbaan 8"
2026-05-08T19:46:02.894415,Vinkenveld,20:00,4,4,100.0,"booked: Padelbaan 1 / PURE Tennis & Padel,Padelbaan 2,Padelbaan 3,Padelbaan 4"
2026-05-08T20:15:56.999490,Terwegen,20:30,8,8,100.0,"booked: Padelbaan 1 (Panorama court),Padelbaan 2,Padelbaan 3,Padelbaan 4,Padelbaan 5,Padelbaan 6,Padelbaan 7,Padelbaan 8"
2026-05-08T20:15:56.999490,Vinkenveld,20:30,4,4,100.0,"booked: Padelbaan 1 / PURE Tennis & Padel,Padelbaan 2,Padelbaan 3,Padelbaan 4"
2026-05-08T20:45:51.272230,Terwegen,21:00,8,8,100.0,"booked: Padelbaan 1 (Panorama court),Padelbaan 2,Padelbaan 3,Padelbaan 4,Padelbaan 5,Padelbaan 6,Padelbaan 7,Padelbaan 8"
2026-05-08T20:45:51.272230,Vinkenveld,21:00,4,4,100.0,"booked: Padelbaan 1 / PURE Tennis & Padel,Padelbaan 2,Padelbaan 3,Padelbaan 4"
2026-05-08T21:15:54.941462,Terwegen,21:30,8,8,100.0,"booked: Padelbaan 1 (Panorama court),Padelbaan 2,Padelbaan 3,Padelbaan 4,Padelbaan 5,Padelbaan 6,Padelbaan 7,Padelbaan 8"
2026-05-08T21:15:54.941462,Vinkenveld,21:30,4,4,100.0,"booked: Padelbaan 1 / PURE Tennis & Padel,Padelbaan 2,Padelbaan 3,Padelbaan 4"
2026-05-08T21:45:47.964609,Terwegen,22:00,8,8,100.0,"booked: Padelbaan 1 (Panorama court),Padelbaan 2,Padelbaan 3,Padelbaan 4,Padelbaan 5,Padelbaan 6,Padelbaan 7,Padelbaan 8"
2026-05-08T21:45:47.964609,Vinkenveld,22:00,4,4,100.0,"booked: Padelbaan 1 / PURE Tennis & Padel,Padelbaan 2,Padelbaan 3,Padelbaan 4"
2026-05-08T23:45:57.130358,Terwegen,00:00,8,8,100.0,"booked: Padelbaan 1 (Panorama court),Padelbaan 2,Padelbaan 3,Padelbaan 4,Padelbaan 5,Padelbaan 6,Padelbaan 7,Padelbaan 8"
2026-05-08T23:45:57.130358,Vinkenveld,00:00,4,4,100.0,"booked: Padelbaan 1 / PURE Tennis & Padel,Padelbaan 2,Padelbaan 3,Padelbaan 4"
2026-05-09T00:15:58.487617,Terwegen,00:30,8,8,100.0,"booked: Padelbaan 1 (Panorama court),Padelbaan 2,Padelbaan 3,Padelbaan 4,Padelbaan 5,Padelbaan 6,Padelbaan 7,Padelbaan 8"
2026-05-09T00:15:58.487617,Vinkenveld,00:30,4,4,100.0,"booked: Padelbaan 1 / PURE Tennis & Padel,Padelbaan 2,Padelbaan 3,Padelbaan 4"
2026-05-09T00:45:55.711820,Terwegen,01:00,8,8,100.0,"booked: Padelbaan 1 (Panorama court),Padelbaan 2,Padelbaan 3,Padelbaan 4,Padelbaan 5,Padelbaan 6,Padelbaan 7,Padelbaan 8"
2026-05-09T00:45:55.711820,Vinkenveld,01:00,4,4,100.0,"booked: Padelbaan 1 / PURE Tennis & Padel,Padelbaan 2,Padelbaan 3,Padelbaan 4"
2026-05-09T01:15:49.880595,Terwegen,01:30,8,8,100.0,"booked: Padelbaan 1 (Panorama court),Padelbaan 2,Padelbaan 3,Padelbaan 4,Padelbaan 5,Padelbaan 6,Padelbaan 7,Padelbaan 8"
2026-05-09T01:15:49.880595,Vinkenveld,01:30,4,4,100.0,"booked: Padelbaan 1 / PURE Tennis & Padel,Padelbaan 2,Padelbaan 3,Padelbaan 4"
2026-05-09T01:45:45.403188,Terwegen,02:00,8,8,100.0,"booked: Padelbaan 1 (Panorama court),Padelbaan 2,Padelbaan 3,Padelbaan 4,Padelbaan 5,Padelbaan 6,Padelbaan 7,Padelbaan 8"
2026-05-09T01:45:45.403188,Vinkenveld,02:00,4,4,100.0,"booked: Padelbaan 1 / PURE Tennis & Padel,Padelbaan 2,Padelbaan 3,Padelbaan 4"
2026-05-09T02:15:53.558225,Terwegen,02:30,8,8,100.0,"booked: Padelbaan 1 (Panorama court),Padelbaan 2,Padelbaan 3,Padelbaan 4,Padelbaan 5,Padelbaan 6,Padelbaan 7,Padelbaan 8"
2026-05-09T02:15:53.558225,Vinkenveld,02:30,4,4,100.0,"booked: Padelbaan 1 / PURE Tennis & Padel,Padelbaan 2,Padelbaan 3,Padelbaan 4"
2026-05-09T02:45:44.786349,Terwegen,03:00,8,8,100.0,"booked: Padelbaan 1 (Panorama court),Padelbaan 2,Padelbaan 3,Padelbaan 4,Padelbaan 5,Padelbaan 6,Padelbaan 7,Padelbaan 8"
2026-05-09T02:45:44.786349,Vinkenveld,03:00,4,4,100.0,"booked: Padelbaan 1 / PURE Tennis & Padel,Padelbaan 2,Padelbaan 3,Padelbaan 4"
2026-05-09T03:15:49.981123,Terwegen,03:30,8,8,100.0,"booked: Padelbaan 1 (Panorama court),Padelbaan 2,Padelbaan 3,Padelbaan 4,Padelbaan 5,Padelbaan 6,Padelbaan 7,Padelbaan 8"
2026-05-09T03:15:49.981123,Vinkenveld,03:30,4,4,100.0,"booked: Padelbaan 1 / PURE Tennis & Padel,Padelbaan 2,Padelbaan 3,Padelbaan 4"
2026-05-09T03:46:26.882584,Terwegen,04:00,8,8,100.0,"booked: Padelbaan 1 (Panorama court),Padelbaan 2,Padelbaan 3,Padelbaan 4,Padelbaan 5,Padelbaan 6,Padelbaan 7,Padelbaan 8"
2026-05-09T03:46:26.882584,Vinkenveld,04:00,4,4,100.0,"booked: Padelbaan 1 / PURE Tennis & Padel,Padelbaan 2,Padelbaan 3,Padelbaan 4"
2026-05-09T04:15:59.455173,Terwegen,04:30,8,8,100.0,"booked: Padelbaan 1 (Panorama court),Padelbaan 2,Padelbaan 3,Padelbaan 4,Padelbaan 5,Padelbaan 6,Padelbaan 7,Padelbaan 8"
2026-05-09T04:15:59.455173,Vinkenveld,04:30,4,4,100.0,"booked: Padelbaan 1 / PURE Tennis & Padel,Padelbaan 2,Padelbaan 3,Padelbaan 4"
2026-05-09T04:45:51.104347,Terwegen,05:00,8,8,100.0,"booked: Padelbaan 1 (Panorama court),Padelbaan 2,Padelbaan 3,Padelbaan 4,Padelbaan 5,Padelbaan 6,Padelbaan 7,Padelbaan 8"
2026-05-09T04:45:51.104347,Vinkenveld,05:00,4,4,100.0,"booked: Padelbaan 1 / PURE Tennis & Padel,Padelbaan 2,Padelbaan 3,Padelbaan 4"
2026-05-09T05:15:52.570708,Terwegen,05:30,8,8,100.0,"booked: Padelbaan 1 (Panorama court),Padelbaan 2,Padelbaan 3,Padelbaan 4,Padelbaan 5,Padelbaan 6,Padelbaan 7,Padelbaan 8"
2026-05-09T05:15:52.570708,Vinkenveld,05:30,4,4,100.0,"booked: Padelbaan 1 / PURE Tennis & Padel,Padelbaan 2,Padelbaan 3,Padelbaan 4"
2026-05-09T05:45:46.529750,Terwegen,06:00,8,8,100.0,"booked: Padelbaan 1 (Panorama court),Padelbaan 2,Padelbaan 3,Padelbaan 4,Padelbaan 5,Padelbaan 6,Padelbaan 7,Padelbaan 8"
2026-05-09T05:45:46.529750,Vinkenveld,06:00,4,4,100.0,"booked: Padelbaan 1 / PURE Tennis & Padel,Padelbaan 2,Padelbaan 3,Padelbaan 4"
2026-05-09T06:15:51.344018,Terwegen,06:30,8,8,100.0,"booked: Padelbaan 1 (Panorama court),Padelbaan 2,Padelbaan 3,Padelbaan 4,Padelbaan 5,Padelbaan 6,Padelbaan 7,Padelbaan 8"
2026-05-09T06:15:51.344018,Vinkenveld,06:30,4,4,100.0,"booked: Padelbaan 1 / PURE Tennis & Padel,Padelbaan 2,Padelbaan 3,Padelbaan 4"
2026-05-09T06:45:51.723463,Terwegen,07:00,8,8,100.0,"booked: Padelbaan 1 (Panorama court),Padelbaan 2,Padelbaan 3,Padelbaan 4,Padelbaan 5,Padelbaan 6,Padelbaan 7,Padelbaan 8"
2026-05-09T06:45:51.723463,Vinkenveld,07:00,4,4,100.0,"booked: Padelbaan 1 / PURE Tennis & Padel,Padelbaan 2,Padelbaan 3,Padelbaan 4"
2026-05-09T07:15:56.847548,Terwegen,07:30,8,8,100.0,"booked: Padelbaan 1 (Panorama court),Padelbaan 2,Padelbaan 3,Padelbaan 4,Padelbaan 5,Padelbaan 6,Padelbaan 7,Padelbaan 8"
2026-05-09T07:15:56.847548,Vinkenveld,07:30,4,4,100.0,"booked: Padelbaan 1 / PURE Tennis & Padel,Padelbaan 2,Padelbaan 3,Padelbaan 4"
2026-05-09T07:45:58.469896,Terwegen,08:00,8,1,12.5,"booked: Padelbaan 7; available: Padelbaan 1 (Panorama court),Padelbaan 2,Padelbaan 3,Padelbaan 4,Padelbaan 5,Padelbaan 6,Padelbaan 8"
2026-05-09T07:45:58.469896,Vinkenveld,08:00,4,1,25.0,"booked: Padelbaan 3; available: Padelbaan 1 / PURE Tennis & Padel,Padelbaan 2,Padelbaan 4"
2026-05-09T08:15:48.369761,Terwegen,08:30,8,5,62.5,"booked: Padelbaan 1 (Panorama court),Padelbaan 2,Padelbaan 3,Padelbaan 6,Padelbaan 8; available: Padelbaan 4,Padelbaan 5,Padelbaan 7"
2026-05-09T08:15:48.369761,Vinkenveld,08:30,4,1,25.0,"booked: Padelbaan 3; available: Padelbaan 1 / PURE Tennis & Padel,Padelbaan 2,Padelbaan 4"
2026-05-09T08:46:54.882947,Terwegen,09:00,8,4,50.0,"booked: Padelbaan 4,Padelbaan 5,Padelbaan 7,Padelbaan 8; available: Padelbaan 1 (Panorama court),Padelbaan 2,Padelbaan 3,Padelbaan 6"
2026-05-09T08:46:54.882947,Vinkenveld,09:00,4,1,25.0,"booked: Padelbaan 3; available: Padelbaan 1 / PURE Tennis & Padel,Padelbaan 2,Padelbaan 4"
2026-05-09T09:15:51.329389,Terwegen,09:30,8,7,87.5,"booked: Padelbaan 1 (Panorama court),Padelbaan 2,Padelbaan 3,Padelbaan 4,Padelbaan 6,Padelbaan 7,Padelbaan 8; available: Padelbaan 5"
2026-05-09T09:15:51.329389,Vinkenveld,09:30,4,3,75.0,"booked: Padelbaan 1 / PURE Tennis & Padel,Padelbaan 3,Padelbaan 4; available: Padelbaan 2"
2026-05-09T09:46:15.556649,Terwegen,10:00,8,8,100.0,"booked: Padelbaan 1 (Panorama court),Padelbaan 2,Padelbaan 3,Padelbaan 4,Padelbaan 5,Padelbaan 6,Padelbaan 7,Padelbaan 8"
2026-05-09T09:46:15.556649,Vinkenveld,10:00,4,3,75.0,"booked: Padelbaan 1 / PURE Tennis & Padel,Padelbaan 3,Padelbaan 4; available: Padelbaan 2"
2026-05-09T10:15:53.626486,Terwegen,10:30,8,8,100.0,"booked: Padelbaan 1 (Panorama court),Padelbaan 2,Padelbaan 3,Padelbaan 4,Padelbaan 5,Padelbaan 6,Padelbaan 7,Padelbaan 8"
2026-05-09T10:15:53.626486,Vinkenveld,10:30,4,4,100.0,"booked: Padelbaan 1 / PURE Tennis & Padel,Padelbaan 2,Padelbaan 3,Padelbaan 4"
2026-05-09T10:45:43.077083,Terwegen,11:00,8,6,75.0,"booked: Padelbaan 1 (Panorama court),Padelbaan 2,Padelbaan 3,Padelbaan 4,Padelbaan 5,Padelbaan 8; available: Padelbaan 6,Padelbaan 7"
2026-05-09T10:45:43.077083,Vinkenveld,11:00,4,4,100.0,"booked: Padelbaan 1 / PURE Tennis & Padel,Padelbaan 2,Padelbaan 3,Padelbaan 4"
2026-05-09T11:15:56.290120,Terwegen,11:30,8,6,75.0,"booked: Padelbaan 1 (Panorama court),Padelbaan 2,Padelbaan 4,Padelbaan 5,Padelbaan 6,Padelbaan 7; available: Padelbaan 3,Padelbaan 8"
2026-05-09T11:15:56.290120,Vinkenveld,11:30,4,3,75.0,"booked: Padelbaan 2,Padelbaan 3,Padelbaan 4; available: Padelbaan 1 / PURE Tennis & Padel"
2026-05-09T11:45:52.749122,Terwegen,12:00,8,5,62.5,"booked: Padelbaan 1 (Panorama court),Padelbaan 2,Padelbaan 3,Padelbaan 7,Padelbaan 8; available: Padelbaan 4,Padelbaan 5,Padelbaan 6"
2026-05-09T11:45:52.749122,Vinkenveld,12:00,4,3,75.0,"booked: Padelbaan 2,Padelbaan 3,Padelbaan 4; available: Padelbaan 1 / PURE Tennis & Padel"
2026-05-09T12:15:48.664112,Terwegen,12:30,8,5,62.5,"booked: Padelbaan 1 (Panorama court),Padelbaan 2,Padelbaan 4,Padelbaan 5,Padelbaan 7; available: Padelbaan 3,Padelbaan 6,Padelbaan 8"
2026-05-09T12:15:48.664112,Vinkenveld,12:30,4,3,75.0,"booked: Padelbaan 1 / PURE Tennis & Padel,Padelbaan 3,Padelbaan 4; available: Padelbaan 2"
2026-05-09T12:45:57.943200,Terwegen,13:00,8,2,25.0,"booked: Padelbaan 1 (Panorama court),Padelbaan 7; available: Padelbaan 2,Padelbaan 3,Padelbaan 4,Padelbaan 5,Padelbaan 6,Padelbaan 8"
2026-05-09T12:45:57.943200,Vinkenveld,13:00,4,3,75.0,"booked: Padelbaan 1 / PURE Tennis & Padel,Padelbaan 3,Padelbaan 4; available: Padelbaan 2"
2026-05-09T13:15:53.032624,Terwegen,13:30,8,3,37.5,"booked: Padelbaan 1 (Panorama court),Padelbaan 2,Padelbaan 6; available: Padelbaan 3,Padelbaan 4,Padelbaan 5,Padelbaan 7,Padelbaan 8"
2026-05-09T13:15:53.032624,Vinkenveld,13:30,4,3,75.0,"booked: Padelbaan 1 / PURE Tennis & Padel,Padelbaan 3,Padelbaan 4; available: Padelbaan 2"
2026-05-09T13:45:49.710944,Terwegen,14:00,8,2,25.0,"booked: Padelbaan 1 (Panorama court),Padelbaan 7; available: Padelbaan 2,Padelbaan 3,Padelbaan 4,Padelbaan 5,Padelbaan 6,Padelbaan 8"
2026-05-09T13:45:49.710944,Vinkenveld,14:00,4,0,0.0,"available: Padelbaan 1 / PURE Tennis & Padel,Padelbaan 2,Padelbaan 3,Padelbaan 4"
2026-05-09T14:16:23.329933,Terwegen,14:30,8,3,37.5,"booked: Padelbaan 1 (Panorama court),Padelbaan 6,Padelbaan 8; available: Padelbaan 2,Padelbaan 3,Padelbaan 4,Padelbaan 5,Padelbaan 7"
2026-05-09T14:16:23.329933,Vinkenveld,14:30,4,0,0.0,"available: Padelbaan 1 / PURE Tennis & Padel,Padelbaan 2,Padelbaan 3,Padelbaan 4"
2026-05-09T14:46:00.481377,Terwegen,15:00,8,1,12.5,"booked: Padelbaan 6; available: Padelbaan 1 (Panorama court),Padelbaan 2,Padelbaan 3,Padelbaan 4,Padelbaan 5,Padelbaan 7,Padelbaan 8"
2026-05-09T14:46:00.481377,Vinkenveld,15:00,4,0,0.0,"available: Padelbaan 1 / PURE Tennis & Padel,Padelbaan 2,Padelbaan 3,Padelbaan 4"
2026-05-09T15:15:58.243953,Terwegen,15:30,8,3,37.5,"booked: Padelbaan 1 (Panorama court),Padelbaan 6,Padelbaan 8; available: Padelbaan 2,Padelbaan 3,Padelbaan 4,Padelbaan 5,Padelbaan 7"
2026-05-09T15:15:58.243953,Vinkenveld,15:30,4,0,0.0,"available: Padelbaan 1 / PURE Tennis & Padel,Padelbaan 2,Padelbaan 3,Padelbaan 4"
2026-05-09T15:45:49.100308,Terwegen,16:00,8,4,50.0,"booked: Padelbaan 1 (Panorama court),Padelbaan 3,Padelbaan 6,Padelbaan 8; available: Padelbaan 2,Padelbaan 4,Padelbaan 5,Padelbaan 7"
2026-05-09T15:45:49.100308,Vinkenveld,16:00,4,0,0.0,"available: Padelbaan 1 / PURE Tennis & Padel,Padelbaan 2,Padelbaan 3,Padelbaan 4"
2026-05-09T16:15:53.486992,Terwegen,16:30,8,1,12.5,"booked: Padelbaan 8; available: Padelbaan 1 (Panorama court),Padelbaan 2,Padelbaan 3,Padelbaan 4,Padelbaan 5,Padelbaan 6,Padelbaan 7"
2026-05-09T16:15:53.486992,Vinkenveld,16:30,4,0,0.0,"available: Padelbaan 1 / PURE Tennis & Padel,Padelbaan 2,Padelbaan 3,Padelbaan 4"
2026-05-09T16:45:56.994249,Terwegen,17:00,8,3,37.5,"booked: Padelbaan 1 (Panorama court),Padelbaan 3,Padelbaan 6; available: Padelbaan 2,Padelbaan 4,Padelbaan 5,Padelbaan 7,Padelbaan 8"
2026-05-09T16:45:56.994249,Vinkenveld,17:00,4,0,0.0,"available: Padelbaan 1 / PURE Tennis & Padel,Padelbaan 2,Padelbaan 3,Padelbaan 4"
2026-05-09T17:15:49.218067,Terwegen,17:30,8,4,50.0,"booked: Padelbaan 1 (Panorama court),Padelbaan 3,Padelbaan 4,Padelbaan 8; available: Padelbaan 2,Padelbaan 5,Padelbaan 6,Padelbaan 7"
2026-05-09T17:15:49.218067,Vinkenveld,17:30,4,0,0.0,"available: Padelbaan 1 / PURE Tennis & Padel,Padelbaan 2,Padelbaan 3,Padelbaan 4"
2026-05-09T17:45:46.560632,Terwegen,18:00,8,2,25.0,"booked: Padelbaan 1 (Panorama court),Padelbaan 3; available: Padelbaan 2,Padelbaan 4,Padelbaan 5,Padelbaan 6,Padelbaan 7,Padelbaan 8"
2026-05-09T17:45:46.560632,Vinkenveld,18:00,4,0,0.0,"available: Padelbaan 1 / PURE Tennis & Padel,Padelbaan 2,Padelbaan 3,Padelbaan 4"
2026-05-09T18:15:52.188143,Terwegen,18:30,8,8,100.0,"booked: Padelbaan 1 (Panorama court),Padelbaan 2,Padelbaan 3,Padelbaan 4,Padelbaan 5,Padelbaan 6,Padelbaan 7,Padelbaan 8"
2026-05-09T18:15:52.188143,Vinkenveld,18:30,4,1,25.0,"booked: Padelbaan 3; available: Padelbaan 1 / PURE Tennis & Padel,Padelbaan 2,Padelbaan 4"
2026-05-09T18:45:46.817615,Terwegen,19:00,8,2,25.0,"booked: Padelbaan 3,Padelbaan 4; available: Padelbaan 1 (Panorama court),Padelbaan 2,Padelbaan 5,Padelbaan 6,Padelbaan 7,Padelbaan 8"
2026-05-09T18:45:46.817615,Vinkenveld,19:00,4,1,25.0,"booked: Padelbaan 3; available: Padelbaan 1 / PURE Tennis & Padel,Padelbaan 2,Padelbaan 4"
2026-05-09T19:16:10.066927,Vinkenveld,19:30,4,1,25.0,"booked: Padelbaan 3; available: Padelbaan 1 / PURE Tennis & Padel,Padelbaan 2,Padelbaan 4"
2026-05-09T19:45:52.064091,Vinkenveld,20:00,4,1,25.0,"booked: Padelbaan 3; available: Padelbaan 1 / PURE Tennis & Padel,Padelbaan 2,Padelbaan 4"
2026-05-09T20:15:56.426088,Vinkenveld,20:30,4,1,25.0,"booked: Padelbaan 3; available: Padelbaan 1 / PURE Tennis & Padel,Padelbaan 2,Padelbaan 4"
2026-05-09T20:45:50.498620,Vinkenveld,21:00,4,1,25.0,"booked: Padelbaan 3; available: Padelbaan 1 / PURE Tennis & Padel,Padelbaan 2,Padelbaan 4"
2026-05-09T21:15:47.829909,Vinkenveld,21:30,4,4,100.0,"booked: Padelbaan 1 / PURE Tennis & Padel,Padelbaan 2,Padelbaan 3,Padelbaan 4"
2026-05-09T21:45:49.130940,Vinkenveld,22:00,4,4,100.0,"booked: Padelbaan 1 / PURE Tennis & Padel,Padelbaan 2,Padelbaan 3,Padelbaan 4"
2026-05-09T23:45:44.527608,Terwegen,00:00,8,8,100.0,"booked: Padelbaan 1 (Panorama court),Padelbaan 2,Padelbaan 3,Padelbaan 4,Padelbaan 5,Padelbaan 6,Padelbaan 7,Padelbaan 8"
2026-05-09T23:45:44.527608,Vinkenveld,00:00,4,4,100.0,"booked: Padelbaan 1 / PURE Tennis & Padel,Padelbaan 2,Padelbaan 3,Padelbaan 4"
2026-05-10T00:15:52.235177,Terwegen,00:30,8,8,100.0,"booked: Padelbaan 1 (Panorama court),Padelbaan 2,Padelbaan 3,Padelbaan 4,Padelbaan 5,Padelbaan 6,Padelbaan 7,Padelbaan 8"
2026-05-10T00:15:52.235177,Vinkenveld,00:30,4,4,100.0,"booked: Padelbaan 1 / PURE Tennis & Padel,Padelbaan 2,Padelbaan 3,Padelbaan 4"
2026-05-10T00:46:03.836361,Terwegen,01:00,8,8,100.0,"booked: Padelbaan 1 (Panorama court),Padelbaan 2,Padelbaan 3,Padelbaan 4,Padelbaan 5,Padelbaan 6,Padelbaan 7,Padelbaan 8"
2026-05-10T00:46:03.836361,Vinkenveld,01:00,4,4,100.0,"booked: Padelbaan 1 / PURE Tennis & Padel,Padelbaan 2,Padelbaan 3,Padelbaan 4"
2026-05-10T01:15:46.302028,Terwegen,01:30,8,8,100.0,"booked: Padelbaan 1 (Panorama court),Padelbaan 2,Padelbaan 3,Padelbaan 4,Padelbaan 5,Padelbaan 6,Padelbaan 7,Padelbaan 8"
2026-05-10T01:15:46.302028,Vinkenveld,01:30,4,4,100.0,"booked: Padelbaan 1 / PURE Tennis & Padel,Padelbaan 2,Padelbaan 3,Padelbaan 4"
2026-05-10T01:45:50.682966,Terwegen,02:00,8,8,100.0,"booked: Padelbaan 1 (Panorama court),Padelbaan 2,Padelbaan 3,Padelbaan 4,Padelbaan 5,Padelbaan 6,Padelbaan 7,Padelbaan 8"
2026-05-10T01:45:50.682966,Vinkenveld,02:00,4,4,100.0,"booked: Padelbaan 1 / PURE Tennis & Padel,Padelbaan 2,Padelbaan 3,Padelbaan 4"
2026-05-10T02:15:54.740057,Terwegen,02:30,8,8,100.0,"booked: Padelbaan 1 (Panorama court),Padelbaan 2,Padelbaan 3,Padelbaan 4,Padelbaan 5,Padelbaan 6,Padelbaan 7,Padelbaan 8"
2026-05-10T02:15:54.740057,Vinkenveld,02:30,4,4,100.0,"booked: Padelbaan 1 / PURE Tennis & Padel,Padelbaan 2,Padelbaan 3,Padelbaan 4"
2026-05-10T02:45:58.009639,Terwegen,03:00,8,8,100.0,"booked: Padelbaan 1 (Panorama court),Padelbaan 2,Padelbaan 3,Padelbaan 4,Padelbaan 5,Padelbaan 6,Padelbaan 7,Padelbaan 8"
2026-05-10T02:45:58.009639,Vinkenveld,03:00,4,4,100.0,"booked: Padelbaan 1 / PURE Tennis & Padel,Padelbaan 2,Padelbaan 3,Padelbaan 4"
2026-05-10T03:15:45.613777,Terwegen,03:30,8,8,100.0,"booked: Padelbaan 1 (Panorama court),Padelbaan 2,Padelbaan 3,Padelbaan 4,Padelbaan 5,Padelbaan 6,Padelbaan 7,Padelbaan 8"
2026-05-10T03:15:45.613777,Vinkenveld,03:30,4,4,100.0,"booked: Padelbaan 1 / PURE Tennis & Padel,Padelbaan 2,Padelbaan 3,Padelbaan 4"
2026-05-10T03:45:46.929542,Terwegen,04:00,8,8,100.0,"booked: Padelbaan 1 (Panorama court),Padelbaan 2,Padelbaan 3,Padelbaan 4,Padelbaan 5,Padelbaan 6,Padelbaan 7,Padelbaan 8"
2026-05-10T03:45:46.929542,Vinkenveld,04:00,4,4,100.0,"booked: Padelbaan 1 / PURE Tennis & Padel,Padelbaan 2,Padelbaan 3,Padelbaan 4"
2026-05-10T04:15:53.774479,Terwegen,04:30,8,8,100.0,"booked: Padelbaan 1 (Panorama court),Padelbaan 2,Padelbaan 3,Padelbaan 4,Padelbaan 5,Padelbaan 6,Padelbaan 7,Padelbaan 8"
2026-05-10T04:15:53.774479,Vinkenveld,04:30,4,4,100.0,"booked: Padelbaan 1 / PURE Tennis & Padel,Padelbaan 2,Padelbaan 3,Padelbaan 4"
2026-05-10T04:45:51.791833,Terwegen,05:00,8,8,100.0,"booked: Padelbaan 1 (Panorama court),Padelbaan 2,Padelbaan 3,Padelbaan 4,Padelbaan 5,Padelbaan 6,Padelbaan 7,Padelbaan 8"
2026-05-10T04:45:51.791833,Vinkenveld,05:00,4,4,100.0,"booked: Padelbaan 1 / PURE Tennis & Padel,Padelbaan 2,Padelbaan 3,Padelbaan 4"
2026-05-10T05:15:52.846012,Terwegen,05:30,8,8,100.0,"booked: Padelbaan 1 (Panorama court),Padelbaan 2,Padelbaan 3,Padelbaan 4,Padelbaan 5,Padelbaan 6,Padelbaan 7,Padelbaan 8"
2026-05-10T05:15:52.846012,Vinkenveld,05:30,4,4,100.0,"booked: Padelbaan 1 / PURE Tennis & Padel,Padelbaan 2,Padelbaan 3,Padelbaan 4"
2026-05-10T05:45:45.760606,Terwegen,06:00,8,8,100.0,"booked: Padelbaan 1 (Panorama court),Padelbaan 2,Padelbaan 3,Padelbaan 4,Padelbaan 5,Padelbaan 6,Padelbaan 7,Padelbaan 8"
2026-05-10T05:45:45.760606,Vinkenveld,06:00,4,4,100.0,"booked: Padelbaan 1 / PURE Tennis & Padel,Padelbaan 2,Padelbaan 3,Padelbaan 4"
2026-05-10T06:15:45.834439,Terwegen,06:30,8,8,100.0,"booked: Padelbaan 1 (Panorama court),Padelbaan 2,Padelbaan 3,Padelbaan 4,Padelbaan 5,Padelbaan 6,Padelbaan 7,Padelbaan 8"
2026-05-10T06:15:45.834439,Vinkenveld,06:30,4,4,100.0,"booked: Padelbaan 1 / PURE Tennis & Padel,Padelbaan 2,Padelbaan 3,Padelbaan 4"
2026-05-10T06:45:47.742634,Terwegen,07:00,8,8,100.0,"booked: Padelbaan 1 (Panorama court),Padelbaan 2,Padelbaan 3,Padelbaan 4,Padelbaan 5,Padelbaan 6,Padelbaan 7,Padelbaan 8"
2026-05-10T06:45:47.742634,Vinkenveld,07:00,4,4,100.0,"booked: Padelbaan 1 / PURE Tennis & Padel,Padelbaan 2,Padelbaan 3,Padelbaan 4"
2026-05-10T07:15:53.803241,Terwegen,07:30,8,8,100.0,"booked: Padelbaan 1 (Panorama court),Padelbaan 2,Padelbaan 3,Padelbaan 4,Padelbaan 5,Padelbaan 6,Padelbaan 7,Padelbaan 8"
2026-05-10T07:15:53.803241,Vinkenveld,07:30,4,4,100.0,"booked: Padelbaan 1 / PURE Tennis & Padel,Padelbaan 2,Padelbaan 3,Padelbaan 4"
2026-05-10T07:45:53.341639,Terwegen,08:00,8,4,50.0,"booked: Padelbaan 1 (Panorama court),Padelbaan 3,Padelbaan 4,Padelbaan 7; available: Padelbaan 2,Padelbaan 5,Padelbaan 6,Padelbaan 8"
2026-05-10T07:45:53.341639,Vinkenveld,08:00,4,1,25.0,"booked: Padelbaan 3; available: Padelbaan 1 / PURE Tennis & Padel,Padelbaan 2,Padelbaan 4"
2026-05-10T08:15:48.856589,Terwegen,08:30,8,3,37.5,"booked: Padelbaan 1 (Panorama court),Padelbaan 3,Padelbaan 6; available: Padelbaan 2,Padelbaan 4,Padelbaan 5,Padelbaan 7,Padelbaan 8"
2026-05-10T08:15:48.856589,Vinkenveld,08:30,4,1,25.0,"booked: Padelbaan 3; available: Padelbaan 1 / PURE Tennis & Padel,Padelbaan 2,Padelbaan 4"
2026-05-10T08:46:01.991297,Terwegen,09:00,8,4,50.0,"booked: Padelbaan 2,Padelbaan 3,Padelbaan 4,Padelbaan 7; available: Padelbaan 1 (Panorama court),Padelbaan 5,Padelbaan 6,Padelbaan 8"
2026-05-10T08:46:01.991297,Vinkenveld,09:00,4,1,25.0,"booked: Padelbaan 3; available: Padelbaan 1 / PURE Tennis & Padel,Padelbaan 2,Padelbaan 4"
2026-05-10T09:15:48.256399,Terwegen,09:30,8,6,75.0,"booked: Padelbaan 1 (Panorama court),Padelbaan 3,Padelbaan 4,Padelbaan 6,Padelbaan 7,Padelbaan 8; available: Padelbaan 2,Padelbaan 5"
2026-05-10T09:15:48.256399,Vinkenveld,09:30,4,2,50.0,"booked: Padelbaan 2,Padelbaan 3; available: Padelbaan 1 / PURE Tennis & Padel,Padelbaan 4"
2026-05-10T09:45:56.263991,Terwegen,10:00,8,5,62.5,"booked: Padelbaan 1 (Panorama court),Padelbaan 2,Padelbaan 4,Padelbaan 6,Padelbaan 7; available: Padelbaan 3,Padelbaan 5,Padelbaan 8"
2026-05-10T09:45:56.263991,Vinkenveld,10:00,4,3,75.0,"booked: Padelbaan 1 / PURE Tennis & Padel,Padelbaan 2,Padelbaan 3; available: Padelbaan 4"
2026-05-10T10:15:50.012867,Terwegen,10:30,8,8,100.0,"booked: Padelbaan 1 (Panorama court),Padelbaan 2,Padelbaan 3,Padelbaan 4,Padelbaan 5,Padelbaan 6,Padelbaan 7,Padelbaan 8"
2026-05-10T10:15:50.012867,Vinkenveld,10:30,4,3,75.0,"booked: Padelbaan 1 / PURE Tennis & Padel,Padelbaan 2,Padelbaan 3; available: Padelbaan 4"
2026-05-10T10:45:50.337073,Terwegen,11:00,8,8,100.0,"booked: Padelbaan 1 (Panorama court),Padelbaan 2,Padelbaan 3,Padelbaan 4,Padelbaan 5,Padelbaan 6,Padelbaan 7,Padelbaan 8"
2026-05-10T10:45:50.337073,Vinkenveld,11:00,4,3,75.0,"booked: Padelbaan 1 / PURE Tennis & Padel,Padelbaan 2,Padelbaan 3; available: Padelbaan 4"
2026-05-10T11:15:52.221436,Terwegen,11:30,8,8,100.0,"booked: Padelbaan 1 (Panorama court),Padelbaan 2,Padelbaan 3,Padelbaan 4,Padelbaan 5,Padelbaan 6,Padelbaan 7,Padelbaan 8"
2026-05-10T11:15:52.221436,Vinkenveld,11:30,4,2,50.0,"booked: Padelbaan 2,Padelbaan 3; available: Padelbaan 1 / PURE Tennis & Padel,Padelbaan 4"
2026-05-10T11:45:52.769537,Terwegen,12:00,8,6,75.0,"booked: Padelbaan 1 (Panorama court),Padelbaan 2,Padelbaan 3,Padelbaan 6,Padelbaan 7,Padelbaan 8; available: Padelbaan 4,Padelbaan 5"
2026-05-10T11:45:52.769537,Vinkenveld,12:00,4,1,25.0,"booked: Padelbaan 3; available: Padelbaan 1 / PURE Tennis & Padel,Padelbaan 2,Padelbaan 4"
2026-05-10T12:15:54.391265,Terwegen,12:30,8,6,75.0,"booked: Padelbaan 1 (Panorama court),Padelbaan 2,Padelbaan 3,Padelbaan 4,Padelbaan 5,Padelbaan 6; available: Padelbaan 7,Padelbaan 8"
2026-05-10T12:15:54.391265,Vinkenveld,12:30,4,1,25.0,"booked: Padelbaan 3; available: Padelbaan 1 / PURE Tennis & Padel,Padelbaan 2,Padelbaan 4"
2026-05-10T12:45:57.434802,Terwegen,13:00,8,8,100.0,"booked: Padelbaan 1 (Panorama court),Padelbaan 2,Padelbaan 3,Padelbaan 4,Padelbaan 5,Padelbaan 6,Padelbaan 7,Padelbaan 8"
2026-05-10T12:45:57.434802,Vinkenveld,13:00,4,1,25.0,"booked: Padelbaan 3; available: Padelbaan 1 / PURE Tennis & Padel,Padelbaan 2,Padelbaan 4"
2026-05-10T13:15:46.081597,Terwegen,13:30,8,7,87.5,"booked: Padelbaan 1 (Panorama court),Padelbaan 2,Padelbaan 3,Padelbaan 4,Padelbaan 5,Padelbaan 6,Padelbaan 8; available: Padelbaan 7"
2026-05-10T13:15:46.081597,Vinkenveld,13:30,4,1,25.0,"booked: Padelbaan 3; available: Padelbaan 1 / PURE Tennis & Padel,Padelbaan 2,Padelbaan 4"
2026-05-10T13:45:48.429214,Terwegen,14:00,8,6,75.0,"booked: Padelbaan 1 (Panorama court),Padelbaan 2,Padelbaan 3,Padelbaan 4,Padelbaan 5,Padelbaan 6; available: Padelbaan 7,Padelbaan 8"
2026-05-10T13:45:48.429214,Vinkenveld,14:00,4,0,0.0,"available: Padelbaan 1 / PURE Tennis & Padel,Padelbaan 2,Padelbaan 3,Padelbaan 4"
2026-05-10T14:15:56.099817,Terwegen,14:30,8,7,87.5,"booked: Padelbaan 1 (Panorama court),Padelbaan 2,Padelbaan 3,Padelbaan 4,Padelbaan 5,Padelbaan 6,Padelbaan 8; available: Padelbaan 7"
2026-05-10T14:15:56.099817,Vinkenveld,14:30,4,1,25.0,"booked: Padelbaan 4; available: Padelbaan 1 / PURE Tennis & Padel,Padelbaan 2,Padelbaan 3"
2026-05-10T14:45:50.510211,Terwegen,15:00,8,7,87.5,"booked: Padelbaan 1 (Panorama court),Padelbaan 2,Padelbaan 3,Padelbaan 4,Padelbaan 5,Padelbaan 6,Padelbaan 8; available: Padelbaan 7"
2026-05-10T14:45:50.510211,Vinkenveld,15:00,4,1,25.0,"booked: Padelbaan 4; available: Padelbaan 1 / PURE Tennis & Padel,Padelbaan 2,Padelbaan 3"
2026-05-10T15:15:53.108312,Terwegen,15:30,8,7,87.5,"booked: Padelbaan 1 (Panorama court),Padelbaan 2,Padelbaan 3,Padelbaan 4,Padelbaan 5,Padelbaan 6,Padelbaan 8; available: Padelbaan 7"
2026-05-10T15:15:53.108312,Vinkenveld,15:30,4,2,50.0,"booked: Padelbaan 3,Padelbaan 4; available: Padelbaan 1 / PURE Tennis & Padel,Padelbaan 2"
2026-05-10T15:45:51.056956,Terwegen,16:00,8,4,50.0,"booked: Padelbaan 1 (Panorama court),Padelbaan 3,Padelbaan 4,Padelbaan 6; available: Padelbaan 2,Padelbaan 5,Padelbaan 7,Padelbaan 8"
2026-05-10T15:45:51.056956,Vinkenveld,16:00,4,2,50.0,"booked: Padelbaan 3,Padelbaan 4; available: Padelbaan 1 / PURE Tennis & Padel,Padelbaan 2"
2026-05-10T16:15:53.946083,Terwegen,16:30,8,7,87.5,"booked: Padelbaan 1 (Panorama court),Padelbaan 2,Padelbaan 3,Padelbaan 4,Padelbaan 5,Padelbaan 6,Padelbaan 8; available: Padelbaan 7"
2026-05-10T16:15:53.946083,Vinkenveld,16:30,4,1,25.0,"booked: Padelbaan 3; available: Padelbaan 1 / PURE Tennis & Padel,Padelbaan 2,Padelbaan 4"
2026-05-10T16:45:48.657346,Terwegen,17:00,8,2,25.0,"booked: Padelbaan 4,Padelbaan 8; available: Padelbaan 1 (Panorama court),Padelbaan 2,Padelbaan 3,Padelbaan 5,Padelbaan 6,Padelbaan 7"
2026-05-10T16:45:48.657346,Vinkenveld,17:00,4,0,0.0,"available: Padelbaan 1 / PURE Tennis & Padel,Padelbaan 2,Padelbaan 3,Padelbaan 4"
2026-05-10T17:15:44.483337,Terwegen,17:30,8,8,100.0,"booked: Padelbaan 1 (Panorama court),Padelbaan 2,Padelbaan 3,Padelbaan 4,Padelbaan 5,Padelbaan 6,Padelbaan 7,Padelbaan 8"
2026-05-10T17:15:44.483337,Vinkenveld,17:30,4,0,0.0,"available: Padelbaan 1 / PURE Tennis & Padel,Padelbaan 2,Padelbaan 3,Padelbaan 4"
2026-05-10T17:45:47.880788,Terwegen,18:00,8,1,12.5,"booked: Padelbaan 4; available: Padelbaan 1 (Panorama court),Padelbaan 2,Padelbaan 3,Padelbaan 5,Padelbaan 6,Padelbaan 7,Padelbaan 8"
2026-05-10T17:45:47.880788,Vinkenveld,18:00,4,0,0.0,"available: Padelbaan 1 / PURE Tennis & Padel,Padelbaan 2,Padelbaan 3,Padelbaan 4"
2026-05-10T18:15:47.660379,Vinkenveld,18:30,4,0,0.0,"available: Padelbaan 1 / PURE Tennis & Padel,Padelbaan 2,Padelbaan 3,Padelbaan 4"
2026-05-10T18:45:50.288182,Vinkenveld,19:00,4,0,0.0,"available: Padelbaan 1 / PURE Tennis & Padel,Padelbaan 2,Padelbaan 3,Padelbaan 4"
2026-05-10T19:15:49.421595,Vinkenveld,19:30,4,1,25.0,"booked: Padelbaan 3; available: Padelbaan 1 / PURE Tennis & Padel,Padelbaan 2,Padelbaan 4"
2026-05-10T19:45:53.833355,Vinkenveld,20:00,4,1,25.0,"booked: Padelbaan 3; available: Padelbaan 1 / PURE Tennis & Padel,Padelbaan 2,Padelbaan 4"
2026-05-10T20:15:51.794532,Vinkenveld,20:30,4,1,25.0,"booked: Padelbaan 3; available: Padelbaan 1 / PURE Tennis & Padel,Padelbaan 2,Padelbaan 4"
2026-05-10T20:45:51.856849,Vinkenveld,21:00,4,1,25.0,"booked: Padelbaan 3; available: Padelbaan 1 / PURE Tennis & Padel,Padelbaan 2,Padelbaan 4"
2026-05-10T21:15:54.908450,Vinkenveld,21:30,4,4,100.0,"booked: Padelbaan 1 / PURE Tennis & Padel,Padelbaan 2,Padelbaan 3,Padelbaan 4"
2026-05-10T21:46:29.017200,Vinkenveld,22:00,4,4,100.0,"booked: Padelbaan 1 / PURE Tennis & Padel,Padelbaan 2,Padelbaan 3,Padelbaan 4"
2026-05-10T23:45:43.635408,Terwegen,00:00,8,8,100.0,"booked: Padelbaan 1 (Panorama court),Padelbaan 2,Padelbaan 3,Padelbaan 4,Padelbaan 5,Padelbaan 6,Padelbaan 7,Padelbaan 8"
2026-05-10T23:45:43.635408,Vinkenveld,00:00,4,4,100.0,"booked: Padelbaan 1 / PURE Tennis & Padel,Padelbaan 2,Padelbaan 3,Padelbaan 4"
2026-05-11T00:15:52.197403,Terwegen,00:30,8,8,100.0,"booked: Padelbaan 1 (Panorama court),Padelbaan 2,Padelbaan 3,Padelbaan 4,Padelbaan 5,Padelbaan 6,Padelbaan 7,Padelbaan 8"
2026-05-11T00:15:52.197403,Vinkenveld,00:30,4,4,100.0,"booked: Padelbaan 1 / PURE Tennis & Padel,Padelbaan 2,Padelbaan 3,Padelbaan 4"
2026-05-11T00:45:44.184945,Terwegen,01:00,8,8,100.0,"booked: Padelbaan 1 (Panorama court),Padelbaan 2,Padelbaan 3,Padelbaan 4,Padelbaan 5,Padelbaan 6,Padelbaan 7,Padelbaan 8"
2026-05-11T00:45:44.184945,Vinkenveld,01:00,4,4,100.0,"booked: Padelbaan 1 / PURE Tennis & Padel,Padelbaan 2,Padelbaan 3,Padelbaan 4"
2026-05-11T01:15:50.866817,Terwegen,01:30,8,8,100.0,"booked: Padelbaan 1 (Panorama court),Padelbaan 2,Padelbaan 3,Padelbaan 4,Padelbaan 5,Padelbaan 6,Padelbaan 7,Padelbaan 8"
2026-05-11T01:15:50.866817,Vinkenveld,01:30,4,4,100.0,"booked: Padelbaan 1 / PURE Tennis & Padel,Padelbaan 2,Padelbaan 3,Padelbaan 4"
2026-05-11T01:45:48.855074,Terwegen,02:00,8,8,100.0,"booked: Padelbaan 1 (Panorama court),Padelbaan 2,Padelbaan 3,Padelbaan 4,Padelbaan 5,Padelbaan 6,Padelbaan 7,Padelbaan 8"
2026-05-11T01:45:48.855074,Vinkenveld,02:00,4,4,100.0,"booked: Padelbaan 1 / PURE Tennis & Padel,Padelbaan 2,Padelbaan 3,Padelbaan 4"
2026-05-11T02:15:48.509776,Terwegen,02:30,8,8,100.0,"booked: Padelbaan 1 (Panorama court),Padelbaan 2,Padelbaan 3,Padelbaan 4,Padelbaan 5,Padelbaan 6,Padelbaan 7,Padelbaan 8"
2026-05-11T02:15:48.509776,Vinkenveld,02:30,4,4,100.0,"booked: Padelbaan 1 / PURE Tennis & Padel,Padelbaan 2,Padelbaan 3,Padelbaan 4"
2026-05-11T02:45:46.173246,Terwegen,03:00,8,8,100.0,"booked: Padelbaan 1 (Panorama court),Padelbaan 2,Padelbaan 3,Padelbaan 4,Padelbaan 5,Padelbaan 6,Padelbaan 7,Padelbaan 8"
2026-05-11T02:45:46.173246,Vinkenveld,03:00,4,4,100.0,"booked: Padelbaan 1 / PURE Tennis & Padel,Padelbaan 2,Padelbaan 3,Padelbaan 4"
2026-05-11T03:15:56.737160,Terwegen,03:30,8,8,100.0,"booked: Padelbaan 1 (Panorama court),Padelbaan 2,Padelbaan 3,Padelbaan 4,Padelbaan 5,Padelbaan 6,Padelbaan 7,Padelbaan 8"
2026-05-11T03:15:56.737160,Vinkenveld,03:30,4,4,100.0,"booked: Padelbaan 1 / PURE Tennis & Padel,Padelbaan 2,Padelbaan 3,Padelbaan 4"
2026-05-11T03:45:48.614555,Terwegen,04:00,8,8,100.0,"booked: Padelbaan 1 (Panorama court),Padelbaan 2,Padelbaan 3,Padelbaan 4,Padelbaan 5,Padelbaan 6,Padelbaan 7,Padelbaan 8"
2026-05-11T03:45:48.614555,Vinkenveld,04:00,4,4,100.0,"booked: Padelbaan 1 / PURE Tennis & Padel,Padelbaan 2,Padelbaan 3,Padelbaan 4"
2026-05-11T04:15:53.631843,Terwegen,04:30,8,8,100.0,"booked: Padelbaan 1 (Panorama court),Padelbaan 2,Padelbaan 3,Padelbaan 4,Padelbaan 5,Padelbaan 6,Padelbaan 7,Padelbaan 8"
2026-05-11T04:15:53.631843,Vinkenveld,04:30,4,4,100.0,"booked: Padelbaan 1 / PURE Tennis & Padel,Padelbaan 2,Padelbaan 3,Padelbaan 4"
2026-05-11T04:45:58.165657,Terwegen,05:00,8,8,100.0,"booked: Padelbaan 1 (Panorama court),Padelbaan 2,Padelbaan 3,Padelbaan 4,Padelbaan 5,Padelbaan 6,Padelbaan 7,Padelbaan 8"
2026-05-11T04:45:58.165657,Vinkenveld,05:00,4,4,100.0,"booked: Padelbaan 1 / PURE Tennis & Padel,Padelbaan 2,Padelbaan 3,Padelbaan 4"
2026-05-11T05:15:57.832131,Terwegen,05:30,8,8,100.0,"booked: Padelbaan 1 (Panorama court),Padelbaan 2,Padelbaan 3,Padelbaan 4,Padelbaan 5,Padelbaan 6,Padelbaan 7,Padelbaan 8"
2026-05-11T05:15:57.832131,Vinkenveld,05:30,4,4,100.0,"booked: Padelbaan 1 / PURE Tennis & Padel,Padelbaan 2,Padelbaan 3,Padelbaan 4"
2026-05-11T05:45:48.519186,Terwegen,06:00,8,8,100.0,"booked: Padelbaan 1 (Panorama court),Padelbaan 2,Padelbaan 3,Padelbaan 4,Padelbaan 5,Padelbaan 6,Padelbaan 7,Padelbaan 8"
2026-05-11T05:45:48.519186,Vinkenveld,06:00,4,4,100.0,"booked: Padelbaan 1 / PURE Tennis & Padel,Padelbaan 2,Padelbaan 3,Padelbaan 4"
2026-05-11T06:15:51.125926,Terwegen,06:30,8,8,100.0,"booked: Padelbaan 1 (Panorama court),Padelbaan 2,Padelbaan 3,Padelbaan 4,Padelbaan 5,Padelbaan 6,Padelbaan 7,Padelbaan 8"
2026-05-11T06:15:51.125926,Vinkenveld,06:30,4,4,100.0,"booked: Padelbaan 1 / PURE Tennis & Padel,Padelbaan 2,Padelbaan 3,Padelbaan 4"
2026-05-11T06:45:56.669971,Terwegen,07:00,8,8,100.0,"booked: Padelbaan 1 (Panorama court),Padelbaan 2,Padelbaan 3,Padelbaan 4,Padelbaan 5,Padelbaan 6,Padelbaan 7,Padelbaan 8"
2026-05-11T06:45:56.669971,Vinkenveld,07:00,4,4,100.0,"booked: Padelbaan 1 / PURE Tennis & Padel,Padelbaan 2,Padelbaan 3,Padelbaan 4"
2026-05-11T07:15:51.884488,Terwegen,07:30,8,8,100.0,"booked: Padelbaan 1 (Panorama court),Padelbaan 2,Padelbaan 3,Padelbaan 4,Padelbaan 5,Padelbaan 6,Padelbaan 7,Padelbaan 8"
2026-05-11T07:15:51.884488,Vinkenveld,07:30,4,4,100.0,"booked: Padelbaan 1 / PURE Tennis & Padel,Padelbaan 2,Padelbaan 3,Padelbaan 4"
2026-05-11T07:45:53.447725,Terwegen,08:00,8,0,0.0,"available: Padelbaan 1 (Panorama court),Padelbaan 2,Padelbaan 3,Padelbaan 4,Padelbaan 5,Padelbaan 6,Padelbaan 7,Padelbaan 8"
2026-05-11T07:45:53.447725,Vinkenveld,08:00,4,1,25.0,"booked: Padelbaan 3; available: Padelbaan 1 / PURE Tennis & Padel,Padelbaan 2,Padelbaan 4"
2026-05-11T08:15:51.620905,Terwegen,08:30,8,2,25.0,"booked: Padelbaan 3,Padelbaan 6; available: Padelbaan 1 (Panorama court),Padelbaan 2,Padelbaan 4,Padelbaan 5,Padelbaan 7,Padelbaan 8"
2026-05-11T08:15:51.620905,Vinkenveld,08:30,4,2,50.0,"booked: Padelbaan 3,Padelbaan 4; available: Padelbaan 1 / PURE Tennis & Padel,Padelbaan 2"
2026-05-11T08:45:52.013308,Terwegen,09:00,8,3,37.5,"booked: Padelbaan 2,Padelbaan 3,Padelbaan 6; available: Padelbaan 1 (Panorama court),Padelbaan 4,Padelbaan 5,Padelbaan 7,Padelbaan 8"
2026-05-11T08:45:52.013308,Vinkenveld,09:00,4,2,50.0,"booked: Padelbaan 3,Padelbaan 4; available: Padelbaan 1 / PURE Tennis & Padel,Padelbaan 2"
2026-05-11T09:17:07.233490,Terwegen,09:30,8,2,25.0,"booked: Padelbaan 3,Padelbaan 6; available: Padelbaan 1 (Panorama court),Padelbaan 2,Padelbaan 4,Padelbaan 5,Padelbaan 7,Padelbaan 8"
2026-05-11T09:17:07.233490,Vinkenveld,09:30,4,2,50.0,"booked: Padelbaan 3,Padelbaan 4; available: Padelbaan 1 / PURE Tennis & Padel,Padelbaan 2"
2026-05-11T09:45:57.399123,Terwegen,10:00,8,1,12.5,"booked: Padelbaan 2; available: Padelbaan 1 (Panorama court),Padelbaan 3,Padelbaan 4,Padelbaan 5,Padelbaan 6,Padelbaan 7,Padelbaan 8"
2026-05-11T09:45:57.399123,Vinkenveld,10:00,4,0,0.0,"available: Padelbaan 1 / PURE Tennis & Padel,Padelbaan 2,Padelbaan 3,Padelbaan 4"
2026-05-11T10:15:53.744659,Terwegen,10:30,8,3,37.5,"booked: Padelbaan 2,Padelbaan 3,Padelbaan 6; available: Padelbaan 1 (Panorama court),Padelbaan 4,Padelbaan 5,Padelbaan 7,Padelbaan 8"
2026-05-11T10:15:53.744659,Vinkenveld,10:30,4,0,0.0,"available: Padelbaan 1 / PURE Tennis & Padel,Padelbaan 2,Padelbaan 3,Padelbaan 4"
2026-05-11T10:45:58.465335,Terwegen,11:00,8,1,12.5,"booked: Padelbaan 2; available: Padelbaan 1 (Panorama court),Padelbaan 3,Padelbaan 4,Padelbaan 5,Padelbaan 6,Padelbaan 7,Padelbaan 8"
2026-05-11T10:45:58.465335,Vinkenveld,11:00,4,1,25.0,"booked: Padelbaan 3; available: Padelbaan 1 / PURE Tennis & Padel,Padelbaan 2,Padelbaan 4"
2026-05-11T11:15:58.681595,Terwegen,11:30,8,1,12.5,"booked: Padelbaan 3; available: Padelbaan 1 (Panorama court),Padelbaan 2,Padelbaan 4,Padelbaan 5,Padelbaan 6,Padelbaan 7,Padelbaan 8"
2026-05-11T11:45:52.695227,Terwegen,12:00,8,2,25.0,"booked: Padelbaan 2,Padelbaan 3; available: Padelbaan 1 (Panorama court),Padelbaan 4,Padelbaan 5,Padelbaan 6,Padelbaan 7,Padelbaan 8"
2026-05-11T11:45:52.695227,Vinkenveld,12:00,4,1,25.0,"booked: Padelbaan 3; available: Padelbaan 1 / PURE Tennis & Padel,Padelbaan 2,Padelbaan 4"
2026-05-11T12:15:54.959641,Terwegen,12:30,8,2,25.0,"booked: Padelbaan 2,Padelbaan 3; available: Padelbaan 1 (Panorama court),Padelbaan 4,Padelbaan 5,Padelbaan 6,Padelbaan 7,Padelbaan 8"
2026-05-11T12:15:54.959641,Vinkenveld,12:30,4,0,0.0,"available: Padelbaan 1 / PURE Tennis & Padel,Padelbaan 2,Padelbaan 3,Padelbaan 4"
2026-05-11T12:45:47.355673,Terwegen,13:00,8,2,25.0,"booked: Padelbaan 2,Padelbaan 3; available: Padelbaan 1 (Panorama court),Padelbaan 4,Padelbaan 5,Padelbaan 6,Padelbaan 7,Padelbaan 8"
2026-05-11T12:45:47.355673,Vinkenveld,13:00,4,0,0.0,"available: Padelbaan 1 / PURE Tennis & Padel,Padelbaan 2,Padelbaan 3,Padelbaan 4"
2026-05-11T13:15:48.371650,Terwegen,13:30,8,2,25.0,"booked: Padelbaan 1 (Panorama court),Padelbaan 2; available: Padelbaan 3,Padelbaan 4,Padelbaan 5,Padelbaan 6,Padelbaan 7,Padelbaan 8"
2026-05-11T13:15:48.371650,Vinkenveld,13:30,4,0,0.0,"available: Padelbaan 1 / PURE Tennis & Padel,Padelbaan 2,Padelbaan 3,Padelbaan 4"
2026-05-11T13:45:59.911257,Terwegen,14:00,8,1,12.5,"booked: Padelbaan 3; available: Padelbaan 1 (Panorama court),Padelbaan 2,Padelbaan 4,Padelbaan 5,Padelbaan 6,Padelbaan 7,Padelbaan 8"
2026-05-11T13:45:59.911257,Vinkenveld,14:00,4,0,0.0,"available: Padelbaan 1 / PURE Tennis & Padel,Padelbaan 2,Padelbaan 3,Padelbaan 4"
2026-05-11T14:15:51.969024,Terwegen,14:30,8,3,37.5,"booked: Padelbaan 1 (Panorama court),Padelbaan 2,Padelbaan 3; available: Padelbaan 4,Padelbaan 5,Padelbaan 6,Padelbaan 7,Padelbaan 8"
2026-05-11T14:15:51.969024,Vinkenveld,14:30,4,1,25.0,"booked: Padelbaan 4; available: Padelbaan 1 / PURE Tennis & Padel,Padelbaan 2,Padelbaan 3"
2026-05-11T14:45:54.060761,Terwegen,15:00,8,3,37.5,"booked: Padelbaan 1 (Panorama court),Padelbaan 3,Padelbaan 4; available: Padelbaan 2,Padelbaan 5,Padelbaan 6,Padelbaan 7,Padelbaan 8"
2026-05-11T14:45:54.060761,Vinkenveld,15:00,4,1,25.0,"booked: Padelbaan 4; available: Padelbaan 1 / PURE Tennis & Padel,Padelbaan 2,Padelbaan 3"
2026-05-11T15:15:52.475137,Terwegen,15:30,8,3,37.5,"booked: Padelbaan 1 (Panorama court),Padelbaan 2,Padelbaan 3; available: Padelbaan 4,Padelbaan 5,Padelbaan 6,Padelbaan 7,Padelbaan 8"
2026-05-11T15:15:52.475137,Vinkenveld,15:30,4,1,25.0,"booked: Padelbaan 4; available: Padelbaan 1 / PURE Tennis & Padel,Padelbaan 2,Padelbaan 3"
2026-05-11T15:46:05.827045,Terwegen,16:00,8,5,62.5,"booked: Padelbaan 1 (Panorama court),Padelbaan 2,Padelbaan 3,Padelbaan 4,Padelbaan 5; available: Padelbaan 6,Padelbaan 7,Padelbaan 8"
2026-05-11T15:46:05.827045,Vinkenveld,16:00,4,0,0.0,"available: Padelbaan 1 / PURE Tennis & Padel,Padelbaan 2,Padelbaan 3,Padelbaan 4"
2026-05-11T16:15:58.778774,Terwegen,16:30,8,3,37.5,"booked: Padelbaan 2,Padelbaan 3,Padelbaan 4; available: Padelbaan 1 (Panorama court),Padelbaan 5,Padelbaan 6,Padelbaan 7,Padelbaan 8"
2026-05-11T16:15:58.778774,Vinkenveld,16:30,4,1,25.0,"booked: Padelbaan 4; available: Padelbaan 1 / PURE Tennis & Padel,Padelbaan 2,Padelbaan 3"
2026-05-11T16:46:01.815828,Terwegen,17:00,8,8,100.0,"booked: Padelbaan 1 (Panorama court),Padelbaan 2,Padelbaan 3,Padelbaan 4,Padelbaan 5,Padelbaan 6,Padelbaan 7,Padelbaan 8"
2026-05-11T16:46:01.815828,Vinkenveld,17:00,4,3,75.0,"booked: Padelbaan 1 / PURE Tennis & Padel,Padelbaan 2,Padelbaan 4; available: Padelbaan 3"
2026-05-11T17:15:52.173478,Terwegen,17:30,8,2,25.0,"booked: Padelbaan 3,Padelbaan 5; available: Padelbaan 1 (Panorama court),Padelbaan 2,Padelbaan 4,Padelbaan 6,Padelbaan 7,Padelbaan 8"
2026-05-11T17:15:52.173478,Vinkenveld,17:30,4,3,75.0,"booked: Padelbaan 1 / PURE Tennis & Padel,Padelbaan 2,Padelbaan 4; available: Padelbaan 3"
2026-05-11T17:45:55.471736,Terwegen,18:00,8,8,100.0,"booked: Padelbaan 1 (Panorama court),Padelbaan 2,Padelbaan 3,Padelbaan 4,Padelbaan 5,Padelbaan 6,Padelbaan 7,Padelbaan 8"
2026-05-11T17:45:55.471736,Vinkenveld,18:00,4,4,100.0,"booked: Padelbaan 1 / PURE Tennis & Padel,Padelbaan 2,Padelbaan 3,Padelbaan 4"
2026-05-11T18:15:48.583759,Terwegen,18:30,8,8,100.0,"booked: Padelbaan 1 (Panorama court),Padelbaan 2,Padelbaan 3,Padelbaan 4,Padelbaan 5,Padelbaan 6,Padelbaan 7,Padelbaan 8"
2026-05-11T18:15:48.583759,Vinkenveld,18:30,4,4,100.0,"booked: Padelbaan 1 / PURE Tennis & Padel,Padelbaan 2,Padelbaan 3,Padelbaan 4"
2026-05-11T18:45:51.587514,Terwegen,19:00,8,8,100.0,"booked: Padelbaan 1 (Panorama court),Padelbaan 2,Padelbaan 3,Padelbaan 4,Padelbaan 5,Padelbaan 6,Padelbaan 7,Padelbaan 8"
2026-05-11T18:45:51.587514,Vinkenveld,19:00,4,4,100.0,"booked: Padelbaan 1 / PURE Tennis & Padel,Padelbaan 2,Padelbaan 3,Padelbaan 4"
2026-05-11T19:15:51.118837,Terwegen,19:30,8,8,100.0,"booked: Padelbaan 1 (Panorama court),Padelbaan 2,Padelbaan 3,Padelbaan 4,Padelbaan 5,Padelbaan 6,Padelbaan 7,Padelbaan 8"
2026-05-11T19:15:51.118837,Vinkenveld,19:30,4,4,100.0,"booked: Padelbaan 1 / PURE Tennis & Padel,Padelbaan 2,Padelbaan 3,Padelbaan 4"
2026-05-11T19:46:00.361130,Terwegen,20:00,8,8,100.0,"booked: Padelbaan 1 (Panorama court),Padelbaan 2,Padelbaan 3,Padelbaan 4,Padelbaan 5,Padelbaan 6,Padelbaan 7,Padelbaan 8"
2026-05-11T19:46:00.361130,Vinkenveld,20:00,4,4,100.0,"booked: Padelbaan 1 / PURE Tennis & Padel,Padelbaan 2,Padelbaan 3,Padelbaan 4"
2026-05-11T20:15:58.000658,Terwegen,20:30,8,8,100.0,"booked: Padelbaan 1 (Panorama court),Padelbaan 2,Padelbaan 3,Padelbaan 4,Padelbaan 5,Padelbaan 6,Padelbaan 7,Padelbaan 8"
2026-05-11T20:15:58.000658,Vinkenveld,20:30,4,4,100.0,"booked: Padelbaan 1 / PURE Tennis & Padel,Padelbaan 2,Padelbaan 3,Padelbaan 4"
2026-05-11T20:45:46.592058,Terwegen,21:00,8,8,100.0,"booked: Padelbaan 1 (Panorama court),Padelbaan 2,Padelbaan 3,Padelbaan 4,Padelbaan 5,Padelbaan 6,Padelbaan 7,Padelbaan 8"
2026-05-11T20:45:46.592058,Vinkenveld,21:00,4,4,100.0,"booked: Padelbaan 1 / PURE Tennis & Padel,Padelbaan 2,Padelbaan 3,Padelbaan 4"
2026-05-11T21:16:19.437597,Terwegen,21:30,8,8,100.0,"booked: Padelbaan 1 (Panorama court),Padelbaan 2,Padelbaan 3,Padelbaan 4,Padelbaan 5,Padelbaan 6,Padelbaan 7,Padelbaan 8"
2026-05-11T21:16:19.437597,Vinkenveld,21:30,4,4,100.0,"booked: Padelbaan 1 / PURE Tennis & Padel,Padelbaan 2,Padelbaan 3,Padelbaan 4"
2026-05-11T21:46:05.981912,Terwegen,22:00,8,8,100.0,"booked: Padelbaan 1 (Panorama court),Padelbaan 2,Padelbaan 3,Padelbaan 4,Padelbaan 5,Padelbaan 6,Padelbaan 7,Padelbaan 8"
2026-05-11T21:46:05.981912,Vinkenveld,22:00,4,2,50.0,"booked: Padelbaan 2,Padelbaan 3; available: Padelbaan 1 / PURE Tennis & Padel,Padelbaan 4"
2026-05-11T23:45:50.787712,Terwegen,00:00,8,8,100.0,"booked: Padelbaan 1 (Panorama court),Padelbaan 2,Padelbaan 3,Padelbaan 4,Padelbaan 5,Padelbaan 6,Padelbaan 7,Padelbaan 8"
2026-05-11T23:45:50.787712,Vinkenveld,00:00,4,4,100.0,"booked: Padelbaan 1 / PURE Tennis & Padel,Padelbaan 2,Padelbaan 3,Padelbaan 4"
2026-05-12T00:15:51.646069,Terwegen,00:30,8,8,100.0,"booked: Padelbaan 1 (Panorama court),Padelbaan 2,Padelbaan 3,Padelbaan 4,Padelbaan 5,Padelbaan 6,Padelbaan 7,Padelbaan 8"
2026-05-12T00:15:51.646069,Vinkenveld,00:30,4,4,100.0,"booked: Padelbaan 1 / PURE Tennis & Padel,Padelbaan 2,Padelbaan 3,Padelbaan 4"
2026-05-12T00:45:52.539848,Terwegen,01:00,8,8,100.0,"booked: Padelbaan 1 (Panorama court),Padelbaan 2,Padelbaan 3,Padelbaan 4,Padelbaan 5,Padelbaan 6,Padelbaan 7,Padelbaan 8"
2026-05-12T00:45:52.539848,Vinkenveld,01:00,4,4,100.0,"booked: Padelbaan 1 / PURE Tennis & Padel,Padelbaan 2,Padelbaan 3,Padelbaan 4"
2026-05-12T01:15:57.946971,Terwegen,01:30,8,8,100.0,"booked: Padelbaan 1 (Panorama court),Padelbaan 2,Padelbaan 3,Padelbaan 4,Padelbaan 5,Padelbaan 6,Padelbaan 7,Padelbaan 8"
2026-05-12T01:15:57.946971,Vinkenveld,01:30,4,4,100.0,"booked: Padelbaan 1 / PURE Tennis & Padel,Padelbaan 2,Padelbaan 3,Padelbaan 4"
2026-05-12T01:45:46.448954,Terwegen,02:00,8,8,100.0,"booked: Padelbaan 1 (Panorama court),Padelbaan 2,Padelbaan 3,Padelbaan 4,Padelbaan 5,Padelbaan 6,Padelbaan 7,Padelbaan 8"
2026-05-12T01:45:46.448954,Vinkenveld,02:00,4,4,100.0,"booked: Padelbaan 1 / PURE Tennis & Padel,Padelbaan 2,Padelbaan 3,Padelbaan 4"
2026-05-12T02:15:48.577440,Terwegen,02:30,8,8,100.0,"booked: Padelbaan 1 (Panorama court),Padelbaan 2,Padelbaan 3,Padelbaan 4,Padelbaan 5,Padelbaan 6,Padelbaan 7,Padelbaan 8"
2026-05-12T02:15:48.577440,Vinkenveld,02:30,4,4,100.0,"booked: Padelbaan 1 / PURE Tennis & Padel,Padelbaan 2,Padelbaan 3,Padelbaan 4"
2026-05-12T02:45:51.066342,Terwegen,03:00,8,8,100.0,"booked: Padelbaan 1 (Panorama court),Padelbaan 2,Padelbaan 3,Padelbaan 4,Padelbaan 5,Padelbaan 6,Padelbaan 7,Padelbaan 8"
2026-05-12T02:45:51.066342,Vinkenveld,03:00,4,4,100.0,"booked: Padelbaan 1 / PURE Tennis & Padel,Padelbaan 2,Padelbaan 3,Padelbaan 4"
2026-05-12T03:15:46.310687,Terwegen,03:30,8,8,100.0,"booked: Padelbaan 1 (Panorama court),Padelbaan 2,Padelbaan 3,Padelbaan 4,Padelbaan 5,Padelbaan 6,Padelbaan 7,Padelbaan 8"
2026-05-12T03:15:46.310687,Vinkenveld,03:30,4,4,100.0,"booked: Padelbaan 1 / PURE Tennis & Padel,Padelbaan 2,Padelbaan 3,Padelbaan 4"
2026-05-12T03:45:52.241003,Terwegen,04:00,8,8,100.0,"booked: Padelbaan 1 (Panorama court),Padelbaan 2,Padelbaan 3,Padelbaan 4,Padelbaan 5,Padelbaan 6,Padelbaan 7,Padelbaan 8"
2026-05-12T03:45:52.241003,Vinkenveld,04:00,4,4,100.0,"booked: Padelbaan 1 / PURE Tennis & Padel,Padelbaan 2,Padelbaan 3,Padelbaan 4"
2026-05-12T04:15:51.525633,Terwegen,04:30,8,8,100.0,"booked: Padelbaan 1 (Panorama court),Padelbaan 2,Padelbaan 3,Padelbaan 4,Padelbaan 5,Padelbaan 6,Padelbaan 7,Padelbaan 8"
2026-05-12T04:15:51.525633,Vinkenveld,04:30,4,4,100.0,"booked: Padelbaan 1 / PURE Tennis & Padel,Padelbaan 2,Padelbaan 3,Padelbaan 4"
2026-05-12T04:45:57.180128,Terwegen,05:00,8,8,100.0,"booked: Padelbaan 1 (Panorama court),Padelbaan 2,Padelbaan 3,Padelbaan 4,Padelbaan 5,Padelbaan 6,Padelbaan 7,Padelbaan 8"
2026-05-12T04:45:57.180128,Vinkenveld,05:00,4,4,100.0,"booked: Padelbaan 1 / PURE Tennis & Padel,Padelbaan 2,Padelbaan 3,Padelbaan 4"
2026-05-12T05:15:47.917126,Terwegen,05:30,8,8,100.0,"booked: Padelbaan 1 (Panorama court),Padelbaan 2,Padelbaan 3,Padelbaan 4,Padelbaan 5,Padelbaan 6,Padelbaan 7,Padelbaan 8"
2026-05-12T05:15:47.917126,Vinkenveld,05:30,4,4,100.0,"booked: Padelbaan 1 / PURE Tennis & Padel,Padelbaan 2,Padelbaan 3,Padelbaan 4"
2026-05-12T05:45:51.901645,Terwegen,06:00,8,8,100.0,"booked: Padelbaan 1 (Panorama court),Padelbaan 2,Padelbaan 3,Padelbaan 4,Padelbaan 5,Padelbaan 6,Padelbaan 7,Padelbaan 8"
2026-05-12T05:45:51.901645,Vinkenveld,06:00,4,4,100.0,"booked: Padelbaan 1 / PURE Tennis & Padel,Padelbaan 2,Padelbaan 3,Padelbaan 4"
2026-05-12T06:15:53.397008,Terwegen,06:30,8,8,100.0,"booked: Padelbaan 1 (Panorama court),Padelbaan 2,Padelbaan 3,Padelbaan 4,Padelbaan 5,Padelbaan 6,Padelbaan 7,Padelbaan 8"
2026-05-12T06:15:53.397008,Vinkenveld,06:30,4,4,100.0,"booked: Padelbaan 1 / PURE Tennis & Padel,Padelbaan 2,Padelbaan 3,Padelbaan 4"
2026-05-12T06:45:50.863712,Terwegen,07:00,8,8,100.0,"booked: Padelbaan 1 (Panorama court),Padelbaan 2,Padelbaan 3,Padelbaan 4,Padelbaan 5,Padelbaan 6,Padelbaan 7,Padelbaan 8"
2026-05-12T06:45:50.863712,Vinkenveld,07:00,4,4,100.0,"booked: Padelbaan 1 / PURE Tennis & Padel,Padelbaan 2,Padelbaan 3,Padelbaan 4"
2026-05-12T07:15:52.112546,Terwegen,07:30,8,8,100.0,"booked: Padelbaan 1 (Panorama court),Padelbaan 2,Padelbaan 3,Padelbaan 4,Padelbaan 5,Padelbaan 6,Padelbaan 7,Padelbaan 8"
2026-05-12T07:15:52.112546,Vinkenveld,07:30,4,4,100.0,"booked: Padelbaan 1 / PURE Tennis & Padel,Padelbaan 2,Padelbaan 3,Padelbaan 4"
2026-05-12T07:45:45.562319,Terwegen,08:00,8,2,25.0,"booked: Padelbaan 3,Padelbaan 4; available: Padelbaan 1 (Panorama court),Padelbaan 2,Padelbaan 5,Padelbaan 6,Padelbaan 7,Padelbaan 8"
2026-05-12T07:45:45.562319,Vinkenveld,08:00,4,0,0.0,"available: Padelbaan 1 / PURE Tennis & Padel,Padelbaan 2,Padelbaan 3,Padelbaan 4"
2026-05-12T08:16:01.099074,Terwegen,08:30,8,3,37.5,"booked: Padelbaan 1 (Panorama court),Padelbaan 2,Padelbaan 3; available: Padelbaan 4,Padelbaan 5,Padelbaan 6,Padelbaan 7,Padelbaan 8"
2026-05-12T08:16:01.099074,Vinkenveld,08:30,4,0,0.0,"available: Padelbaan 1 / PURE Tennis & Padel,Padelbaan 2,Padelbaan 3,Padelbaan 4"
2026-05-12T08:45:45.752857,Terwegen,09:00,8,4,50.0,"booked: Padelbaan 1 (Panorama court),Padelbaan 2,Padelbaan 3,Padelbaan 4; available: Padelbaan 5,Padelbaan 6,Padelbaan 7,Padelbaan 8"
2026-05-12T08:45:45.752857,Vinkenveld,09:00,4,3,75.0,"booked: Padelbaan 1 / PURE Tennis & Padel,Padelbaan 3,Padelbaan 4; available: Padelbaan 2"
2026-05-12T09:15:53.287571,Terwegen,09:30,8,5,62.5,"booked: Padelbaan 1 (Panorama court),Padelbaan 2,Padelbaan 3,Padelbaan 4,Padelbaan 5; available: Padelbaan 6,Padelbaan 7,Padelbaan 8"
2026-05-12T09:15:53.287571,Vinkenveld,09:30,4,4,100.0,"booked: Padelbaan 1 / PURE Tennis & Padel,Padelbaan 2,Padelbaan 3,Padelbaan 4"
2026-05-12T09:46:33.643808,Terwegen,10:00,8,4,50.0,"booked: Padelbaan 1 (Panorama court),Padelbaan 2,Padelbaan 3,Padelbaan 4; available: Padelbaan 5,Padelbaan 6,Padelbaan 7,Padelbaan 8"
2026-05-12T09:46:33.643808,Vinkenveld,10:00,4,4,100.0,"booked: Padelbaan 1 / PURE Tennis & Padel,Padelbaan 2,Padelbaan 3,Padelbaan 4"
2026-05-12T10:16:04.973899,Terwegen,10:30,8,5,62.5,"booked: Padelbaan 1 (Panorama court),Padelbaan 3,Padelbaan 4,Padelbaan 5,Padelbaan 6; available: Padelbaan 2,Padelbaan 7,Padelbaan 8"
2026-05-12T10:16:04.973899,Vinkenveld,10:30,4,4,100.0,"booked: Padelbaan 1 / PURE Tennis & Padel,Padelbaan 2,Padelbaan 3,Padelbaan 4"
2026-05-12T10:47:57.965609,Terwegen,11:00,8,3,37.5,"booked: Padelbaan 2,Padelbaan 3,Padelbaan 5; available: Padelbaan 1 (Panorama court),Padelbaan 4,Padelbaan 6,Padelbaan 7,Padelbaan 8"
2026-05-12T10:47:57.965609,Vinkenveld,11:00,4,2,50.0,"booked: Padelbaan 2,Padelbaan 4; available: Padelbaan 1 / PURE Tennis & Padel,Padelbaan 3"
2026-05-12T11:17:29.340095,Terwegen,11:30,8,5,62.5,"booked: Padelbaan 1 (Panorama court),Padelbaan 3,Padelbaan 4,Padelbaan 5,Padelbaan 6; available: Padelbaan 2,Padelbaan 7,Padelbaan 8"
2026-05-12T11:17:29.340095,Vinkenveld,11:30,4,1,25.0,"booked: Padelbaan 4; available: Padelbaan 1 / PURE Tennis & Padel,Padelbaan 2,Padelbaan 3"
2026-05-12T11:50:00.315160,Terwegen,12:00,8,5,62.5,"booked: Padelbaan 1 (Panorama court),Padelbaan 3,Padelbaan 4,Padelbaan 5,Padelbaan 6; available: Padelbaan 2,Padelbaan 7,Padelbaan 8"
2026-05-12T11:50:00.315160,Vinkenveld,12:00,4,0,0.0,"available: Padelbaan 1 / PURE Tennis & Padel,Padelbaan 2,Padelbaan 3,Padelbaan 4"
2026-05-12T12:16:00.703275,Terwegen,12:30,8,4,50.0,"booked: Padelbaan 1 (Panorama court),Padelbaan 3,Padelbaan 4,Padelbaan 6; available: Padelbaan 2,Padelbaan 5,Padelbaan 7,Padelbaan 8"
2026-05-12T12:16:00.703275,Vinkenveld,12:30,4,0,0.0,"available: Padelbaan 1 / PURE Tennis & Padel,Padelbaan 2,Padelbaan 3,Padelbaan 4"
2026-05-12T12:45:49.963194,Terwegen,13:00,8,5,62.5,"booked: Padelbaan 1 (Panorama court),Padelbaan 3,Padelbaan 4,Padelbaan 5,Padelbaan 6; available: Padelbaan 2,Padelbaan 7,Padelbaan 8"
2026-05-12T12:45:49.963194,Vinkenveld,13:00,4,0,0.0,"available: Padelbaan 1 / PURE Tennis & Padel,Padelbaan 2,Padelbaan 3,Padelbaan 4"
2026-05-12T13:15:52.102665,Terwegen,13:30,8,0,0.0,"available: Padelbaan 1 (Panorama court),Padelbaan 2,Padelbaan 3,Padelbaan 4,Padelbaan 5,Padelbaan 6,Padelbaan 7,Padelbaan 8"
2026-05-12T13:15:52.102665,Vinkenveld,13:30,4,0,0.0,"available: Padelbaan 1 / PURE Tennis & Padel,Padelbaan 2,Padelbaan 3,Padelbaan 4"
2026-05-12T13:47:43.873799,Terwegen,14:00,8,0,0.0,"available: Padelbaan 1 (Panorama court),Padelbaan 2,Padelbaan 3,Padelbaan 4,Padelbaan 5,Padelbaan 6,Padelbaan 7,Padelbaan 8"
2026-05-12T13:47:43.873799,Vinkenveld,14:00,4,0,0.0,"available: Padelbaan 1 / PURE Tennis & Padel,Padelbaan 2,Padelbaan 3,Padelbaan 4"
2026-05-12T14:15:49.077044,Terwegen,14:30,8,1,12.5,"booked: Padelbaan 1 (Panorama court); available: Padelbaan 2,Padelbaan 3,Padelbaan 4,Padelbaan 5,Padelbaan 6,Padelbaan 7,Padelbaan 8"
2026-05-12T14:15:49.077044,Vinkenveld,14:30,4,0,0.0,"available: Padelbaan 1 / PURE Tennis & Padel,Padelbaan 2,Padelbaan 3,Padelbaan 4"
2026-05-12T14:46:01.317655,Terwegen,15:00,8,1,12.5,"booked: Padelbaan 7; available: Padelbaan 1 (Panorama court),Padelbaan 2,Padelbaan 3,Padelbaan 4,Padelbaan 5,Padelbaan 6,Padelbaan 8"
2026-05-12T14:46:01.317655,Vinkenveld,15:00,4,0,0.0,"available: Padelbaan 1 / PURE Tennis & Padel,Padelbaan 2,Padelbaan 3,Padelbaan 4"
2026-05-12T15:16:14.194242,Terwegen,15:30,8,3,37.5,"booked: Padelbaan 1 (Panorama court),Padelbaan 2,Padelbaan 3; available: Padelbaan 4,Padelbaan 5,Padelbaan 6,Padelbaan 7,Padelbaan 8"
2026-05-12T15:16:14.194242,Vinkenveld,15:30,4,0,0.0,"available: Padelbaan 1 / PURE Tennis & Padel,Padelbaan 2,Padelbaan 3,Padelbaan 4"
2026-05-12T15:46:26.041585,Terwegen,16:00,8,4,50.0,"booked: Padelbaan 1 (Panorama court),Padelbaan 6,Padelbaan 7,Padelbaan 8; available: Padelbaan 2,Padelbaan 3,Padelbaan 4,Padelbaan 5"
2026-05-12T15:46:26.041585,Vinkenveld,16:00,4,4,100.0,"booked: Padelbaan 1 / PURE Tennis & Padel,Padelbaan 2,Padelbaan 3,Padelbaan 4"
2026-05-12T16:16:55.694950,Terwegen,16:30,8,4,50.0,"booked: Padelbaan 1 (Panorama court),Padelbaan 2,Padelbaan 3,Padelbaan 7; available: Padelbaan 4,Padelbaan 5,Padelbaan 6,Padelbaan 8"
2026-05-12T16:16:55.694950,Vinkenveld,16:30,4,4,100.0,"booked: Padelbaan 1 / PURE Tennis & Padel,Padelbaan 2,Padelbaan 3,Padelbaan 4"
2026-05-12T16:47:25.953687,Terwegen,17:00,8,8,100.0,"booked: Padelbaan 1 (Panorama court),Padelbaan 2,Padelbaan 3,Padelbaan 4,Padelbaan 5,Padelbaan 6,Padelbaan 7,Padelbaan 8"
2026-05-12T16:47:25.953687,Vinkenveld,17:00,4,4,100.0,"booked: Padelbaan 1 / PURE Tennis & Padel,Padelbaan 2,Padelbaan 3,Padelbaan 4"
2026-05-12T23:45:51.442919,Terwegen,00:00,8,8,100.0,"booked: Padelbaan 1 (Panorama court),Padelbaan 2,Padelbaan 3,Padelbaan 4,Padelbaan 5,Padelbaan 6,Padelbaan 7,Padelbaan 8"
2026-05-12T23:45:51.442919,Vinkenveld,00:00,4,4,100.0,"booked: Padelbaan 1 / PURE Tennis & Padel,Padelbaan 2,Padelbaan 3,Padelbaan 4"
2026-05-13T00:16:00.256908,Terwegen,00:30,8,8,100.0,"booked: Padelbaan 1 (Panorama court),Padelbaan 2,Padelbaan 3,Padelbaan 4,Padelbaan 5,Padelbaan 6,Padelbaan 7,Padelbaan 8"
2026-05-13T00:16:00.256908,Vinkenveld,00:30,4,4,100.0,"booked: Padelbaan 1 / PURE Tennis & Padel,Padelbaan 2,Padelbaan 3,Padelbaan 4"
2026-05-13T00:45:50.647814,Terwegen,01:00,8,8,100.0,"booked: Padelbaan 1 (Panorama court),Padelbaan 2,Padelbaan 3,Padelbaan 4,Padelbaan 5,Padelbaan 6,Padelbaan 7,Padelbaan 8"
2026-05-13T00:45:50.647814,Vinkenveld,01:00,4,4,100.0,"booked: Padelbaan 1 / PURE Tennis & Padel,Padelbaan 2,Padelbaan 3,Padelbaan 4"
2026-05-13T01:15:45.882329,Terwegen,01:30,8,8,100.0,"booked: Padelbaan 1 (Panorama court),Padelbaan 2,Padelbaan 3,Padelbaan 4,Padelbaan 5,Padelbaan 6,Padelbaan 7,Padelbaan 8"
2026-05-13T01:15:45.882329,Vinkenveld,01:30,4,4,100.0,"booked: Padelbaan 1 / PURE Tennis & Padel,Padelbaan 2,Padelbaan 3,Padelbaan 4"
2026-05-13T01:45:58.032698,Terwegen,02:00,8,8,100.0,"booked: Padelbaan 1 (Panorama court),Padelbaan 2,Padelbaan 3,Padelbaan 4,Padelbaan 5,Padelbaan 6,Padelbaan 7,Padelbaan 8"
2026-05-13T01:45:58.032698,Vinkenveld,02:00,4,4,100.0,"booked: Padelbaan 1 / PURE Tennis & Padel,Padelbaan 2,Padelbaan 3,Padelbaan 4"
2026-05-13T02:15:47.204493,Terwegen,02:30,8,8,100.0,"booked: Padelbaan 1 (Panorama court),Padelbaan 2,Padelbaan 3,Padelbaan 4,Padelbaan 5,Padelbaan 6,Padelbaan 7,Padelbaan 8"
2026-05-13T02:15:47.204493,Vinkenveld,02:30,4,4,100.0,"booked: Padelbaan 1 / PURE Tennis & Padel,Padelbaan 2,Padelbaan 3,Padelbaan 4"
2026-05-13T02:45:58.219316,Terwegen,03:00,8,8,100.0,"booked: Padelbaan 1 (Panorama court),Padelbaan 2,Padelbaan 3,Padelbaan 4,Padelbaan 5,Padelbaan 6,Padelbaan 7,Padelbaan 8"
2026-05-13T02:45:58.219316,Vinkenveld,03:00,4,4,100.0,"booked: Padelbaan 1 / PURE Tennis & Padel,Padelbaan 2,Padelbaan 3,Padelbaan 4"
2026-05-13T03:15:50.597754,Terwegen,03:30,8,8,100.0,"booked: Padelbaan 1 (Panorama court),Padelbaan 2,Padelbaan 3,Padelbaan 4,Padelbaan 5,Padelbaan 6,Padelbaan 7,Padelbaan 8"
2026-05-13T03:15:50.597754,Vinkenveld,03:30,4,4,100.0,"booked: Padelbaan 1 / PURE Tennis & Padel,Padelbaan 2,Padelbaan 3,Padelbaan 4"
2026-05-13T03:45:58.236951,Terwegen,04:00,8,8,100.0,"booked: Padelbaan 1 (Panorama court),Padelbaan 2,Padelbaan 3,Padelbaan 4,Padelbaan 5,Padelbaan 6,Padelbaan 7,Padelbaan 8"
2026-05-13T03:45:58.236951,Vinkenveld,04:00,4,4,100.0,"booked: Padelbaan 1 / PURE Tennis & Padel,Padelbaan 2,Padelbaan 3,Padelbaan 4"
2026-05-13T04:15:46.294920,Terwegen,04:30,8,8,100.0,"booked: Padelbaan 1 (Panorama court),Padelbaan 2,Padelbaan 3,Padelbaan 4,Padelbaan 5,Padelbaan 6,Padelbaan 7,Padelbaan 8"
2026-05-13T04:15:46.294920,Vinkenveld,04:30,4,4,100.0,"booked: Padelbaan 1 / PURE Tennis & Padel,Padelbaan 2,Padelbaan 3,Padelbaan 4"
2026-05-13T04:46:00.637365,Terwegen,05:00,8,8,100.0,"booked: Padelbaan 1 (Panorama court),Padelbaan 2,Padelbaan 3,Padelbaan 4,Padelbaan 5,Padelbaan 6,Padelbaan 7,Padelbaan 8"
2026-05-13T04:46:00.637365,Vinkenveld,05:00,4,4,100.0,"booked: Padelbaan 1 / PURE Tennis & Padel,Padelbaan 2,Padelbaan 3,Padelbaan 4"
2026-05-13T05:15:51.363722,Terwegen,05:30,8,8,100.0,"booked: Padelbaan 1 (Panorama court),Padelbaan 2,Padelbaan 3,Padelbaan 4,Padelbaan 5,Padelbaan 6,Padelbaan 7,Padelbaan 8"
2026-05-13T05:15:51.363722,Vinkenveld,05:30,4,4,100.0,"booked: Padelbaan 1 / PURE Tennis & Padel,Padelbaan 2,Padelbaan 3,Padelbaan 4"
2026-05-13T05:45:51.961836,Terwegen,06:00,8,8,100.0,"booked: Padelbaan 1 (Panorama court),Padelbaan 2,Padelbaan 3,Padelbaan 4,Padelbaan 5,Padelbaan 6,Padelbaan 7,Padelbaan 8"
2026-05-13T05:45:51.961836,Vinkenveld,06:00,4,4,100.0,"booked: Padelbaan 1 / PURE Tennis & Padel,Padelbaan 2,Padelbaan 3,Padelbaan 4"
2026-05-13T06:15:57.631576,Terwegen,06:30,8,8,100.0,"booked: Padelbaan 1 (Panorama court),Padelbaan 2,Padelbaan 3,Padelbaan 4,Padelbaan 5,Padelbaan 6,Padelbaan 7,Padelbaan 8"
2026-05-13T06:15:57.631576,Vinkenveld,06:30,4,4,100.0,"booked: Padelbaan 1 / PURE Tennis & Padel,Padelbaan 2,Padelbaan 3,Padelbaan 4"
2026-05-13T06:45:58.771734,Terwegen,07:00,8,8,100.0,"booked: Padelbaan 1 (Panorama court),Padelbaan 2,Padelbaan 3,Padelbaan 4,Padelbaan 5,Padelbaan 6,Padelbaan 7,Padelbaan 8"
2026-05-13T06:45:58.771734,Vinkenveld,07:00,4,4,100.0,"booked: Padelbaan 1 / PURE Tennis & Padel,Padelbaan 2,Padelbaan 3,Padelbaan 4"
2026-05-13T07:16:01.243770,Terwegen,07:30,8,8,100.0,"booked: Padelbaan 1 (Panorama court),Padelbaan 2,Padelbaan 3,Padelbaan 4,Padelbaan 5,Padelbaan 6,Padelbaan 7,Padelbaan 8"
2026-05-13T07:16:01.243770,Vinkenveld,07:30,4,4,100.0,"booked: Padelbaan 1 / PURE Tennis & Padel,Padelbaan 2,Padelbaan 3,Padelbaan 4"
2026-05-13T07:45:51.049707,Terwegen,08:00,8,1,12.5,"booked: Padelbaan 1 (Panorama court); available: Padelbaan 2,Padelbaan 3,Padelbaan 4,Padelbaan 5,Padelbaan 6,Padelbaan 7,Padelbaan 8"
2026-05-13T07:45:51.049707,Vinkenveld,08:00,4,0,0.0,"available: Padelbaan 1 / PURE Tennis & Padel,Padelbaan 2,Padelbaan 3,Padelbaan 4"
2026-05-13T08:17:00.278003,Terwegen,08:30,8,5,62.5,"booked: Padelbaan 2,Padelbaan 3,Padelbaan 4,Padelbaan 6,Padelbaan 8; available: Padelbaan 1 (Panorama court),Padelbaan 5,Padelbaan 7"
2026-05-13T08:17:00.278003,Vinkenveld,08:30,4,0,0.0,"available: Padelbaan 1 / PURE Tennis & Padel,Padelbaan 2,Padelbaan 3,Padelbaan 4"
2026-05-13T08:45:56.292161,Terwegen,09:00,8,6,75.0,"booked: Padelbaan 1 (Panorama court),Padelbaan 2,Padelbaan 3,Padelbaan 4,Padelbaan 6,Padelbaan 8; available: Padelbaan 5,Padelbaan 7"
2026-05-13T08:45:56.292161,Vinkenveld,09:00,4,1,25.0,"booked: Padelbaan 2; available: Padelbaan 1 / PURE Tennis & Padel,Padelbaan 3,Padelbaan 4"
2026-05-13T09:16:39.334169,Terwegen,09:30,8,6,75.0,"booked: Padelbaan 1 (Panorama court),Padelbaan 2,Padelbaan 3,Padelbaan 4,Padelbaan 6,Padelbaan 8; available: Padelbaan 5,Padelbaan 7"
2026-05-13T09:16:39.334169,Vinkenveld,09:30,4,2,50.0,"booked: Padelbaan 2,Padelbaan 3; available: Padelbaan 1 / PURE Tennis & Padel,Padelbaan 4"
2026-05-13T09:45:46.894684,Terwegen,10:00,8,5,62.5,"booked: Padelbaan 1 (Panorama court),Padelbaan 3,Padelbaan 4,Padelbaan 6,Padelbaan 8; available: Padelbaan 2,Padelbaan 5,Padelbaan 7"
2026-05-13T09:45:46.894684,Vinkenveld,10:00,4,2,50.0,"booked: Padelbaan 3,Padelbaan 4; available: Padelbaan 1 / PURE Tennis & Padel,Padelbaan 2"
2026-05-13T10:15:54.141727,Terwegen,10:30,8,3,37.5,"booked: Padelbaan 1 (Panorama court),Padelbaan 2,Padelbaan 6; available: Padelbaan 3,Padelbaan 4,Padelbaan 5,Padelbaan 7,Padelbaan 8"
2026-05-13T10:15:54.141727,Vinkenveld,10:30,4,2,50.0,"booked: Padelbaan 3,Padelbaan 4; available: Padelbaan 1 / PURE Tennis & Padel,Padelbaan 2"
2026-05-13T10:46:05.019491,Terwegen,11:00,8,8,100.0,"booked: Padelbaan 1 (Panorama court),Padelbaan 2,Padelbaan 3,Padelbaan 4,Padelbaan 5,Padelbaan 6,Padelbaan 7,Padelbaan 8"
2026-05-13T10:46:05.019491,Vinkenveld,11:00,4,2,50.0,"booked: Padelbaan 3,Padelbaan 4; available: Padelbaan 1 / PURE Tennis & Padel,Padelbaan 2"
2026-05-13T11:16:11.551764,Terwegen,11:30,8,2,25.0,"booked: Padelbaan 1 (Panorama court),Padelbaan 6; available: Padelbaan 2,Padelbaan 3,Padelbaan 4,Padelbaan 5,Padelbaan 7,Padelbaan 8"
2026-05-13T11:16:11.551764,Vinkenveld,11:30,4,1,25.0,"booked: Padelbaan 3; available: Padelbaan 1 / PURE Tennis & Padel,Padelbaan 2,Padelbaan 4"
2026-05-13T11:46:12.405238,Terwegen,12:00,8,8,100.0,"booked: Padelbaan 1 (Panorama court),Padelbaan 2,Padelbaan 3,Padelbaan 4,Padelbaan 5,Padelbaan 6,Padelbaan 7,Padelbaan 8"
2026-05-13T11:46:12.405238,Vinkenveld,12:00,4,0,0.0,"available: Padelbaan 1 / PURE Tennis & Padel,Padelbaan 2,Padelbaan 3,Padelbaan 4"
2026-05-13T12:16:06.477507,Terwegen,12:30,8,8,100.0,"booked: Padelbaan 1 (Panorama court),Padelbaan 2,Padelbaan 3,Padelbaan 4,Padelbaan 5,Padelbaan 6,Padelbaan 7,Padelbaan 8"
2026-05-13T12:16:06.477507,Vinkenveld,12:30,4,1,25.0,"booked: Padelbaan 4; available: Padelbaan 1 / PURE Tennis & Padel,Padelbaan 2,Padelbaan 3"
2026-05-13T12:50:20.644035,Terwegen,13:00,8,8,100.0,"booked: Padelbaan 1 (Panorama court),Padelbaan 2,Padelbaan 3,Padelbaan 4,Padelbaan 5,Padelbaan 6,Padelbaan 7,Padelbaan 8"
2026-05-13T12:50:20.644035,Vinkenveld,13:00,4,1,25.0,"booked: Padelbaan 4; available: Padelbaan 1 / PURE Tennis & Padel,Padelbaan 2,Padelbaan 3"
2026-05-13T13:16:01.234486,Terwegen,13:30,8,8,100.0,"booked: Padelbaan 1 (Panorama court),Padelbaan 2,Padelbaan 3,Padelbaan 4,Padelbaan 5,Padelbaan 6,Padelbaan 7,Padelbaan 8"
2026-05-13T13:16:01.234486,Vinkenveld,13:30,4,2,50.0,"booked: Padelbaan 3,Padelbaan 4; available: Padelbaan 1 / PURE Tennis & Padel,Padelbaan 2"
2026-05-13T13:45:53.810868,Terwegen,14:00,8,4,50.0,"booked: Padelbaan 1 (Panorama court),Padelbaan 2,Padelbaan 4,Padelbaan 7; available: Padelbaan 3,Padelbaan 5,Padelbaan 6,Padelbaan 8"
2026-05-13T13:45:53.810868,Vinkenveld,14:00,4,1,25.0,"booked: Padelbaan 3; available: Padelbaan 1 / PURE Tennis & Padel,Padelbaan 2,Padelbaan 4"
2026-05-13T14:19:23.434772,Terwegen,14:30,8,8,100.0,"booked: Padelbaan 1 (Panorama court),Padelbaan 2,Padelbaan 3,Padelbaan 4,Padelbaan 5,Padelbaan 6,Padelbaan 7,Padelbaan 8"
2026-05-13T14:19:23.434772,Vinkenveld,14:30,4,1,25.0,"booked: Padelbaan 3; available: Padelbaan 1 / PURE Tennis & Padel,Padelbaan 2,Padelbaan 4"
2026-05-13T14:46:44.718775,Terwegen,15:00,8,5,62.5,"booked: Padelbaan 1 (Panorama court),Padelbaan 2,Padelbaan 3,Padelbaan 4,Padelbaan 7; available: Padelbaan 5,Padelbaan 6,Padelbaan 8"
2026-05-13T14:46:44.718775,Vinkenveld,15:00,4,1,25.0,"booked: Padelbaan 3; available: Padelbaan 1 / PURE Tennis & Padel,Padelbaan 2,Padelbaan 4"
2026-05-13T15:16:15.571663,Terwegen,15:30,8,5,62.5,"booked: Padelbaan 1 (Panorama court),Padelbaan 2,Padelbaan 4,Padelbaan 7,Padelbaan 8; available: Padelbaan 3,Padelbaan 5,Padelbaan 6"
2026-05-13T15:16:15.571663,Vinkenveld,15:30,4,0,0.0,"available: Padelbaan 1 / PURE Tennis & Padel,Padelbaan 2,Padelbaan 3,Padelbaan 4"
2026-05-13T15:46:05.771803,Terwegen,16:00,8,7,87.5,"booked: Padelbaan 1 (Panorama court),Padelbaan 2,Padelbaan 3,Padelbaan 4,Padelbaan 5,Padelbaan 6,Padelbaan 7; available: Padelbaan 8"
2026-05-13T15:46:05.771803,Vinkenveld,16:00,4,0,0.0,"available: Padelbaan 1 / PURE Tennis & Padel,Padelbaan 2,Padelbaan 3,Padelbaan 4"
2026-05-13T16:17:07.687520,Terwegen,16:30,8,6,75.0,"booked: Padelbaan 1 (Panorama court),Padelbaan 2,Padelbaan 3,Padelbaan 4,Padelbaan 6,Padelbaan 8; available: Padelbaan 5,Padelbaan 7"
2026-05-13T16:17:07.687520,Vinkenveld,16:30,4,1,25.0,"booked: Padelbaan 3; available: Padelbaan 1 / PURE Tennis & Padel,Padelbaan 2,Padelbaan 4"
2026-05-13T16:48:09.335457,Terwegen,17:00,8,7,87.5,"booked: Padelbaan 2,Padelbaan 3,Padelbaan 4,Padelbaan 5,Padelbaan 6,Padelbaan 7,Padelbaan 8; available: Padelbaan 1 (Panorama court)"
2026-05-13T16:48:09.335457,Vinkenveld,17:00,4,3,75.0,"booked: Padelbaan 2,Padelbaan 3,Padelbaan 4; available: Padelbaan 1 / PURE Tennis & Padel"
2026-05-13T23:45:51.625975,Terwegen,00:00,8,8,100.0,"booked: Padelbaan 1 (Panorama court),Padelbaan 2,Padelbaan 3,Padelbaan 4,Padelbaan 5,Padelbaan 6,Padelbaan 7,Padelbaan 8"
2026-05-13T23:45:51.625975,Vinkenveld,00:00,4,4,100.0,"booked: Padelbaan 1 / PURE Tennis & Padel,Padelbaan 2,Padelbaan 3,Padelbaan 4"
2026-05-14T00:15:51.138514,Terwegen,00:30,8,8,100.0,"booked: Padelbaan 1 (Panorama court),Padelbaan 2,Padelbaan 3,Padelbaan 4,Padelbaan 5,Padelbaan 6,Padelbaan 7,Padelbaan 8"
2026-05-14T00:15:51.138514,Vinkenveld,00:30,4,4,100.0,"booked: Padelbaan 1 / PURE Tennis & Padel,Padelbaan 2,Padelbaan 3,Padelbaan 4"
2026-05-14T00:45:50.655092,Terwegen,01:00,8,8,100.0,"booked: Padelbaan 1 (Panorama court),Padelbaan 2,Padelbaan 3,Padelbaan 4,Padelbaan 5,Padelbaan 6,Padelbaan 7,Padelbaan 8"
2026-05-14T00:45:50.655092,Vinkenveld,01:00,4,4,100.0,"booked: Padelbaan 1 / PURE Tennis & Padel,Padelbaan 2,Padelbaan 3,Padelbaan 4"
2026-05-14T01:15:55.495418,Terwegen,01:30,8,8,100.0,"booked: Padelbaan 1 (Panorama court),Padelbaan 2,Padelbaan 3,Padelbaan 4,Padelbaan 5,Padelbaan 6,Padelbaan 7,Padelbaan 8"
2026-05-14T01:15:55.495418,Vinkenveld,01:30,4,4,100.0,"booked: Padelbaan 1 / PURE Tennis & Padel,Padelbaan 2,Padelbaan 3,Padelbaan 4"
2026-05-14T01:45:56.345824,Terwegen,02:00,8,8,100.0,"booked: Padelbaan 1 (Panorama court),Padelbaan 2,Padelbaan 3,Padelbaan 4,Padelbaan 5,Padelbaan 6,Padelbaan 7,Padelbaan 8"
2026-05-14T01:45:56.345824,Vinkenveld,02:00,4,4,100.0,"booked: Padelbaan 1 / PURE Tennis & Padel,Padelbaan 2,Padelbaan 3,Padelbaan 4"
2026-05-14T02:15:59.445674,Terwegen,02:30,8,8,100.0,"booked: Padelbaan 1 (Panorama court),Padelbaan 2,Padelbaan 3,Padelbaan 4,Padelbaan 5,Padelbaan 6,Padelbaan 7,Padelbaan 8"
2026-05-14T02:15:59.445674,Vinkenveld,02:30,4,4,100.0,"booked: Padelbaan 1 / PURE Tennis & Padel,Padelbaan 2,Padelbaan 3,Padelbaan 4"
2026-05-14T02:45:51.849194,Terwegen,03:00,8,8,100.0,"booked: Padelbaan 1 (Panorama court),Padelbaan 2,Padelbaan 3,Padelbaan 4,Padelbaan 5,Padelbaan 6,Padelbaan 7,Padelbaan 8"
2026-05-14T02:45:51.849194,Vinkenveld,03:00,4,4,100.0,"booked: Padelbaan 1 / PURE Tennis & Padel,Padelbaan 2,Padelbaan 3,Padelbaan 4"
2026-05-14T03:15:47.879792,Terwegen,03:30,8,8,100.0,"booked: Padelbaan 1 (Panorama court),Padelbaan 2,Padelbaan 3,Padelbaan 4,Padelbaan 5,Padelbaan 6,Padelbaan 7,Padelbaan 8"
2026-05-14T03:15:47.879792,Vinkenveld,03:30,4,4,100.0,"booked: Padelbaan 1 / PURE Tennis & Padel,Padelbaan 2,Padelbaan 3,Padelbaan 4"
2026-05-14T03:45:43.829707,Terwegen,04:00,8,8,100.0,"booked: Padelbaan 1 (Panorama court),Padelbaan 2,Padelbaan 3,Padelbaan 4,Padelbaan 5,Padelbaan 6,Padelbaan 7,Padelbaan 8"
2026-05-14T03:45:43.829707,Vinkenveld,04:00,4,4,100.0,"booked: Padelbaan 1 / PURE Tennis & Padel,Padelbaan 2,Padelbaan 3,Padelbaan 4"
2026-05-14T04:15:58.892188,Terwegen,04:30,8,8,100.0,"booked: Padelbaan 1 (Panorama court),Padelbaan 2,Padelbaan 3,Padelbaan 4,Padelbaan 5,Padelbaan 6,Padelbaan 7,Padelbaan 8"
2026-05-14T04:15:58.892188,Vinkenveld,04:30,4,4,100.0,"booked: Padelbaan 1 / PURE Tennis & Padel,Padelbaan 2,Padelbaan 3,Padelbaan 4"
2026-05-14T04:45:46.518571,Terwegen,05:00,8,8,100.0,"booked: Padelbaan 1 (Panorama court),Padelbaan 2,Padelbaan 3,Padelbaan 4,Padelbaan 5,Padelbaan 6,Padelbaan 7,Padelbaan 8"
2026-05-14T04:45:46.518571,Vinkenveld,05:00,4,4,100.0,"booked: Padelbaan 1 / PURE Tennis & Padel,Padelbaan 2,Padelbaan 3,Padelbaan 4"
2026-05-14T05:15:56.917374,Terwegen,05:30,8,8,100.0,"booked: Padelbaan 1 (Panorama court),Padelbaan 2,Padelbaan 3,Padelbaan 4,Padelbaan 5,Padelbaan 6,Padelbaan 7,Padelbaan 8"
2026-05-14T05:15:56.917374,Vinkenveld,05:30,4,4,100.0,"booked: Padelbaan 1 / PURE Tennis & Padel,Padelbaan 2,Padelbaan 3,Padelbaan 4"
2026-05-14T05:45:46.748120,Terwegen,06:00,8,8,100.0,"booked: Padelbaan 1 (Panorama court),Padelbaan 2,Padelbaan 3,Padelbaan 4,Padelbaan 5,Padelbaan 6,Padelbaan 7,Padelbaan 8"
2026-05-14T05:45:46.748120,Vinkenveld,06:00,4,4,100.0,"booked: Padelbaan 1 / PURE Tennis & Padel,Padelbaan 2,Padelbaan 3,Padelbaan 4"
2026-05-14T06:15:52.121770,Terwegen,06:30,8,8,100.0,"booked: Padelbaan 1 (Panorama court),Padelbaan 2,Padelbaan 3,Padelbaan 4,Padelbaan 5,Padelbaan 6,Padelbaan 7,Padelbaan 8"
2026-05-14T06:15:52.121770,Vinkenveld,06:30,4,4,100.0,"booked: Padelbaan 1 / PURE Tennis & Padel,Padelbaan 2,Padelbaan 3,Padelbaan 4"
2026-05-14T06:46:15.698010,Terwegen,07:00,8,8,100.0,"booked: Padelbaan 1 (Panorama court),Padelbaan 2,Padelbaan 3,Padelbaan 4,Padelbaan 5,Padelbaan 6,Padelbaan 7,Padelbaan 8"
2026-05-14T06:46:15.698010,Vinkenveld,07:00,4,4,100.0,"booked: Padelbaan 1 / PURE Tennis & Padel,Padelbaan 2,Padelbaan 3,Padelbaan 4"
2026-05-14T07:15:55.494506,Terwegen,07:30,8,8,100.0,"booked: Padelbaan 1 (Panorama court),Padelbaan 2,Padelbaan 3,Padelbaan 4,Padelbaan 5,Padelbaan 6,Padelbaan 7,Padelbaan 8"
2026-05-14T07:15:55.494506,Vinkenveld,07:30,4,4,100.0,"booked: Padelbaan 1 / PURE Tennis & Padel,Padelbaan 2,Padelbaan 3,Padelbaan 4"
2026-05-14T07:45:56.283985,Terwegen,08:00,8,2,25.0,"booked: Padelbaan 1 (Panorama court),Padelbaan 8; available: Padelbaan 2,Padelbaan 3,Padelbaan 4,Padelbaan 5,Padelbaan 6,Padelbaan 7"
2026-05-14T07:45:56.283985,Vinkenveld,08:00,4,0,0.0,"available: Padelbaan 1 / PURE Tennis & Padel,Padelbaan 2,Padelbaan 3,Padelbaan 4"
2026-05-14T08:15:51.672187,Terwegen,08:30,8,7,87.5,"booked: Padelbaan 1 (Panorama court),Padelbaan 2,Padelbaan 3,Padelbaan 4,Padelbaan 5,Padelbaan 6,Padelbaan 7; available: Padelbaan 8"
2026-05-14T08:15:51.672187,Vinkenveld,08:30,4,4,100.0,"booked: Padelbaan 1 / PURE Tennis & Padel,Padelbaan 2,Padelbaan 3,Padelbaan 4"
2026-05-14T08:45:44.966822,Terwegen,09:00,8,6,75.0,"booked: Padelbaan 1 (Panorama court),Padelbaan 2,Padelbaan 3,Padelbaan 5,Padelbaan 7,Padelbaan 8; available: Padelbaan 4,Padelbaan 6"
2026-05-14T08:45:44.966822,Vinkenveld,09:00,4,4,100.0,"booked: Padelbaan 1 / PURE Tennis & Padel,Padelbaan 2,Padelbaan 3,Padelbaan 4"
2026-05-14T09:15:52.403871,Terwegen,09:30,8,8,100.0,"booked: Padelbaan 1 (Panorama court),Padelbaan 2,Padelbaan 3,Padelbaan 4,Padelbaan 5,Padelbaan 6,Padelbaan 7,Padelbaan 8"
2026-05-14T09:15:52.403871,Vinkenveld,09:30,4,4,100.0,"booked: Padelbaan 1 / PURE Tennis & Padel,Padelbaan 2,Padelbaan 3,Padelbaan 4"
2026-05-14T09:45:56.063743,Terwegen,10:00,8,8,100.0,"booked: Padelbaan 1 (Panorama court),Padelbaan 2,Padelbaan 3,Padelbaan 4,Padelbaan 5,Padelbaan 6,Padelbaan 7,Padelbaan 8"
2026-05-14T09:45:56.063743,Vinkenveld,10:00,4,4,100.0,"booked: Padelbaan 1 / PURE Tennis & Padel,Padelbaan 2,Padelbaan 3,Padelbaan 4"
2026-05-14T10:15:53.315439,Terwegen,10:30,8,8,100.0,"booked: Padelbaan 1 (Panorama court),Padelbaan 2,Padelbaan 3,Padelbaan 4,Padelbaan 5,Padelbaan 6,Padelbaan 7,Padelbaan 8"
2026-05-14T10:15:53.315439,Vinkenveld,10:30,4,4,100.0,"booked: Padelbaan 1 / PURE Tennis & Padel,Padelbaan 2,Padelbaan 3,Padelbaan 4"
2026-05-14T10:45:46.805421,Terwegen,11:00,8,8,100.0,"booked: Padelbaan 1 (Panorama court),Padelbaan 2,Padelbaan 3,Padelbaan 4,Padelbaan 5,Padelbaan 6,Padelbaan 7,Padelbaan 8"
2026-05-14T10:45:46.805421,Vinkenveld,11:00,4,4,100.0,"booked: Padelbaan 1 / PURE Tennis & Padel,Padelbaan 2,Padelbaan 3,Padelbaan 4"
2026-05-14T11:16:14.133341,Terwegen,11:30,8,8,100.0,"booked: Padelbaan 1 (Panorama court),Padelbaan 2,Padelbaan 3,Padelbaan 4,Padelbaan 5,Padelbaan 6,Padelbaan 7,Padelbaan 8"
2026-05-14T11:16:14.133341,Vinkenveld,11:30,4,4,100.0,"booked: Padelbaan 1 / PURE Tennis & Padel,Padelbaan 2,Padelbaan 3,Padelbaan 4"
2026-05-14T11:46:08.409713,Terwegen,12:00,8,8,100.0,"booked: Padelbaan 1 (Panorama court),Padelbaan 2,Padelbaan 3,Padelbaan 4,Padelbaan 5,Padelbaan 6,Padelbaan 7,Padelbaan 8"
2026-05-14T11:46:08.409713,Vinkenveld,12:00,4,4,100.0,"booked: Padelbaan 1 / PURE Tennis & Padel,Padelbaan 2,Padelbaan 3,Padelbaan 4"
2026-05-14T12:15:57.807893,Terwegen,12:30,8,8,100.0,"booked: Padelbaan 1 (Panorama court),Padelbaan 2,Padelbaan 3,Padelbaan 4,Padelbaan 5,Padelbaan 6,Padelbaan 7,Padelbaan 8"
2026-05-14T12:15:57.807893,Vinkenveld,12:30,4,3,75.0,"booked: Padelbaan 2,Padelbaan 3,Padelbaan 4; available: Padelbaan 1 / PURE Tennis & Padel"
2026-05-14T12:45:47.542678,Terwegen,13:00,8,8,100.0,"booked: Padelbaan 1 (Panorama court),Padelbaan 2,Padelbaan 3,Padelbaan 4,Padelbaan 5,Padelbaan 6,Padelbaan 7,Padelbaan 8"
2026-05-14T12:45:47.542678,Vinkenveld,13:00,4,3,75.0,"booked: Padelbaan 1 / PURE Tennis & Padel,Padelbaan 3,Padelbaan 4; available: Padelbaan 2"
2026-05-14T13:15:44.334669,Terwegen,13:30,8,8,100.0,"booked: Padelbaan 1 (Panorama court),Padelbaan 2,Padelbaan 3,Padelbaan 4,Padelbaan 5,Padelbaan 6,Padelbaan 7,Padelbaan 8"
2026-05-14T13:15:44.334669,Vinkenveld,13:30,4,4,100.0,"booked: Padelbaan 1 / PURE Tennis & Padel,Padelbaan 2,Padelbaan 3,Padelbaan 4"
2026-05-14T13:45:56.503584,Terwegen,14:00,8,8,100.0,"booked: Padelbaan 1 (Panorama court),Padelbaan 2,Padelbaan 3,Padelbaan 4,Padelbaan 5,Padelbaan 6,Padelbaan 7,Padelbaan 8"
2026-05-14T13:45:56.503584,Vinkenveld,14:00,4,4,100.0,"booked: Padelbaan 1 / PURE Tennis & Padel,Padelbaan 2,Padelbaan 3,Padelbaan 4"
2026-05-14T14:15:49.723182,Terwegen,14:30,8,6,75.0,"booked: Padelbaan 1 (Panorama court),Padelbaan 2,Padelbaan 3,Padelbaan 4,Padelbaan 7,Padelbaan 8; available: Padelbaan 5,Padelbaan 6"
2026-05-14T14:15:49.723182,Vinkenveld,14:30,4,4,100.0,"booked: Padelbaan 1 / PURE Tennis & Padel,Padelbaan 2,Padelbaan 3,Padelbaan 4"
2026-05-14T14:45:57.397308,Terwegen,15:00,8,7,87.5,"booked: Padelbaan 1 (Panorama court),Padelbaan 2,Padelbaan 3,Padelbaan 4,Padelbaan 5,Padelbaan 6,Padelbaan 7; available: Padelbaan 8"
2026-05-14T14:45:57.397308,Vinkenveld,15:00,4,4,100.0,"booked: Padelbaan 1 / PURE Tennis & Padel,Padelbaan 2,Padelbaan 3,Padelbaan 4"
2026-05-14T15:15:51.404423,Terwegen,15:30,8,6,75.0,"booked: Padelbaan 1 (Panorama court),Padelbaan 3,Padelbaan 4,Padelbaan 6,Padelbaan 7,Padelbaan 8; available: Padelbaan 2,Padelbaan 5"
2026-05-14T15:15:51.404423,Vinkenveld,15:30,4,4,100.0,"booked: Padelbaan 1 / PURE Tennis & Padel,Padelbaan 2,Padelbaan 3,Padelbaan 4"
2026-05-14T15:45:53.553830,Terwegen,16:00,8,2,25.0,"booked: Padelbaan 2,Padelbaan 7; available: Padelbaan 1 (Panorama court),Padelbaan 3,Padelbaan 4,Padelbaan 5,Padelbaan 6,Padelbaan 8"
2026-05-14T15:45:53.553830,Vinkenveld,16:00,4,4,100.0,"booked: Padelbaan 1 / PURE Tennis & Padel,Padelbaan 2,Padelbaan 3,Padelbaan 4"
2026-05-14T16:15:55.551324,Terwegen,16:30,8,4,50.0,"booked: Padelbaan 1 (Panorama court),Padelbaan 3,Padelbaan 4,Padelbaan 6; available: Padelbaan 2,Padelbaan 5,Padelbaan 7,Padelbaan 8"
2026-05-14T16:15:55.551324,Vinkenveld,16:30,4,4,100.0,"booked: Padelbaan 1 / PURE Tennis & Padel,Padelbaan 2,Padelbaan 3,Padelbaan 4"
2026-05-14T16:45:51.085578,Terwegen,17:00,8,4,50.0,"booked: Padelbaan 1 (Panorama court),Padelbaan 4,Padelbaan 6,Padelbaan 7; available: Padelbaan 2,Padelbaan 3,Padelbaan 5,Padelbaan 8"
2026-05-14T16:45:51.085578,Vinkenveld,17:00,4,4,100.0,"booked: Padelbaan 1 / PURE Tennis & Padel,Padelbaan 2,Padelbaan 3,Padelbaan 4"
2026-05-14T17:15:51.819361,Terwegen,17:30,8,4,50.0,"booked: Padelbaan 2,Padelbaan 3,Padelbaan 6,Padelbaan 8; available: Padelbaan 1 (Panorama court),Padelbaan 4,Padelbaan 5,Padelbaan 7"
2026-05-14T17:15:51.819361,Vinkenveld,17:30,4,4,100.0,"booked: Padelbaan 1 / PURE Tennis & Padel,Padelbaan 2,Padelbaan 3,Padelbaan 4"
2026-05-14T17:46:08.403425,Terwegen,18:00,8,5,62.5,"booked: Padelbaan 1 (Panorama court),Padelbaan 4,Padelbaan 5,Padelbaan 6,Padelbaan 7; available: Padelbaan 2,Padelbaan 3,Padelbaan 8"
2026-05-14T17:46:08.403425,Vinkenveld,18:00,4,4,100.0,"booked: Padelbaan 1 / PURE Tennis & Padel,Padelbaan 2,Padelbaan 3,Padelbaan 4"
2026-05-14T18:15:53.973748,Terwegen,18:30,8,7,87.5,"booked: Padelbaan 1 (Panorama court),Padelbaan 2,Padelbaan 3,Padelbaan 4,Padelbaan 6,Padelbaan 7,Padelbaan 8; available: Padelbaan 5"
2026-05-14T18:15:53.973748,Vinkenveld,18:30,4,3,75.0,"booked: Padelbaan 2,Padelbaan 3,Padelbaan 4; available: Padelbaan 1 / PURE Tennis & Padel"
2026-05-14T18:46:01.793899,Terwegen,19:00,8,8,100.0,"booked: Padelbaan 1 (Panorama court),Padelbaan 2,Padelbaan 3,Padelbaan 4,Padelbaan 5,Padelbaan 6,Padelbaan 7,Padelbaan 8"
2026-05-14T18:46:01.793899,Vinkenveld,19:00,4,3,75.0,"booked: Padelbaan 1 / PURE Tennis & Padel,Padelbaan 2,Padelbaan 4; available: Padelbaan 3"
2026-05-14T19:15:54.271738,Terwegen,19:30,8,8,100.0,"booked: Padelbaan 1 (Panorama court),Padelbaan 2,Padelbaan 3,Padelbaan 4,Padelbaan 5,Padelbaan 6,Padelbaan 7,Padelbaan 8"
2026-05-14T19:15:54.271738,Vinkenveld,19:30,4,4,100.0,"booked: Padelbaan 1 / PURE Tennis & Padel,Padelbaan 2,Padelbaan 3,Padelbaan 4"
2026-05-14T19:45:43.550745,Terwegen,20:00,8,8,100.0,"booked: Padelbaan 1 (Panorama court),Padelbaan 2,Padelbaan 3,Padelbaan 4,Padelbaan 5,Padelbaan 6,Padelbaan 7,Padelbaan 8"
2026-05-14T19:45:43.550745,Vinkenveld,20:00,4,4,100.0,"booked: Padelbaan 1 / PURE Tennis & Padel,Padelbaan 2,Padelbaan 3,Padelbaan 4"
2026-05-14T20:15:53.280751,Terwegen,20:30,8,7,87.5,"booked: Padelbaan 1 (Panorama court),Padelbaan 2,Padelbaan 3,Padelbaan 4,Padelbaan 6,Padelbaan 7,Padelbaan 8; available: Padelbaan 5"
2026-05-14T20:15:53.280751,Vinkenveld,20:30,4,4,100.0,"booked: Padelbaan 1 / PURE Tennis & Padel,Padelbaan 2,Padelbaan 3,Padelbaan 4"
2026-05-14T20:45:53.292161,Terwegen,21:00,8,7,87.5,"booked: Padelbaan 2,Padelbaan 3,Padelbaan 4,Padelbaan 5,Padelbaan 6,Padelbaan 7,Padelbaan 8; available: Padelbaan 1 (Panorama court)"
2026-05-14T20:45:53.292161,Vinkenveld,21:00,4,4,100.0,"booked: Padelbaan 1 / PURE Tennis & Padel,Padelbaan 2,Padelbaan 3,Padelbaan 4"
2026-05-14T21:15:50.327977,Terwegen,21:30,8,8,100.0,"booked: Padelbaan 1 (Panorama court),Padelbaan 2,Padelbaan 3,Padelbaan 4,Padelbaan 5,Padelbaan 6,Padelbaan 7,Padelbaan 8"
2026-05-14T21:15:50.327977,Vinkenveld,21:30,4,4,100.0,"booked: Padelbaan 1 / PURE Tennis & Padel,Padelbaan 2,Padelbaan 3,Padelbaan 4"
2026-05-14T21:45:54.103864,Terwegen,22:00,8,5,62.5,"booked: Padelbaan 2,Padelbaan 3,Padelbaan 4,Padelbaan 6,Padelbaan 7; available: Padelbaan 1 (Panorama court),Padelbaan 5,Padelbaan 8"
2026-05-14T21:45:54.103864,Vinkenveld,22:00,4,3,75.0,"booked: Padelbaan 1 / PURE Tennis & Padel,Padelbaan 3,Padelbaan 4; available: Padelbaan 2"
2026-05-14T23:45:50.648688,Terwegen,00:00,8,8,100.0,"booked: Padelbaan 1 (Panorama court),Padelbaan 2,Padelbaan 3,Padelbaan 4,Padelbaan 5,Padelbaan 6,Padelbaan 7,Padelbaan 8"
2026-05-14T23:45:50.648688,Vinkenveld,00:00,4,4,100.0,"booked: Padelbaan 1 / PURE Tennis & Padel,Padelbaan 2,Padelbaan 3,Padelbaan 4"
2026-05-15T00:15:41.708429,Terwegen,00:30,8,8,100.0,"booked: Padelbaan 1 (Panorama court),Padelbaan 2,Padelbaan 3,Padelbaan 4,Padelbaan 5,Padelbaan 6,Padelbaan 7,Padelbaan 8"
2026-05-15T00:15:41.708429,Vinkenveld,00:30,4,4,100.0,"booked: Padelbaan 1 / PURE Tennis & Padel,Padelbaan 2,Padelbaan 3,Padelbaan 4"
2026-05-15T00:45:48.564509,Terwegen,01:00,8,8,100.0,"booked: Padelbaan 1 (Panorama court),Padelbaan 2,Padelbaan 3,Padelbaan 4,Padelbaan 5,Padelbaan 6,Padelbaan 7,Padelbaan 8"
2026-05-15T00:45:48.564509,Vinkenveld,01:00,4,4,100.0,"booked: Padelbaan 1 / PURE Tennis & Padel,Padelbaan 2,Padelbaan 3,Padelbaan 4"
2026-05-15T01:15:50.687419,Terwegen,01:30,8,8,100.0,"booked: Padelbaan 1 (Panorama court),Padelbaan 2,Padelbaan 3,Padelbaan 4,Padelbaan 5,Padelbaan 6,Padelbaan 7,Padelbaan 8"
2026-05-15T01:15:50.687419,Vinkenveld,01:30,4,4,100.0,"booked: Padelbaan 1 / PURE Tennis & Padel,Padelbaan 2,Padelbaan 3,Padelbaan 4"
2026-05-15T01:45:40.416419,Terwegen,02:00,8,8,100.0,"booked: Padelbaan 1 (Panorama court),Padelbaan 2,Padelbaan 3,Padelbaan 4,Padelbaan 5,Padelbaan 6,Padelbaan 7,Padelbaan 8"
2026-05-15T01:45:40.416419,Vinkenveld,02:00,4,4,100.0,"booked: Padelbaan 1 / PURE Tennis & Padel,Padelbaan 2,Padelbaan 3,Padelbaan 4"
2026-05-15T02:15:43.047774,Terwegen,02:30,8,8,100.0,"booked: Padelbaan 1 (Panorama court),Padelbaan 2,Padelbaan 3,Padelbaan 4,Padelbaan 5,Padelbaan 6,Padelbaan 7,Padelbaan 8"
2026-05-15T02:15:43.047774,Vinkenveld,02:30,4,4,100.0,"booked: Padelbaan 1 / PURE Tennis & Padel,Padelbaan 2,Padelbaan 3,Padelbaan 4"
2026-05-15T02:45:55.168887,Terwegen,03:00,8,8,100.0,"booked: Padelbaan 1 (Panorama court),Padelbaan 2,Padelbaan 3,Padelbaan 4,Padelbaan 5,Padelbaan 6,Padelbaan 7,Padelbaan 8"
2026-05-15T02:45:55.168887,Vinkenveld,03:00,4,4,100.0,"booked: Padelbaan 1 / PURE Tennis & Padel,Padelbaan 2,Padelbaan 3,Padelbaan 4"
2026-05-15T03:15:43.254505,Terwegen,03:30,8,8,100.0,"booked: Padelbaan 1 (Panorama court),Padelbaan 2,Padelbaan 3,Padelbaan 4,Padelbaan 5,Padelbaan 6,Padelbaan 7,Padelbaan 8"
2026-05-15T03:15:43.254505,Vinkenveld,03:30,4,4,100.0,"booked: Padelbaan 1 / PURE Tennis & Padel,Padelbaan 2,Padelbaan 3,Padelbaan 4"
2026-05-15T03:45:47.390975,Terwegen,04:00,8,8,100.0,"booked: Padelbaan 1 (Panorama court),Padelbaan 2,Padelbaan 3,Padelbaan 4,Padelbaan 5,Padelbaan 6,Padelbaan 7,Padelbaan 8"
2026-05-15T03:45:47.390975,Vinkenveld,04:00,4,4,100.0,"booked: Padelbaan 1 / PURE Tennis & Padel,Padelbaan 2,Padelbaan 3,Padelbaan 4"
2026-05-15T04:15:44.007698,Terwegen,04:30,8,8,100.0,"booked: Padelbaan 1 (Panorama court),Padelbaan 2,Padelbaan 3,Padelbaan 4,Padelbaan 5,Padelbaan 6,Padelbaan 7,Padelbaan 8"
2026-05-15T04:15:44.007698,Vinkenveld,04:30,4,4,100.0,"booked: Padelbaan 1 / PURE Tennis & Padel,Padelbaan 2,Padelbaan 3,Padelbaan 4"
2026-05-15T04:45:42.513571,Terwegen,05:00,8,8,100.0,"booked: Padelbaan 1 (Panorama court),Padelbaan 2,Padelbaan 3,Padelbaan 4,Padelbaan 5,Padelbaan 6,Padelbaan 7,Padelbaan 8"
2026-05-15T04:45:42.513571,Vinkenveld,05:00,4,4,100.0,"booked: Padelbaan 1 / PURE Tennis & Padel,Padelbaan 2,Padelbaan 3,Padelbaan 4"
2026-05-15T05:15:47.408136,Terwegen,05:30,8,8,100.0,"booked: Padelbaan 1 (Panorama court),Padelbaan 2,Padelbaan 3,Padelbaan 4,Padelbaan 5,Padelbaan 6,Padelbaan 7,Padelbaan 8"
2026-05-15T05:15:47.408136,Vinkenveld,05:30,4,4,100.0,"booked: Padelbaan 1 / PURE Tennis & Padel,Padelbaan 2,Padelbaan 3,Padelbaan 4"
2026-05-15T05:45:54.995363,Terwegen,06:00,8,8,100.0,"booked: Padelbaan 1 (Panorama court),Padelbaan 2,Padelbaan 3,Padelbaan 4,Padelbaan 5,Padelbaan 6,Padelbaan 7,Padelbaan 8"
2026-05-15T05:45:54.995363,Vinkenveld,06:00,4,4,100.0,"booked: Padelbaan 1 / PURE Tennis & Padel,Padelbaan 2,Padelbaan 3,Padelbaan 4"
2026-05-15T06:15:47.637392,Terwegen,06:30,8,8,100.0,"booked: Padelbaan 1 (Panorama court),Padelbaan 2,Padelbaan 3,Padelbaan 4,Padelbaan 5,Padelbaan 6,Padelbaan 7,Padelbaan 8"
2026-05-15T06:15:47.637392,Vinkenveld,06:30,4,4,100.0,"booked: Padelbaan 1 / PURE Tennis & Padel,Padelbaan 2,Padelbaan 3,Padelbaan 4"
2026-05-15T06:45:47.255861,Terwegen,07:00,8,8,100.0,"booked: Padelbaan 1 (Panorama court),Padelbaan 2,Padelbaan 3,Padelbaan 4,Padelbaan 5,Padelbaan 6,Padelbaan 7,Padelbaan 8"
2026-05-15T06:45:47.255861,Vinkenveld,07:00,4,4,100.0,"booked: Padelbaan 1 / PURE Tennis & Padel,Padelbaan 2,Padelbaan 3,Padelbaan 4"
2026-05-15T07:15:40.739954,Terwegen,07:30,8,8,100.0,"booked: Padelbaan 1 (Panorama court),Padelbaan 2,Padelbaan 3,Padelbaan 4,Padelbaan 5,Padelbaan 6,Padelbaan 7,Padelbaan 8"
2026-05-15T07:15:40.739954,Vinkenveld,07:30,4,4,100.0,"booked: Padelbaan 1 / PURE Tennis & Padel,Padelbaan 2,Padelbaan 3,Padelbaan 4"
2026-05-15T07:45:43.679217,Terwegen,08:00,8,4,50.0,"booked: Padelbaan 1 (Panorama court),Padelbaan 3,Padelbaan 5,Padelbaan 6; available: Padelbaan 2,Padelbaan 4,Padelbaan 7,Padelbaan 8"
2026-05-15T07:45:43.679217,Vinkenveld,08:00,4,0,0.0,"available: Padelbaan 1 / PURE Tennis & Padel,Padelbaan 2,Padelbaan 3,Padelbaan 4"
2026-05-15T08:15:47.651784,Terwegen,08:30,8,5,62.5,"booked: Padelbaan 1 (Panorama court),Padelbaan 2,Padelbaan 4,Padelbaan 7,Padelbaan 8; available: Padelbaan 3,Padelbaan 5,Padelbaan 6"
2026-05-15T08:15:47.651784,Vinkenveld,08:30,4,1,25.0,"booked: Padelbaan 2; available: Padelbaan 1 / PURE Tennis & Padel,Padelbaan 3,Padelbaan 4"
2026-05-15T08:47:50.655289,Terwegen,09:00,8,7,87.5,"booked: Padelbaan 1 (Panorama court),Padelbaan 2,Padelbaan 3,Padelbaan 4,Padelbaan 5,Padelbaan 6,Padelbaan 8; available: Padelbaan 7"
2026-05-15T08:47:50.655289,Vinkenveld,09:00,4,2,50.0,"booked: Padelbaan 2,Padelbaan 4; available: Padelbaan 1 / PURE Tennis & Padel,Padelbaan 3"
2026-05-15T09:16:35.835931,Terwegen,09:30,8,8,100.0,"booked: Padelbaan 1 (Panorama court),Padelbaan 2,Padelbaan 3,Padelbaan 4,Padelbaan 5,Padelbaan 6,Padelbaan 7,Padelbaan 8"
2026-05-15T09:16:35.835931,Vinkenveld,09:30,4,3,75.0,"booked: Padelbaan 1 / PURE Tennis & Padel,Padelbaan 2,Padelbaan 4; available: Padelbaan 3"
2026-05-15T10:17:29.803381,Terwegen,10:30,8,8,100.0,"booked: Padelbaan 1 (Panorama court),Padelbaan 2,Padelbaan 3,Padelbaan 4,Padelbaan 5,Padelbaan 6,Padelbaan 7,Padelbaan 8"
2026-05-15T10:17:29.803381,Vinkenveld,10:30,4,4,100.0,"booked: Padelbaan 1 / PURE Tennis & Padel,Padelbaan 2,Padelbaan 3,Padelbaan 4"
2026-05-15T10:45:52.489503,Terwegen,11:00,8,6,75.0,"booked: Padelbaan 1 (Panorama court),Padelbaan 2,Padelbaan 3,Padelbaan 4,Padelbaan 5,Padelbaan 8; available: Padelbaan 6,Padelbaan 7"
2026-05-15T10:45:52.489503,Vinkenveld,11:00,4,4,100.0,"booked: Padelbaan 1 / PURE Tennis & Padel,Padelbaan 2,Padelbaan 3,Padelbaan 4"
2026-05-15T11:15:41.796989,Terwegen,11:30,8,7,87.5,"booked: Padelbaan 1 (Panorama court),Padelbaan 2,Padelbaan 3,Padelbaan 5,Padelbaan 6,Padelbaan 7,Padelbaan 8; available: Padelbaan 4"
2026-05-15T11:15:41.796989,Vinkenveld,11:30,4,4,100.0,"booked: Padelbaan 1 / PURE Tennis & Padel,Padelbaan 2,Padelbaan 3,Padelbaan 4"
2026-05-15T11:46:22.963044,Terwegen,12:00,8,4,50.0,"booked: Padelbaan 1 (Panorama court),Padelbaan 3,Padelbaan 4,Padelbaan 5; available: Padelbaan 2,Padelbaan 6,Padelbaan 7,Padelbaan 8"
2026-05-15T11:46:22.963044,Vinkenveld,12:00,4,4,100.0,"booked: Padelbaan 1 / PURE Tennis & Padel,Padelbaan 2,Padelbaan 3,Padelbaan 4"
2026-05-15T12:15:52.429587,Terwegen,12:30,8,6,75.0,"booked: Padelbaan 2,Padelbaan 3,Padelbaan 4,Padelbaan 5,Padelbaan 6,Padelbaan 8; available: Padelbaan 1 (Panorama court),Padelbaan 7"
2026-05-15T12:15:52.429587,Vinkenveld,12:30,4,4,100.0,"booked: Padelbaan 1 / PURE Tennis & Padel,Padelbaan 2,Padelbaan 3,Padelbaan 4"
2026-05-15T12:45:59.398495,Terwegen,13:00,8,4,50.0,"booked: Padelbaan 1 (Panorama court),Padelbaan 3,Padelbaan 4,Padelbaan 5; available: Padelbaan 2,Padelbaan 6,Padelbaan 7,Padelbaan 8"
2026-05-15T12:45:59.398495,Vinkenveld,13:00,4,3,75.0,"booked: Padelbaan 1 / PURE Tennis & Padel,Padelbaan 3,Padelbaan 4; available: Padelbaan 2"
2026-05-15T13:17:52.370105,Terwegen,13:30,8,6,75.0,"booked: Padelbaan 1 (Panorama court),Padelbaan 2,Padelbaan 3,Padelbaan 4,Padelbaan 5,Padelbaan 6; available: Padelbaan 7,Padelbaan 8"
2026-05-15T13:17:52.370105,Vinkenveld,13:30,4,3,75.0,"booked: Padelbaan 1 / PURE Tennis & Padel,Padelbaan 2,Padelbaan 3; available: Padelbaan 4"
2026-05-15T13:45:42.009449,Terwegen,14:00,8,4,50.0,"booked: Padelbaan 1 (Panorama court),Padelbaan 3,Padelbaan 5,Padelbaan 6; available: Padelbaan 2,Padelbaan 4,Padelbaan 7,Padelbaan 8"
2026-05-15T13:45:42.009449,Vinkenveld,14:00,4,4,100.0,"booked: Padelbaan 1 / PURE Tennis & Padel,Padelbaan 2,Padelbaan 3,Padelbaan 4"
2026-05-15T14:16:00.178810,Terwegen,14:30,8,5,62.5,"booked: Padelbaan 2,Padelbaan 3,Padelbaan 4,Padelbaan 5,Padelbaan 6; available: Padelbaan 1 (Panorama court),Padelbaan 7,Padelbaan 8"
2026-05-15T14:16:00.178810,Vinkenveld,14:30,4,4,100.0,"booked: Padelbaan 1 / PURE Tennis & Padel,Padelbaan 2,Padelbaan 3,Padelbaan 4"
2026-05-15T14:46:26.218373,Terwegen,15:00,8,5,62.5,"booked: Padelbaan 1 (Panorama court),Padelbaan 2,Padelbaan 3,Padelbaan 5,Padelbaan 6; available: Padelbaan 4,Padelbaan 7,Padelbaan 8"
2026-05-15T14:46:26.218373,Vinkenveld,15:00,4,4,100.0,"booked: Padelbaan 1 / PURE Tennis & Padel,Padelbaan 2,Padelbaan 3,Padelbaan 4"
2026-05-15T15:15:41.600967,Terwegen,15:30,8,6,75.0,"booked: Padelbaan 1 (Panorama court),Padelbaan 2,Padelbaan 3,Padelbaan 4,Padelbaan 5,Padelbaan 8; available: Padelbaan 6,Padelbaan 7"
2026-05-15T15:15:41.600967,Vinkenveld,15:30,4,3,75.0,"booked: Padelbaan 1 / PURE Tennis & Padel,Padelbaan 2,Padelbaan 3; available: Padelbaan 4"
2026-05-15T15:45:46.836988,Terwegen,16:00,8,4,50.0,"booked: Padelbaan 1 (Panorama court),Padelbaan 2,Padelbaan 3,Padelbaan 6; available: Padelbaan 4,Padelbaan 5,Padelbaan 7,Padelbaan 8"
2026-05-15T15:45:46.836988,Vinkenveld,16:00,4,4,100.0,"booked: Padelbaan 1 / PURE Tennis & Padel,Padelbaan 2,Padelbaan 3,Padelbaan 4"
2026-05-15T16:16:03.924256,Terwegen,16:30,8,6,75.0,"booked: Padelbaan 1 (Panorama court),Padelbaan 3,Padelbaan 4,Padelbaan 5,Padelbaan 6,Padelbaan 8; available: Padelbaan 2,Padelbaan 7"
2026-05-15T16:16:03.924256,Vinkenveld,16:30,4,4,100.0,"booked: Padelbaan 1 / PURE Tennis & Padel,Padelbaan 2,Padelbaan 3,Padelbaan 4"
2026-05-15T16:45:54.015717,Terwegen,17:00,8,8,100.0,"booked: Padelbaan 1 (Panorama court),Padelbaan 2,Padelbaan 3,Padelbaan 4,Padelbaan 5,Padelbaan 6,Padelbaan 7,Padelbaan 8"
2026-05-15T16:45:54.015717,Vinkenveld,17:00,4,3,75.0,"booked: Padelbaan 1 / PURE Tennis & Padel,Padelbaan 2,Padelbaan 4; available: Padelbaan 3"
2026-05-15T17:15:48.620134,Terwegen,17:30,8,5,62.5,"booked: Padelbaan 1 (Panorama court),Padelbaan 3,Padelbaan 4,Padelbaan 5,Padelbaan 8; available: Padelbaan 2,Padelbaan 6,Padelbaan 7"
2026-05-15T17:15:48.620134,Vinkenveld,17:30,4,1,25.0,"booked: Padelbaan 4; available: Padelbaan 1 / PURE Tennis & Padel,Padelbaan 2,Padelbaan 3"
2026-05-15T17:45:41.812247,Terwegen,18:00,8,8,100.0,"booked: Padelbaan 1 (Panorama court),Padelbaan 2,Padelbaan 3,Padelbaan 4,Padelbaan 5,Padelbaan 6,Padelbaan 7,Padelbaan 8"
2026-05-15T17:45:41.812247,Vinkenveld,18:00,4,1,25.0,"booked: Padelbaan 4; available: Padelbaan 1 / PURE Tennis & Padel,Padelbaan 2,Padelbaan 3"
2026-05-15T18:15:44.395824,Terwegen,18:30,8,8,100.0,"booked: Padelbaan 1 (Panorama court),Padelbaan 2,Padelbaan 3,Padelbaan 4,Padelbaan 5,Padelbaan 6,Padelbaan 7,Padelbaan 8"
2026-05-15T18:15:44.395824,Vinkenveld,18:30,4,4,100.0,"booked: Padelbaan 1 / PURE Tennis & Padel,Padelbaan 2,Padelbaan 3,Padelbaan 4"
2026-05-15T18:45:50.840527,Terwegen,19:00,8,8,100.0,"booked: Padelbaan 1 (Panorama court),Padelbaan 2,Padelbaan 3,Padelbaan 4,Padelbaan 5,Padelbaan 6,Padelbaan 7,Padelbaan 8"
2026-05-15T18:45:50.840527,Vinkenveld,19:00,4,3,75.0,"booked: Padelbaan 2,Padelbaan 3,Padelbaan 4; available: Padelbaan 1 / PURE Tennis & Padel"
2026-05-15T19:15:45.631351,Terwegen,19:30,8,8,100.0,"booked: Padelbaan 1 (Panorama court),Padelbaan 2,Padelbaan 3,Padelbaan 4,Padelbaan 5,Padelbaan 6,Padelbaan 7,Padelbaan 8"
2026-05-15T19:15:45.631351,Vinkenveld,19:30,4,4,100.0,"booked: Padelbaan 1 / PURE Tennis & Padel,Padelbaan 2,Padelbaan 3,Padelbaan 4"
2026-05-15T19:45:54.205007,Terwegen,20:00,8,8,100.0,"booked: Padelbaan 1 (Panorama court),Padelbaan 2,Padelbaan 3,Padelbaan 4,Padelbaan 5,Padelbaan 6,Padelbaan 7,Padelbaan 8"
2026-05-15T19:45:54.205007,Vinkenveld,20:00,4,4,100.0,"booked: Padelbaan 1 / PURE Tennis & Padel,Padelbaan 2,Padelbaan 3,Padelbaan 4"
2026-05-15T20:15:43.783593,Terwegen,20:30,8,8,100.0,"booked: Padelbaan 1 (Panorama court),Padelbaan 2,Padelbaan 3,Padelbaan 4,Padelbaan 5,Padelbaan 6,Padelbaan 7,Padelbaan 8"
2026-05-15T20:15:43.783593,Vinkenveld,20:30,4,4,100.0,"booked: Padelbaan 1 / PURE Tennis & Padel,Padelbaan 2,Padelbaan 3,Padelbaan 4"
2026-05-15T20:45:55.507028,Terwegen,21:00,8,8,100.0,"booked: Padelbaan 1 (Panorama court),Padelbaan 2,Padelbaan 3,Padelbaan 4,Padelbaan 5,Padelbaan 6,Padelbaan 7,Padelbaan 8"
2026-05-15T20:45:55.507028,Vinkenveld,21:00,4,4,100.0,"booked: Padelbaan 1 / PURE Tennis & Padel,Padelbaan 2,Padelbaan 3,Padelbaan 4"
2026-05-15T21:15:43.828171,Terwegen,21:30,8,8,100.0,"booked: Padelbaan 1 (Panorama court),Padelbaan 2,Padelbaan 3,Padelbaan 4,Padelbaan 5,Padelbaan 6,Padelbaan 7,Padelbaan 8"
2026-05-15T21:15:43.828171,Vinkenveld,21:30,4,4,100.0,"booked: Padelbaan 1 / PURE Tennis & Padel,Padelbaan 2,Padelbaan 3,Padelbaan 4"
2026-05-15T21:45:51.394805,Terwegen,22:00,8,8,100.0,"booked: Padelbaan 1 (Panorama court),Padelbaan 2,Padelbaan 3,Padelbaan 4,Padelbaan 5,Padelbaan 6,Padelbaan 7,Padelbaan 8"
2026-05-15T21:45:51.394805,Vinkenveld,22:00,4,3,75.0,"booked: Padelbaan 1 / PURE Tennis & Padel,Padelbaan 3,Padelbaan 4; available: Padelbaan 2"
2026-05-15T23:45:52.849688,Terwegen,00:00,8,8,100.0,"booked: Padelbaan 1 (Panorama court),Padelbaan 2,Padelbaan 3,Padelbaan 4,Padelbaan 5,Padelbaan 6,Padelbaan 7,Padelbaan 8"
2026-05-15T23:45:52.849688,Vinkenveld,00:00,4,4,100.0,"booked: Padelbaan 1 / PURE Tennis & Padel,Padelbaan 2,Padelbaan 3,Padelbaan 4"
2026-05-16T00:15:49.413080,Terwegen,00:30,8,8,100.0,"booked: Padelbaan 1 (Panorama court),Padelbaan 2,Padelbaan 3,Padelbaan 4,Padelbaan 5,Padelbaan 6,Padelbaan 7,Padelbaan 8"
2026-05-16T00:15:49.413080,Vinkenveld,00:30,4,4,100.0,"booked: Padelbaan 1 / PURE Tennis & Padel,Padelbaan 2,Padelbaan 3,Padelbaan 4"
2026-05-16T00:45:40.221922,Terwegen,01:00,8,8,100.0,"booked: Padelbaan 1 (Panorama court),Padelbaan 2,Padelbaan 3,Padelbaan 4,Padelbaan 5,Padelbaan 6,Padelbaan 7,Padelbaan 8"
2026-05-16T00:45:40.221922,Vinkenveld,01:00,4,4,100.0,"booked: Padelbaan 1 / PURE Tennis & Padel,Padelbaan 2,Padelbaan 3,Padelbaan 4"
2026-05-16T01:15:43.344396,Terwegen,01:30,8,8,100.0,"booked: Padelbaan 1 (Panorama court),Padelbaan 2,Padelbaan 3,Padelbaan 4,Padelbaan 5,Padelbaan 6,Padelbaan 7,Padelbaan 8"
2026-05-16T01:15:43.344396,Vinkenveld,01:30,4,4,100.0,"booked: Padelbaan 1 / PURE Tennis & Padel,Padelbaan 2,Padelbaan 3,Padelbaan 4"
2026-05-16T01:45:39.890349,Terwegen,02:00,8,8,100.0,"booked: Padelbaan 1 (Panorama court),Padelbaan 2,Padelbaan 3,Padelbaan 4,Padelbaan 5,Padelbaan 6,Padelbaan 7,Padelbaan 8"
2026-05-16T01:45:39.890349,Vinkenveld,02:00,4,4,100.0,"booked: Padelbaan 1 / PURE Tennis & Padel,Padelbaan 2,Padelbaan 3,Padelbaan 4"
2026-05-16T02:15:42.065542,Terwegen,02:30,8,8,100.0,"booked: Padelbaan 1 (Panorama court),Padelbaan 2,Padelbaan 3,Padelbaan 4,Padelbaan 5,Padelbaan 6,Padelbaan 7,Padelbaan 8"
2026-05-16T02:15:42.065542,Vinkenveld,02:30,4,4,100.0,"booked: Padelbaan 1 / PURE Tennis & Padel,Padelbaan 2,Padelbaan 3,Padelbaan 4"
2026-05-16T02:45:43.014332,Terwegen,03:00,8,8,100.0,"booked: Padelbaan 1 (Panorama court),Padelbaan 2,Padelbaan 3,Padelbaan 4,Padelbaan 5,Padelbaan 6,Padelbaan 7,Padelbaan 8"
2026-05-16T02:45:43.014332,Vinkenveld,03:00,4,4,100.0,"booked: Padelbaan 1 / PURE Tennis & Padel,Padelbaan 2,Padelbaan 3,Padelbaan 4"
2026-05-16T03:15:41.294218,Terwegen,03:30,8,8,100.0,"booked: Padelbaan 1 (Panorama court),Padelbaan 2,Padelbaan 3,Padelbaan 4,Padelbaan 5,Padelbaan 6,Padelbaan 7,Padelbaan 8"
2026-05-16T03:15:41.294218,Vinkenveld,03:30,4,4,100.0,"booked: Padelbaan 1 / PURE Tennis & Padel,Padelbaan 2,Padelbaan 3,Padelbaan 4"
2026-05-16T03:45:44.712009,Terwegen,04:00,8,8,100.0,"booked: Padelbaan 1 (Panorama court),Padelbaan 2,Padelbaan 3,Padelbaan 4,Padelbaan 5,Padelbaan 6,Padelbaan 7,Padelbaan 8"
2026-05-16T03:45:44.712009,Vinkenveld,04:00,4,4,100.0,"booked: Padelbaan 1 / PURE Tennis & Padel,Padelbaan 2,Padelbaan 3,Padelbaan 4"
2026-05-16T04:15:41.211712,Terwegen,04:30,8,8,100.0,"booked: Padelbaan 1 (Panorama court),Padelbaan 2,Padelbaan 3,Padelbaan 4,Padelbaan 5,Padelbaan 6,Padelbaan 7,Padelbaan 8"
2026-05-16T04:15:41.211712,Vinkenveld,04:30,4,4,100.0,"booked: Padelbaan 1 / PURE Tennis & Padel,Padelbaan 2,Padelbaan 3,Padelbaan 4"
2026-05-16T04:45:51.309722,Terwegen,05:00,8,8,100.0,"booked: Padelbaan 1 (Panorama court),Padelbaan 2,Padelbaan 3,Padelbaan 4,Padelbaan 5,Padelbaan 6,Padelbaan 7,Padelbaan 8"
2026-05-16T04:45:51.309722,Vinkenveld,05:00,4,4,100.0,"booked: Padelbaan 1 / PURE Tennis & Padel,Padelbaan 2,Padelbaan 3,Padelbaan 4"
2026-05-16T05:15:40.588311,Terwegen,05:30,8,8,100.0,"booked: Padelbaan 1 (Panorama court),Padelbaan 2,Padelbaan 3,Padelbaan 4,Padelbaan 5,Padelbaan 6,Padelbaan 7,Padelbaan 8"
2026-05-16T05:15:40.588311,Vinkenveld,05:30,4,4,100.0,"booked: Padelbaan 1 / PURE Tennis & Padel,Padelbaan 2,Padelbaan 3,Padelbaan 4"
2026-05-16T05:45:44.629760,Terwegen,06:00,8,8,100.0,"booked: Padelbaan 1 (Panorama court),Padelbaan 2,Padelbaan 3,Padelbaan 4,Padelbaan 5,Padelbaan 6,Padelbaan 7,Padelbaan 8"
2026-05-16T05:45:44.629760,Vinkenveld,06:00,4,4,100.0,"booked: Padelbaan 1 / PURE Tennis & Padel,Padelbaan 2,Padelbaan 3,Padelbaan 4"
2026-05-16T06:17:01.558452,Terwegen,06:30,8,8,100.0,"booked: Padelbaan 1 (Panorama court),Padelbaan 2,Padelbaan 3,Padelbaan 4,Padelbaan 5,Padelbaan 6,Padelbaan 7,Padelbaan 8"
2026-05-16T06:17:01.558452,Vinkenveld,06:30,4,4,100.0,"booked: Padelbaan 1 / PURE Tennis & Padel,Padelbaan 2,Padelbaan 3,Padelbaan 4"
2026-05-16T06:45:47.268404,Terwegen,07:00,8,8,100.0,"booked: Padelbaan 1 (Panorama court),Padelbaan 2,Padelbaan 3,Padelbaan 4,Padelbaan 5,Padelbaan 6,Padelbaan 7,Padelbaan 8"
2026-05-16T06:45:47.268404,Vinkenveld,07:00,4,4,100.0,"booked: Padelbaan 1 / PURE Tennis & Padel,Padelbaan 2,Padelbaan 3,Padelbaan 4"
2026-05-16T07:15:42.922942,Terwegen,07:30,8,8,100.0,"booked: Padelbaan 1 (Panorama court),Padelbaan 2,Padelbaan 3,Padelbaan 4,Padelbaan 5,Padelbaan 6,Padelbaan 7,Padelbaan 8"
2026-05-16T07:15:42.922942,Vinkenveld,07:30,4,4,100.0,"booked: Padelbaan 1 / PURE Tennis & Padel,Padelbaan 2,Padelbaan 3,Padelbaan 4"
2026-05-16T07:45:41.855303,Terwegen,08:00,8,2,25.0,"booked: Padelbaan 5,Padelbaan 8; available: Padelbaan 1 (Panorama court),Padelbaan 2,Padelbaan 3,Padelbaan 4,Padelbaan 6,Padelbaan 7"
2026-05-16T07:45:41.855303,Vinkenveld,08:00,4,1,25.0,"booked: Padelbaan 2; available: Padelbaan 1 / PURE Tennis & Padel,Padelbaan 3,Padelbaan 4"
2026-05-16T08:15:40.165810,Terwegen,08:30,8,5,62.5,"booked: Padelbaan 1 (Panorama court),Padelbaan 2,Padelbaan 3,Padelbaan 6,Padelbaan 7; available: Padelbaan 4,Padelbaan 5,Padelbaan 8"
2026-05-16T08:15:40.165810,Vinkenveld,08:30,4,1,25.0,"booked: Padelbaan 2; available: Padelbaan 1 / PURE Tennis & Padel,Padelbaan 3,Padelbaan 4"
2026-05-16T08:45:40.507828,Terwegen,09:00,8,6,75.0,"booked: Padelbaan 1 (Panorama court),Padelbaan 2,Padelbaan 3,Padelbaan 4,Padelbaan 5,Padelbaan 8; available: Padelbaan 6,Padelbaan 7"
2026-05-16T08:45:40.507828,Vinkenveld,09:00,4,1,25.0,"booked: Padelbaan 4; available: Padelbaan 1 / PURE Tennis & Padel,Padelbaan 2,Padelbaan 3"
2026-05-16T09:15:43.743312,Terwegen,09:30,8,7,87.5,"booked: Padelbaan 1 (Panorama court),Padelbaan 2,Padelbaan 3,Padelbaan 5,Padelbaan 6,Padelbaan 7,Padelbaan 8; available: Padelbaan 4"
2026-05-16T09:15:43.743312,Vinkenveld,09:30,4,2,50.0,"booked: Padelbaan 1 / PURE Tennis & Padel,Padelbaan 4; available: Padelbaan 2,Padelbaan 3"
2026-05-16T09:45:48.228136,Terwegen,10:00,8,8,100.0,"booked: Padelbaan 1 (Panorama court),Padelbaan 2,Padelbaan 3,Padelbaan 4,Padelbaan 5,Padelbaan 6,Padelbaan 7,Padelbaan 8"
2026-05-16T09:45:48.228136,Vinkenveld,10:00,4,3,75.0,"booked: Padelbaan 1 / PURE Tennis & Padel,Padelbaan 3,Padelbaan 4; available: Padelbaan 2"
2026-05-16T10:15:50.443731,Terwegen,10:30,8,7,87.5,"booked: Padelbaan 1 (Panorama court),Padelbaan 3,Padelbaan 4,Padelbaan 5,Padelbaan 6,Padelbaan 7,Padelbaan 8; available: Padelbaan 2"
2026-05-16T10:15:50.443731,Vinkenveld,10:30,4,3,75.0,"booked: Padelbaan 1 / PURE Tennis & Padel,Padelbaan 3,Padelbaan 4; available: Padelbaan 2"
2026-05-16T10:45:47.433127,Terwegen,11:00,8,6,75.0,"booked: Padelbaan 1 (Panorama court),Padelbaan 2,Padelbaan 3,Padelbaan 4,Padelbaan 5,Padelbaan 6; available: Padelbaan 7,Padelbaan 8"
2026-05-16T10:45:47.433127,Vinkenveld,11:00,4,3,75.0,"booked: Padelbaan 1 / PURE Tennis & Padel,Padelbaan 3,Padelbaan 4; available: Padelbaan 2"
2026-05-16T11:15:47.868751,Terwegen,11:30,8,5,62.5,"booked: Padelbaan 1 (Panorama court),Padelbaan 3,Padelbaan 5,Padelbaan 7,Padelbaan 8; available: Padelbaan 2,Padelbaan 4,Padelbaan 6"
2026-05-16T11:15:47.868751,Vinkenveld,11:30,4,3,75.0,"booked: Padelbaan 1 / PURE Tennis & Padel,Padelbaan 2,Padelbaan 4; available: Padelbaan 3"
2026-05-16T11:45:46.468485,Terwegen,12:00,8,5,62.5,"booked: Padelbaan 1 (Panorama court),Padelbaan 4,Padelbaan 5,Padelbaan 6,Padelbaan 7; available: Padelbaan 2,Padelbaan 3,Padelbaan 8"
2026-05-16T11:45:46.468485,Vinkenveld,12:00,4,3,75.0,"booked: Padelbaan 1 / PURE Tennis & Padel,Padelbaan 2,Padelbaan 4; available: Padelbaan 3"
2026-05-16T12:15:39.104657,Terwegen,12:30,8,7,87.5,"booked: Padelbaan 1 (Panorama court),Padelbaan 2,Padelbaan 3,Padelbaan 5,Padelbaan 6,Padelbaan 7,Padelbaan 8; available: Padelbaan 4"
2026-05-16T12:15:39.104657,Vinkenveld,12:30,4,2,50.0,"booked: Padelbaan 2,Padelbaan 4; available: Padelbaan 1 / PURE Tennis & Padel,Padelbaan 3"
2026-05-16T12:45:39.819857,Terwegen,13:00,8,2,25.0,"booked: Padelbaan 7,Padelbaan 8; available: Padelbaan 1 (Panorama court),Padelbaan 2,Padelbaan 3,Padelbaan 4,Padelbaan 5,Padelbaan 6"
2026-05-16T12:45:39.819857,Vinkenveld,13:00,4,0,0.0,"available: Padelbaan 1 / PURE Tennis & Padel,Padelbaan 2,Padelbaan 3,Padelbaan 4"
2026-05-16T13:15:53.690225,Terwegen,13:30,8,8,100.0,"booked: Padelbaan 1 (Panorama court),Padelbaan 2,Padelbaan 3,Padelbaan 4,Padelbaan 5,Padelbaan 6,Padelbaan 7,Padelbaan 8"
2026-05-16T13:15:53.690225,Vinkenveld,13:30,4,0,0.0,"available: Padelbaan 1 / PURE Tennis & Padel,Padelbaan 2,Padelbaan 3,Padelbaan 4"
2026-05-16T13:45:51.234170,Terwegen,14:00,8,6,75.0,"booked: Padelbaan 2,Padelbaan 3,Padelbaan 5,Padelbaan 6,Padelbaan 7,Padelbaan 8; available: Padelbaan 1 (Panorama court),Padelbaan 4"
2026-05-16T13:45:51.234170,Vinkenveld,14:00,4,0,0.0,"available: Padelbaan 1 / PURE Tennis & Padel,Padelbaan 2,Padelbaan 3,Padelbaan 4"
2026-05-16T14:15:39.279635,Terwegen,14:30,8,6,75.0,"booked: Padelbaan 1 (Panorama court),Padelbaan 2,Padelbaan 3,Padelbaan 4,Padelbaan 5,Padelbaan 6; available: Padelbaan 7,Padelbaan 8"
2026-05-16T14:15:39.279635,Vinkenveld,14:30,4,0,0.0,"available: Padelbaan 1 / PURE Tennis & Padel,Padelbaan 2,Padelbaan 3,Padelbaan 4"
2026-05-16T14:45:41.498137,Terwegen,15:00,8,8,100.0,"booked: Padelbaan 1 (Panorama court),Padelbaan 2,Padelbaan 3,Padelbaan 4,Padelbaan 5,Padelbaan 6,Padelbaan 7,Padelbaan 8"
2026-05-16T14:45:41.498137,Vinkenveld,15:00,4,0,0.0,"available: Padelbaan 1 / PURE Tennis & Padel,Padelbaan 2,Padelbaan 3,Padelbaan 4"
2026-05-16T15:15:39.687320,Terwegen,15:30,8,7,87.5,"booked: Padelbaan 1 (Panorama court),Padelbaan 2,Padelbaan 3,Padelbaan 4,Padelbaan 5,Padelbaan 6,Padelbaan 8; available: Padelbaan 7"
2026-05-16T15:15:39.687320,Vinkenveld,15:30,4,1,25.0,"booked: Padelbaan 3; available: Padelbaan 1 / PURE Tennis & Padel,Padelbaan 2,Padelbaan 4"
2026-05-16T15:45:45.349261,Terwegen,16:00,8,8,100.0,"booked: Padelbaan 1 (Panorama court),Padelbaan 2,Padelbaan 3,Padelbaan 4,Padelbaan 5,Padelbaan 6,Padelbaan 7,Padelbaan 8"
2026-05-16T15:45:45.349261,Vinkenveld,16:00,4,2,50.0,"booked: Padelbaan 2,Padelbaan 3; available: Padelbaan 1 / PURE Tennis & Padel,Padelbaan 4"
2026-05-16T16:15:47.700556,Terwegen,16:30,8,8,100.0,"booked: Padelbaan 1 (Panorama court),Padelbaan 2,Padelbaan 3,Padelbaan 4,Padelbaan 5,Padelbaan 6,Padelbaan 7,Padelbaan 8"
2026-05-16T16:15:47.700556,Vinkenveld,16:30,4,2,50.0,"booked: Padelbaan 2,Padelbaan 3; available: Padelbaan 1 / PURE Tennis & Padel,Padelbaan 4"
2026-05-16T16:45:47.129080,Terwegen,17:00,8,5,62.5,"booked: Padelbaan 1 (Panorama court),Padelbaan 2,Padelbaan 3,Padelbaan 4,Padelbaan 7; available: Padelbaan 5,Padelbaan 6,Padelbaan 8"
2026-05-16T16:45:47.129080,Vinkenveld,17:00,4,1,25.0,"booked: Padelbaan 2; available: Padelbaan 1 / PURE Tennis & Padel,Padelbaan 3,Padelbaan 4"
2026-05-16T17:15:40.099677,Terwegen,17:30,8,5,62.5,"booked: Padelbaan 1 (Panorama court),Padelbaan 4,Padelbaan 5,Padelbaan 6,Padelbaan 8; available: Padelbaan 2,Padelbaan 3,Padelbaan 7"
2026-05-16T17:15:40.099677,Vinkenveld,17:30,4,1,25.0,"booked: Padelbaan 2; available: Padelbaan 1 / PURE Tennis & Padel,Padelbaan 3,Padelbaan 4"
2026-05-16T17:45:43.640942,Terwegen,18:00,8,3,37.5,"booked: Padelbaan 2,Padelbaan 3,Padelbaan 7; available: Padelbaan 1 (Panorama court),Padelbaan 4,Padelbaan 5,Padelbaan 6,Padelbaan 8"
2026-05-16T17:45:43.640942,Vinkenveld,18:00,4,0,0.0,"available: Padelbaan 1 / PURE Tennis & Padel,Padelbaan 2,Padelbaan 3,Padelbaan 4"
2026-05-16T18:15:41.039601,Terwegen,18:30,8,8,100.0,"booked: Padelbaan 1 (Panorama court),Padelbaan 2,Padelbaan 3,Padelbaan 4,Padelbaan 5,Padelbaan 6,Padelbaan 7,Padelbaan 8"
2026-05-16T18:15:41.039601,Vinkenveld,18:30,4,0,0.0,"available: Padelbaan 1 / PURE Tennis & Padel,Padelbaan 2,Padelbaan 3,Padelbaan 4"
2026-05-16T18:45:48.184306,Terwegen,19:00,8,1,12.5,"booked: Padelbaan 6; available: Padelbaan 1 (Panorama court),Padelbaan 2,Padelbaan 3,Padelbaan 4,Padelbaan 5,Padelbaan 7,Padelbaan 8"
2026-05-16T18:45:48.184306,Vinkenveld,19:00,4,0,0.0,"available: Padelbaan 1 / PURE Tennis & Padel,Padelbaan 2,Padelbaan 3,Padelbaan 4"
2026-05-16T19:15:43.062417,Vinkenveld,19:30,4,0,0.0,"available: Padelbaan 1 / PURE Tennis & Padel,Padelbaan 2,Padelbaan 3,Padelbaan 4"
2026-05-16T19:45:46.364343,Vinkenveld,20:00,4,0,0.0,"available: Padelbaan 1 / PURE Tennis & Padel,Padelbaan 2,Padelbaan 3,Padelbaan 4"
2026-05-16T20:15:41.029294,Vinkenveld,20:30,4,0,0.0,"available: Padelbaan 1 / PURE Tennis & Padel,Padelbaan 2,Padelbaan 3,Padelbaan 4"
2026-05-16T20:45:45.473823,Vinkenveld,21:00,4,0,0.0,"available: Padelbaan 1 / PURE Tennis & Padel,Padelbaan 2,Padelbaan 3,Padelbaan 4"
2026-05-16T21:15:44.614690,Vinkenveld,21:30,4,4,100.0,"booked: Padelbaan 1 / PURE Tennis & Padel,Padelbaan 2,Padelbaan 3,Padelbaan 4"
2026-05-16T21:45:48.941402,Vinkenveld,22:00,4,4,100.0,"booked: Padelbaan 1 / PURE Tennis & Padel,Padelbaan 2,Padelbaan 3,Padelbaan 4"
2026-05-16T23:45:40.163846,Terwegen,00:00,8,8,100.0,"booked: Padelbaan 1 (Panorama court),Padelbaan 2,Padelbaan 3,Padelbaan 4,Padelbaan 5,Padelbaan 6,Padelbaan 7,Padelbaan 8"
2026-05-16T23:45:40.163846,Vinkenveld,00:00,4,4,100.0,"booked: Padelbaan 1 / PURE Tennis & Padel,Padelbaan 2,Padelbaan 3,Padelbaan 4"
2026-05-17T00:15:39.526313,Terwegen,00:30,8,8,100.0,"booked: Padelbaan 1 (Panorama court),Padelbaan 2,Padelbaan 3,Padelbaan 4,Padelbaan 5,Padelbaan 6,Padelbaan 7,Padelbaan 8"
2026-05-17T00:15:39.526313,Vinkenveld,00:30,4,4,100.0,"booked: Padelbaan 1 / PURE Tennis & Padel,Padelbaan 2,Padelbaan 3,Padelbaan 4"
2026-05-17T00:45:44.019365,Terwegen,01:00,8,8,100.0,"booked: Padelbaan 1 (Panorama court),Padelbaan 2,Padelbaan 3,Padelbaan 4,Padelbaan 5,Padelbaan 6,Padelbaan 7,Padelbaan 8"
2026-05-17T00:45:44.019365,Vinkenveld,01:00,4,4,100.0,"booked: Padelbaan 1 / PURE Tennis & Padel,Padelbaan 2,Padelbaan 3,Padelbaan 4"
2026-05-17T01:15:51.553084,Terwegen,01:30,8,8,100.0,"booked: Padelbaan 1 (Panorama court),Padelbaan 2,Padelbaan 3,Padelbaan 4,Padelbaan 5,Padelbaan 6,Padelbaan 7,Padelbaan 8"
2026-05-17T01:15:51.553084,Vinkenveld,01:30,4,4,100.0,"booked: Padelbaan 1 / PURE Tennis & Padel,Padelbaan 2,Padelbaan 3,Padelbaan 4"
2026-05-17T01:45:47.255425,Terwegen,02:00,8,8,100.0,"booked: Padelbaan 1 (Panorama court),Padelbaan 2,Padelbaan 3,Padelbaan 4,Padelbaan 5,Padelbaan 6,Padelbaan 7,Padelbaan 8"
2026-05-17T01:45:47.255425,Vinkenveld,02:00,4,4,100.0,"booked: Padelbaan 1 / PURE Tennis & Padel,Padelbaan 2,Padelbaan 3,Padelbaan 4"
2026-05-17T02:15:39.925341,Terwegen,02:30,8,8,100.0,"booked: Padelbaan 1 (Panorama court),Padelbaan 2,Padelbaan 3,Padelbaan 4,Padelbaan 5,Padelbaan 6,Padelbaan 7,Padelbaan 8"
2026-05-17T02:15:39.925341,Vinkenveld,02:30,4,4,100.0,"booked: Padelbaan 1 / PURE Tennis & Padel,Padelbaan 2,Padelbaan 3,Padelbaan 4"
2026-05-17T02:45:40.505972,Terwegen,03:00,8,8,100.0,"booked: Padelbaan 1 (Panorama court),Padelbaan 2,Padelbaan 3,Padelbaan 4,Padelbaan 5,Padelbaan 6,Padelbaan 7,Padelbaan 8"
2026-05-17T02:45:40.505972,Vinkenveld,03:00,4,4,100.0,"booked: Padelbaan 1 / PURE Tennis & Padel,Padelbaan 2,Padelbaan 3,Padelbaan 4"
2026-05-17T03:15:53.306016,Terwegen,03:30,8,8,100.0,"booked: Padelbaan 1 (Panorama court),Padelbaan 2,Padelbaan 3,Padelbaan 4,Padelbaan 5,Padelbaan 6,Padelbaan 7,Padelbaan 8"
2026-05-17T03:15:53.306016,Vinkenveld,03:30,4,4,100.0,"booked: Padelbaan 1 / PURE Tennis & Padel,Padelbaan 2,Padelbaan 3,Padelbaan 4"
2026-05-17T03:45:45.986109,Terwegen,04:00,8,8,100.0,"booked: Padelbaan 1 (Panorama court),Padelbaan 2,Padelbaan 3,Padelbaan 4,Padelbaan 5,Padelbaan 6,Padelbaan 7,Padelbaan 8"
2026-05-17T03:45:45.986109,Vinkenveld,04:00,4,4,100.0,"booked: Padelbaan 1 / PURE Tennis & Padel,Padelbaan 2,Padelbaan 3,Padelbaan 4"
2026-05-17T04:15:43.142473,Terwegen,04:30,8,8,100.0,"booked: Padelbaan 1 (Panorama court),Padelbaan 2,Padelbaan 3,Padelbaan 4,Padelbaan 5,Padelbaan 6,Padelbaan 7,Padelbaan 8"
2026-05-17T04:15:43.142473,Vinkenveld,04:30,4,4,100.0,"booked: Padelbaan 1 / PURE Tennis & Padel,Padelbaan 2,Padelbaan 3,Padelbaan 4"
2026-05-17T04:45:43.591581,Terwegen,05:00,8,8,100.0,"booked: Padelbaan 1 (Panorama court),Padelbaan 2,Padelbaan 3,Padelbaan 4,Padelbaan 5,Padelbaan 6,Padelbaan 7,Padelbaan 8"
2026-05-17T04:45:43.591581,Vinkenveld,05:00,4,4,100.0,"booked: Padelbaan 1 / PURE Tennis & Padel,Padelbaan 2,Padelbaan 3,Padelbaan 4"
2026-05-17T05:15:47.017636,Terwegen,05:30,8,8,100.0,"booked: Padelbaan 1 (Panorama court),Padelbaan 2,Padelbaan 3,Padelbaan 4,Padelbaan 5,Padelbaan 6,Padelbaan 7,Padelbaan 8"
2026-05-17T05:15:47.017636,Vinkenveld,05:30,4,4,100.0,"booked: Padelbaan 1 / PURE Tennis & Padel,Padelbaan 2,Padelbaan 3,Padelbaan 4"
2026-05-17T05:45:49.889238,Terwegen,06:00,8,8,100.0,"booked: Padelbaan 1 (Panorama court),Padelbaan 2,Padelbaan 3,Padelbaan 4,Padelbaan 5,Padelbaan 6,Padelbaan 7,Padelbaan 8"
2026-05-17T05:45:49.889238,Vinkenveld,06:00,4,4,100.0,"booked: Padelbaan 1 / PURE Tennis & Padel,Padelbaan 2,Padelbaan 3,Padelbaan 4"
2026-05-17T06:15:45.767478,Terwegen,06:30,8,8,100.0,"booked: Padelbaan 1 (Panorama court),Padelbaan 2,Padelbaan 3,Padelbaan 4,Padelbaan 5,Padelbaan 6,Padelbaan 7,Padelbaan 8"
2026-05-17T06:15:45.767478,Vinkenveld,06:30,4,4,100.0,"booked: Padelbaan 1 / PURE Tennis & Padel,Padelbaan 2,Padelbaan 3,Padelbaan 4"
2026-05-17T06:45:44.117447,Terwegen,07:00,8,8,100.0,"booked: Padelbaan 1 (Panorama court),Padelbaan 2,Padelbaan 3,Padelbaan 4,Padelbaan 5,Padelbaan 6,Padelbaan 7,Padelbaan 8"
2026-05-17T06:45:44.117447,Vinkenveld,07:00,4,4,100.0,"booked: Padelbaan 1 / PURE Tennis & Padel,Padelbaan 2,Padelbaan 3,Padelbaan 4"
2026-05-17T07:15:44.712362,Terwegen,07:30,8,8,100.0,"booked: Padelbaan 1 (Panorama court),Padelbaan 2,Padelbaan 3,Padelbaan 4,Padelbaan 5,Padelbaan 6,Padelbaan 7,Padelbaan 8"
2026-05-17T07:15:44.712362,Vinkenveld,07:30,4,4,100.0,"booked: Padelbaan 1 / PURE Tennis & Padel,Padelbaan 2,Padelbaan 3,Padelbaan 4"
2026-05-17T07:45:52.486275,Terwegen,08:00,8,5,62.5,"booked: Padelbaan 1 (Panorama court),Padelbaan 2,Padelbaan 3,Padelbaan 6,Padelbaan 7; available: Padelbaan 4,Padelbaan 5,Padelbaan 8"
2026-05-17T07:45:52.486275,Vinkenveld,08:00,4,1,25.0,"booked: Padelbaan 3; available: Padelbaan 1 / PURE Tennis & Padel,Padelbaan 2,Padelbaan 4"
2026-05-17T08:15:39.914060,Terwegen,08:30,8,6,75.0,"booked: Padelbaan 1 (Panorama court),Padelbaan 3,Padelbaan 4,Padelbaan 5,Padelbaan 6,Padelbaan 8; available: Padelbaan 2,Padelbaan 7"
2026-05-17T08:15:39.914060,Vinkenveld,08:30,4,2,50.0,"booked: Padelbaan 3,Padelbaan 4; available: Padelbaan 1 / PURE Tennis & Padel,Padelbaan 2"
2026-05-17T08:45:47.644674,Terwegen,09:00,8,6,75.0,"booked: Padelbaan 1 (Panorama court),Padelbaan 2,Padelbaan 3,Padelbaan 5,Padelbaan 6,Padelbaan 7; available: Padelbaan 4,Padelbaan 8"
2026-05-17T08:45:47.644674,Vinkenveld,09:00,4,2,50.0,"booked: Padelbaan 3,Padelbaan 4; available: Padelbaan 1 / PURE Tennis & Padel,Padelbaan 2"
2026-05-17T09:15:44.515884,Terwegen,09:30,8,8,100.0,"booked: Padelbaan 1 (Panorama court),Padelbaan 2,Padelbaan 3,Padelbaan 4,Padelbaan 5,Padelbaan 6,Padelbaan 7,Padelbaan 8"
2026-05-17T09:15:44.515884,Vinkenveld,09:30,4,4,100.0,"booked: Padelbaan 1 / PURE Tennis & Padel,Padelbaan 2,Padelbaan 3,Padelbaan 4"
2026-05-17T09:45:39.775464,Terwegen,10:00,8,8,100.0,"booked: Padelbaan 1 (Panorama court),Padelbaan 2,Padelbaan 3,Padelbaan 4,Padelbaan 5,Padelbaan 6,Padelbaan 7,Padelbaan 8"
2026-05-17T09:45:39.775464,Vinkenveld,10:00,4,4,100.0,"booked: Padelbaan 1 / PURE Tennis & Padel,Padelbaan 2,Padelbaan 3,Padelbaan 4"
2026-05-17T10:15:48.614052,Terwegen,10:30,8,8,100.0,"booked: Padelbaan 1 (Panorama court),Padelbaan 2,Padelbaan 3,Padelbaan 4,Padelbaan 5,Padelbaan 6,Padelbaan 7,Padelbaan 8"
2026-05-17T10:15:48.614052,Vinkenveld,10:30,4,4,100.0,"booked: Padelbaan 1 / PURE Tennis & Padel,Padelbaan 2,Padelbaan 3,Padelbaan 4"
2026-05-17T10:45:46.200761,Terwegen,11:00,8,8,100.0,"booked: Padelbaan 1 (Panorama court),Padelbaan 2,Padelbaan 3,Padelbaan 4,Padelbaan 5,Padelbaan 6,Padelbaan 7,Padelbaan 8"
2026-05-17T10:45:46.200761,Vinkenveld,11:00,4,4,100.0,"booked: Padelbaan 1 / PURE Tennis & Padel,Padelbaan 2,Padelbaan 3,Padelbaan 4"
2026-05-17T11:15:41.127632,Terwegen,11:30,8,6,75.0,"booked: Padelbaan 1 (Panorama court),Padelbaan 3,Padelbaan 4,Padelbaan 6,Padelbaan 7,Padelbaan 8; available: Padelbaan 2,Padelbaan 5"
2026-05-17T11:15:41.127632,Vinkenveld,11:30,4,4,100.0,"booked: Padelbaan 1 / PURE Tennis & Padel,Padelbaan 2,Padelbaan 3,Padelbaan 4"
2026-05-17T11:45:46.499579,Terwegen,12:00,8,8,100.0,"booked: Padelbaan 1 (Panorama court),Padelbaan 2,Padelbaan 3,Padelbaan 4,Padelbaan 5,Padelbaan 6,Padelbaan 7,Padelbaan 8"
2026-05-17T11:45:46.499579,Vinkenveld,12:00,4,4,100.0,"booked: Padelbaan 1 / PURE Tennis & Padel,Padelbaan 2,Padelbaan 3,Padelbaan 4"
2026-05-17T12:15:43.185828,Terwegen,12:30,8,8,100.0,"booked: Padelbaan 1 (Panorama court),Padelbaan 2,Padelbaan 3,Padelbaan 4,Padelbaan 5,Padelbaan 6,Padelbaan 7,Padelbaan 8"
2026-05-17T12:15:43.185828,Vinkenveld,12:30,4,4,100.0,"booked: Padelbaan 1 / PURE Tennis & Padel,Padelbaan 2,Padelbaan 3,Padelbaan 4"
2026-05-17T12:45:47.752067,Terwegen,13:00,8,6,75.0,"booked: Padelbaan 1 (Panorama court),Padelbaan 2,Padelbaan 5,Padelbaan 6,Padelbaan 7,Padelbaan 8; available: Padelbaan 3,Padelbaan 4"
2026-05-17T12:45:47.752067,Vinkenveld,13:00,4,2,50.0,"booked: Padelbaan 2,Padelbaan 3; available: Padelbaan 1 / PURE Tennis & Padel,Padelbaan 4"
2026-05-17T13:15:40.022607,Terwegen,13:30,8,8,100.0,"booked: Padelbaan 1 (Panorama court),Padelbaan 2,Padelbaan 3,Padelbaan 4,Padelbaan 5,Padelbaan 6,Padelbaan 7,Padelbaan 8"
2026-05-17T13:15:40.022607,Vinkenveld,13:30,4,2,50.0,"booked: Padelbaan 2,Padelbaan 3; available: Padelbaan 1 / PURE Tennis & Padel,Padelbaan 4"
2026-05-17T13:45:44.857061,Terwegen,14:00,8,8,100.0,"booked: Padelbaan 1 (Panorama court),Padelbaan 2,Padelbaan 3,Padelbaan 4,Padelbaan 5,Padelbaan 6,Padelbaan 7,Padelbaan 8"
2026-05-17T13:45:44.857061,Vinkenveld,14:00,4,2,50.0,"booked: Padelbaan 2,Padelbaan 3; available: Padelbaan 1 / PURE Tennis & Padel,Padelbaan 4"
2026-05-17T14:15:51.176389,Terwegen,14:30,8,8,100.0,"booked: Padelbaan 1 (Panorama court),Padelbaan 2,Padelbaan 3,Padelbaan 4,Padelbaan 5,Padelbaan 6,Padelbaan 7,Padelbaan 8"
2026-05-17T14:15:51.176389,Vinkenveld,14:30,4,0,0.0,"available: Padelbaan 1 / PURE Tennis & Padel,Padelbaan 2,Padelbaan 3,Padelbaan 4"
2026-05-17T14:45:55.819520,Terwegen,15:00,8,8,100.0,"booked: Padelbaan 1 (Panorama court),Padelbaan 2,Padelbaan 3,Padelbaan 4,Padelbaan 5,Padelbaan 6,Padelbaan 7,Padelbaan 8"
2026-05-17T14:45:55.819520,Vinkenveld,15:00,4,0,0.0,"available: Padelbaan 1 / PURE Tennis & Padel,Padelbaan 2,Padelbaan 3,Padelbaan 4"
2026-05-17T15:15:42.355836,Terwegen,15:30,8,8,100.0,"booked: Padelbaan 1 (Panorama court),Padelbaan 2,Padelbaan 3,Padelbaan 4,Padelbaan 5,Padelbaan 6,Padelbaan 7,Padelbaan 8"
2026-05-17T15:15:42.355836,Vinkenveld,15:30,4,1,25.0,"booked: Padelbaan 1 / PURE Tennis & Padel; available: Padelbaan 2,Padelbaan 3,Padelbaan 4"
2026-05-17T15:45:40.314592,Terwegen,16:00,8,8,100.0,"booked: Padelbaan 1 (Panorama court),Padelbaan 2,Padelbaan 3,Padelbaan 4,Padelbaan 5,Padelbaan 6,Padelbaan 7,Padelbaan 8"
2026-05-17T15:45:40.314592,Vinkenveld,16:00,4,1,25.0,"booked: Padelbaan 1 / PURE Tennis & Padel; available: Padelbaan 2,Padelbaan 3,Padelbaan 4"
2026-05-17T16:15:42.308529,Terwegen,16:30,8,8,100.0,"booked: Padelbaan 1 (Panorama court),Padelbaan 2,Padelbaan 3,Padelbaan 4,Padelbaan 5,Padelbaan 6,Padelbaan 7,Padelbaan 8"
2026-05-17T16:15:42.308529,Vinkenveld,16:30,4,3,75.0,"booked: Padelbaan 1 / PURE Tennis & Padel,Padelbaan 2,Padelbaan 4; available: Padelbaan 3"
2026-05-17T16:45:41.805709,Terwegen,17:00,8,8,100.0,"booked: Padelbaan 1 (Panorama court),Padelbaan 2,Padelbaan 3,Padelbaan 4,Padelbaan 5,Padelbaan 6,Padelbaan 7,Padelbaan 8"
2026-05-17T16:45:41.805709,Vinkenveld,17:00,4,3,75.0,"booked: Padelbaan 2,Padelbaan 3,Padelbaan 4; available: Padelbaan 1 / PURE Tennis & Padel"
2026-05-17T17:15:40.402435,Terwegen,17:30,8,8,100.0,"booked: Padelbaan 1 (Panorama court),Padelbaan 2,Padelbaan 3,Padelbaan 4,Padelbaan 5,Padelbaan 6,Padelbaan 7,Padelbaan 8"
2026-05-17T17:15:40.402435,Vinkenveld,17:30,4,3,75.0,"booked: Padelbaan 2,Padelbaan 3,Padelbaan 4; available: Padelbaan 1 / PURE Tennis & Padel"
2026-05-17T17:45:46.735467,Terwegen,18:00,8,2,25.0,"booked: Padelbaan 2,Padelbaan 3; available: Padelbaan 1 (Panorama court),Padelbaan 4,Padelbaan 5,Padelbaan 6,Padelbaan 7,Padelbaan 8"
2026-05-17T17:45:46.735467,Vinkenveld,18:00,4,3,75.0,"booked: Padelbaan 2,Padelbaan 3,Padelbaan 4; available: Padelbaan 1 / PURE Tennis & Padel"
2026-05-17T18:15:45.815457,Vinkenveld,18:30,4,2,50.0,"booked: Padelbaan 2,Padelbaan 3; available: Padelbaan 1 / PURE Tennis & Padel,Padelbaan 4"
2026-05-17T18:45:46.384808,Vinkenveld,19:00,4,3,75.0,"booked: Padelbaan 2,Padelbaan 3,Padelbaan 4; available: Padelbaan 1 / PURE Tennis & Padel"
2026-05-17T19:15:40.431078,Vinkenveld,19:30,4,3,75.0,"booked: Padelbaan 2,Padelbaan 3,Padelbaan 4; available: Padelbaan 1 / PURE Tennis & Padel"
2026-05-17T19:45:50.066268,Vinkenveld,20:00,4,3,75.0,"booked: Padelbaan 2,Padelbaan 3,Padelbaan 4; available: Padelbaan 1 / PURE Tennis & Padel"
2026-05-17T20:15:43.364723,Vinkenveld,20:30,4,2,50.0,"booked: Padelbaan 2,Padelbaan 3; available: Padelbaan 1 / PURE Tennis & Padel,Padelbaan 4"
2026-05-17T20:45:42.824565,Vinkenveld,21:00,4,1,25.0,"booked: Padelbaan 2; available: Padelbaan 1 / PURE Tennis & Padel,Padelbaan 3,Padelbaan 4"
2026-05-17T21:15:45.730359,Vinkenveld,21:30,4,4,100.0,"booked: Padelbaan 1 / PURE Tennis & Padel,Padelbaan 2,Padelbaan 3,Padelbaan 4"
2026-05-17T21:45:42.338049,Vinkenveld,22:00,4,4,100.0,"booked: Padelbaan 1 / PURE Tennis & Padel,Padelbaan 2,Padelbaan 3,Padelbaan 4"
2026-05-17T23:45:43.580548,Terwegen,00:00,8,8,100.0,"booked: Padelbaan 1 (Panorama court),Padelbaan 2,Padelbaan 3,Padelbaan 4,Padelbaan 5,Padelbaan 6,Padelbaan 7,Padelbaan 8"
2026-05-17T23:45:43.580548,Vinkenveld,00:00,4,4,100.0,"booked: Padelbaan 1 / PURE Tennis & Padel,Padelbaan 2,Padelbaan 3,Padelbaan 4"
2026-05-18T00:15:39.129513,Terwegen,00:30,8,8,100.0,"booked: Padelbaan 1 (Panorama court),Padelbaan 2,Padelbaan 3,Padelbaan 4,Padelbaan 5,Padelbaan 6,Padelbaan 7,Padelbaan 8"
2026-05-18T00:15:39.129513,Vinkenveld,00:30,4,4,100.0,"booked: Padelbaan 1 / PURE Tennis & Padel,Padelbaan 2,Padelbaan 3,Padelbaan 4"
2026-05-18T00:45:40.336908,Terwegen,01:00,8,8,100.0,"booked: Padelbaan 1 (Panorama court),Padelbaan 2,Padelbaan 3,Padelbaan 4,Padelbaan 5,Padelbaan 6,Padelbaan 7,Padelbaan 8"
2026-05-18T00:45:40.336908,Vinkenveld,01:00,4,4,100.0,"booked: Padelbaan 1 / PURE Tennis & Padel,Padelbaan 2,Padelbaan 3,Padelbaan 4"
2026-05-18T01:15:46.858472,Terwegen,01:30,8,8,100.0,"booked: Padelbaan 1 (Panorama court),Padelbaan 2,Padelbaan 3,Padelbaan 4,Padelbaan 5,Padelbaan 6,Padelbaan 7,Padelbaan 8"
2026-05-18T01:15:46.858472,Vinkenveld,01:30,4,4,100.0,"booked: Padelbaan 1 / PURE Tennis & Padel,Padelbaan 2,Padelbaan 3,Padelbaan 4"
2026-05-18T01:45:46.289863,Terwegen,02:00,8,8,100.0,"booked: Padelbaan 1 (Panorama court),Padelbaan 2,Padelbaan 3,Padelbaan 4,Padelbaan 5,Padelbaan 6,Padelbaan 7,Padelbaan 8"
2026-05-18T01:45:46.289863,Vinkenveld,02:00,4,4,100.0,"booked: Padelbaan 1 / PURE Tennis & Padel,Padelbaan 2,Padelbaan 3,Padelbaan 4"
2026-05-18T02:15:50.080054,Terwegen,02:30,8,8,100.0,"booked: Padelbaan 1 (Panorama court),Padelbaan 2,Padelbaan 3,Padelbaan 4,Padelbaan 5,Padelbaan 6,Padelbaan 7,Padelbaan 8"
2026-05-18T02:15:50.080054,Vinkenveld,02:30,4,4,100.0,"booked: Padelbaan 1 / PURE Tennis & Padel,Padelbaan 2,Padelbaan 3,Padelbaan 4"
2026-05-18T02:45:42.723933,Terwegen,03:00,8,8,100.0,"booked: Padelbaan 1 (Panorama court),Padelbaan 2,Padelbaan 3,Padelbaan 4,Padelbaan 5,Padelbaan 6,Padelbaan 7,Padelbaan 8"
2026-05-18T02:45:42.723933,Vinkenveld,03:00,4,4,100.0,"booked: Padelbaan 1 / PURE Tennis & Padel,Padelbaan 2,Padelbaan 3,Padelbaan 4"
2026-05-18T03:15:51.047906,Terwegen,03:30,8,8,100.0,"booked: Padelbaan 1 (Panorama court),Padelbaan 2,Padelbaan 3,Padelbaan 4,Padelbaan 5,Padelbaan 6,Padelbaan 7,Padelbaan 8"
2026-05-18T03:15:51.047906,Vinkenveld,03:30,4,4,100.0,"booked: Padelbaan 1 / PURE Tennis & Padel,Padelbaan 2,Padelbaan 3,Padelbaan 4"
2026-05-18T03:45:40.689764,Terwegen,04:00,8,8,100.0,"booked: Padelbaan 1 (Panorama court),Padelbaan 2,Padelbaan 3,Padelbaan 4,Padelbaan 5,Padelbaan 6,Padelbaan 7,Padelbaan 8"
2026-05-18T03:45:40.689764,Vinkenveld,04:00,4,4,100.0,"booked: Padelbaan 1 / PURE Tennis & Padel,Padelbaan 2,Padelbaan 3,Padelbaan 4"
2026-05-18T04:15:50.354589,Terwegen,04:30,8,8,100.0,"booked: Padelbaan 1 (Panorama court),Padelbaan 2,Padelbaan 3,Padelbaan 4,Padelbaan 5,Padelbaan 6,Padelbaan 7,Padelbaan 8"
2026-05-18T04:15:50.354589,Vinkenveld,04:30,4,4,100.0,"booked: Padelbaan 1 / PURE Tennis & Padel,Padelbaan 2,Padelbaan 3,Padelbaan 4"
2026-05-18T04:45:40.842311,Terwegen,05:00,8,8,100.0,"booked: Padelbaan 1 (Panorama court),Padelbaan 2,Padelbaan 3,Padelbaan 4,Padelbaan 5,Padelbaan 6,Padelbaan 7,Padelbaan 8"
2026-05-18T04:45:40.842311,Vinkenveld,05:00,4,4,100.0,"booked: Padelbaan 1 / PURE Tennis & Padel,Padelbaan 2,Padelbaan 3,Padelbaan 4"
2026-05-18T05:15:48.653250,Terwegen,05:30,8,8,100.0,"booked: Padelbaan 1 (Panorama court),Padelbaan 2,Padelbaan 3,Padelbaan 4,Padelbaan 5,Padelbaan 6,Padelbaan 7,Padelbaan 8"
2026-05-18T05:15:48.653250,Vinkenveld,05:30,4,4,100.0,"booked: Padelbaan 1 / PURE Tennis & Padel,Padelbaan 2,Padelbaan 3,Padelbaan 4"
2026-05-18T05:45:43.506984,Terwegen,06:00,8,8,100.0,"booked: Padelbaan 1 (Panorama court),Padelbaan 2,Padelbaan 3,Padelbaan 4,Padelbaan 5,Padelbaan 6,Padelbaan 7,Padelbaan 8"
2026-05-18T05:45:43.506984,Vinkenveld,06:00,4,4,100.0,"booked: Padelbaan 1 / PURE Tennis & Padel,Padelbaan 2,Padelbaan 3,Padelbaan 4"
2026-05-18T06:15:49.280182,Terwegen,06:30,8,8,100.0,"booked: Padelbaan 1 (Panorama court),Padelbaan 2,Padelbaan 3,Padelbaan 4,Padelbaan 5,Padelbaan 6,Padelbaan 7,Padelbaan 8"
2026-05-18T06:15:49.280182,Vinkenveld,06:30,4,4,100.0,"booked: Padelbaan 1 / PURE Tennis & Padel,Padelbaan 2,Padelbaan 3,Padelbaan 4"
2026-05-18T06:45:47.737364,Terwegen,07:00,8,8,100.0,"booked: Padelbaan 1 (Panorama court),Padelbaan 2,Padelbaan 3,Padelbaan 4,Padelbaan 5,Padelbaan 6,Padelbaan 7,Padelbaan 8"
2026-05-18T06:45:47.737364,Vinkenveld,07:00,4,4,100.0,"booked: Padelbaan 1 / PURE Tennis & Padel,Padelbaan 2,Padelbaan 3,Padelbaan 4"
2026-05-18T07:15:49.089967,Terwegen,07:30,8,8,100.0,"booked: Padelbaan 1 (Panorama court),Padelbaan 2,Padelbaan 3,Padelbaan 4,Padelbaan 5,Padelbaan 6,Padelbaan 7,Padelbaan 8"
2026-05-18T07:15:49.089967,Vinkenveld,07:30,4,4,100.0,"booked: Padelbaan 1 / PURE Tennis & Padel,Padelbaan 2,Padelbaan 3,Padelbaan 4"
2026-05-18T07:45:49.071881,Terwegen,08:00,8,0,0.0,"available: Padelbaan 1 (Panorama court),Padelbaan 2,Padelbaan 3,Padelbaan 4,Padelbaan 5,Padelbaan 6,Padelbaan 7,Padelbaan 8"
2026-05-18T07:45:49.071881,Vinkenveld,08:00,4,0,0.0,"available: Padelbaan 1 / PURE Tennis & Padel,Padelbaan 2,Padelbaan 3,Padelbaan 4"
2026-05-18T08:15:53.943393,Terwegen,08:30,8,3,37.5,"booked: Padelbaan 1 (Panorama court),Padelbaan 3,Padelbaan 6; available: Padelbaan 2,Padelbaan 4,Padelbaan 5,Padelbaan 7,Padelbaan 8"
2026-05-18T08:15:53.943393,Vinkenveld,08:30,4,0,0.0,"available: Padelbaan 1 / PURE Tennis & Padel,Padelbaan 2,Padelbaan 3,Padelbaan 4"
2026-05-18T08:45:48.935711,Terwegen,09:00,8,1,12.5,"booked: Padelbaan 6; available: Padelbaan 1 (Panorama court),Padelbaan 2,Padelbaan 3,Padelbaan 4,Padelbaan 5,Padelbaan 7,Padelbaan 8"
2026-05-18T08:45:48.935711,Vinkenveld,09:00,4,1,25.0,"booked: Padelbaan 4; available: Padelbaan 1 / PURE Tennis & Padel,Padelbaan 2,Padelbaan 3"
2026-05-18T09:15:52.981000,Terwegen,09:30,8,3,37.5,"booked: Padelbaan 1 (Panorama court),Padelbaan 3,Padelbaan 6; available: Padelbaan 2,Padelbaan 4,Padelbaan 5,Padelbaan 7,Padelbaan 8"
2026-05-18T09:15:52.981000,Vinkenveld,09:30,4,1,25.0,"booked: Padelbaan 4; available: Padelbaan 1 / PURE Tennis & Padel,Padelbaan 2,Padelbaan 3"
2026-05-18T09:45:44.728071,Terwegen,10:00,8,2,25.0,"booked: Padelbaan 1 (Panorama court),Padelbaan 3; available: Padelbaan 2,Padelbaan 4,Padelbaan 5,Padelbaan 6,Padelbaan 7,Padelbaan 8"
2026-05-18T09:45:44.728071,Vinkenveld,10:00,4,1,25.0,"booked: Padelbaan 4; available: Padelbaan 1 / PURE Tennis & Padel,Padelbaan 2,Padelbaan 3"
2026-05-18T10:15:45.021260,Terwegen,10:30,8,3,37.5,"booked: Padelbaan 1 (Panorama court),Padelbaan 3,Padelbaan 6; available: Padelbaan 2,Padelbaan 4,Padelbaan 5,Padelbaan 7,Padelbaan 8"
2026-05-18T10:15:45.021260,Vinkenveld,10:30,4,0,0.0,"available: Padelbaan 1 / PURE Tennis & Padel,Padelbaan 2,Padelbaan 3,Padelbaan 4"
2026-05-18T10:45:53.753748,Terwegen,11:00,8,2,25.0,"booked: Padelbaan 1 (Panorama court),Padelbaan 8; available: Padelbaan 2,Padelbaan 3,Padelbaan 4,Padelbaan 5,Padelbaan 6,Padelbaan 7"
2026-05-18T10:45:53.753748,Vinkenveld,11:00,4,0,0.0,"available: Padelbaan 1 / PURE Tennis & Padel,Padelbaan 2,Padelbaan 3,Padelbaan 4"
2026-05-18T11:15:43.259124,Terwegen,11:30,8,1,12.5,"booked: Padelbaan 3; available: Padelbaan 1 (Panorama court),Padelbaan 2,Padelbaan 4,Padelbaan 5,Padelbaan 6,Padelbaan 7,Padelbaan 8"
2026-05-18T11:15:43.259124,Vinkenveld,11:30,4,0,0.0,"available: Padelbaan 1 / PURE Tennis & Padel,Padelbaan 2,Padelbaan 3,Padelbaan 4"
2026-05-18T11:45:48.002135,Terwegen,12:00,8,1,12.5,"booked: Padelbaan 1 (Panorama court); available: Padelbaan 2,Padelbaan 3,Padelbaan 4,Padelbaan 5,Padelbaan 6,Padelbaan 7,Padelbaan 8"
2026-05-18T11:45:48.002135,Vinkenveld,12:00,4,0,0.0,"available: Padelbaan 1 / PURE Tennis & Padel,Padelbaan 2,Padelbaan 3,Padelbaan 4"
2026-05-18T12:15:44.536097,Terwegen,12:30,8,0,0.0,"available: Padelbaan 1 (Panorama court),Padelbaan 2,Padelbaan 3,Padelbaan 4,Padelbaan 5,Padelbaan 6,Padelbaan 7,Padelbaan 8"
2026-05-18T12:15:44.536097,Vinkenveld,12:30,4,0,0.0,"available: Padelbaan 1 / PURE Tennis & Padel,Padelbaan 2,Padelbaan 3,Padelbaan 4"
2026-05-18T12:45:46.671679,Terwegen,13:00,8,0,0.0,"available: Padelbaan 1 (Panorama court),Padelbaan 2,Padelbaan 3,Padelbaan 4,Padelbaan 5,Padelbaan 6,Padelbaan 7,Padelbaan 8"
2026-05-18T12:45:46.671679,Vinkenveld,13:00,4,0,0.0,"available: Padelbaan 1 / PURE Tennis & Padel,Padelbaan 2,Padelbaan 3,Padelbaan 4"
2026-05-18T13:15:44.306471,Terwegen,13:30,8,0,0.0,"available: Padelbaan 1 (Panorama court),Padelbaan 2,Padelbaan 3,Padelbaan 4,Padelbaan 5,Padelbaan 6,Padelbaan 7,Padelbaan 8"
2026-05-18T13:15:44.306471,Vinkenveld,13:30,4,0,0.0,"available: Padelbaan 1 / PURE Tennis & Padel,Padelbaan 2,Padelbaan 3,Padelbaan 4"
2026-05-18T13:45:41.296813,Terwegen,14:00,8,0,0.0,"available: Padelbaan 1 (Panorama court),Padelbaan 2,Padelbaan 3,Padelbaan 4,Padelbaan 5,Padelbaan 6,Padelbaan 7,Padelbaan 8"
2026-05-18T13:45:41.296813,Vinkenveld,14:00,4,0,0.0,"available: Padelbaan 1 / PURE Tennis & Padel,Padelbaan 2,Padelbaan 3,Padelbaan 4"
2026-05-18T14:15:52.707858,Terwegen,14:30,8,0,0.0,"available: Padelbaan 1 (Panorama court),Padelbaan 2,Padelbaan 3,Padelbaan 4,Padelbaan 5,Padelbaan 6,Padelbaan 7,Padelbaan 8"
2026-05-18T14:15:52.707858,Vinkenveld,14:30,4,0,0.0,"available: Padelbaan 1 / PURE Tennis & Padel,Padelbaan 2,Padelbaan 3,Padelbaan 4"
2026-05-18T14:45:49.401667,Terwegen,15:00,8,1,12.5,"booked: Padelbaan 6; available: Padelbaan 1 (Panorama court),Padelbaan 2,Padelbaan 3,Padelbaan 4,Padelbaan 5,Padelbaan 7,Padelbaan 8"
2026-05-18T14:45:49.401667,Vinkenveld,15:00,4,0,0.0,"available: Padelbaan 1 / PURE Tennis & Padel,Padelbaan 2,Padelbaan 3,Padelbaan 4"
2026-05-18T15:15:46.957962,Terwegen,15:30,8,2,25.0,"booked: Padelbaan 5,Padelbaan 6; available: Padelbaan 1 (Panorama court),Padelbaan 2,Padelbaan 3,Padelbaan 4,Padelbaan 7,Padelbaan 8"
2026-05-18T15:15:46.957962,Vinkenveld,15:30,4,0,0.0,"available: Padelbaan 1 / PURE Tennis & Padel,Padelbaan 2,Padelbaan 3,Padelbaan 4"
2026-05-18T15:45:49.003130,Terwegen,16:00,8,4,50.0,"booked: Padelbaan 1 (Panorama court),Padelbaan 3,Padelbaan 6,Padelbaan 8; available: Padelbaan 2,Padelbaan 4,Padelbaan 5,Padelbaan 7"
2026-05-18T15:45:49.003130,Vinkenveld,16:00,4,0,0.0,"available: Padelbaan 1 / PURE Tennis & Padel,Padelbaan 2,Padelbaan 3,Padelbaan 4"
2026-05-18T16:15:53.106322,Terwegen,16:30,8,2,25.0,"booked: Padelbaan 5,Padelbaan 6; available: Padelbaan 1 (Panorama court),Padelbaan 2,Padelbaan 3,Padelbaan 4,Padelbaan 7,Padelbaan 8"
2026-05-18T16:15:53.106322,Vinkenveld,16:30,4,2,50.0,"booked: Padelbaan 1 / PURE Tennis & Padel,Padelbaan 3; available: Padelbaan 2,Padelbaan 4"
2026-05-18T16:45:47.645431,Terwegen,17:00,8,8,100.0,"booked: Padelbaan 1 (Panorama court),Padelbaan 2,Padelbaan 3,Padelbaan 4,Padelbaan 5,Padelbaan 6,Padelbaan 7,Padelbaan 8"
2026-05-18T16:45:47.645431,Vinkenveld,17:00,4,3,75.0,"booked: Padelbaan 1 / PURE Tennis & Padel,Padelbaan 2,Padelbaan 3; available: Padelbaan 4"
2026-05-18T17:15:54.096164,Terwegen,17:30,8,5,62.5,"booked: Padelbaan 1 (Panorama court),Padelbaan 3,Padelbaan 5,Padelbaan 6,Padelbaan 8; available: Padelbaan 2,Padelbaan 4,Padelbaan 7"
2026-05-18T17:15:54.096164,Vinkenveld,17:30,4,4,100.0,"booked: Padelbaan 1 / PURE Tennis & Padel,Padelbaan 2,Padelbaan 3,Padelbaan 4"
2026-05-18T17:45:57.484345,Terwegen,18:00,8,8,100.0,"booked: Padelbaan 1 (Panorama court),Padelbaan 2,Padelbaan 3,Padelbaan 4,Padelbaan 5,Padelbaan 6,Padelbaan 7,Padelbaan 8"
2026-05-18T17:45:57.484345,Vinkenveld,18:00,4,4,100.0,"booked: Padelbaan 1 / PURE Tennis & Padel,Padelbaan 2,Padelbaan 3,Padelbaan 4"
2026-05-18T18:15:57.378816,Terwegen,18:30,8,8,100.0,"booked: Padelbaan 1 (Panorama court),Padelbaan 2,Padelbaan 3,Padelbaan 4,Padelbaan 5,Padelbaan 6,Padelbaan 7,Padelbaan 8"
2026-05-18T18:15:57.378816,Vinkenveld,18:30,4,4,100.0,"booked: Padelbaan 1 / PURE Tennis & Padel,Padelbaan 2,Padelbaan 3,Padelbaan 4"
2026-05-18T18:45:51.073352,Terwegen,19:00,8,8,100.0,"booked: Padelbaan 1 (Panorama court),Padelbaan 2,Padelbaan 3,Padelbaan 4,Padelbaan 5,Padelbaan 6,Padelbaan 7,Padelbaan 8"
2026-05-18T18:45:51.073352,Vinkenveld,19:00,4,4,100.0,"booked: Padelbaan 1 / PURE Tennis & Padel,Padelbaan 2,Padelbaan 3,Padelbaan 4"
2026-05-18T19:15:54.899345,Terwegen,19:30,8,8,100.0,"booked: Padelbaan 1 (Panorama court),Padelbaan 2,Padelbaan 3,Padelbaan 4,Padelbaan 5,Padelbaan 6,Padelbaan 7,Padelbaan 8"
2026-05-18T19:15:54.899345,Vinkenveld,19:30,4,4,100.0,"booked: Padelbaan 1 / PURE Tennis & Padel,Padelbaan 2,Padelbaan 3,Padelbaan 4"
2026-05-18T19:45:48.222600,Terwegen,20:00,8,8,100.0,"booked: Padelbaan 1 (Panorama court),Padelbaan 2,Padelbaan 3,Padelbaan 4,Padelbaan 5,Padelbaan 6,Padelbaan 7,Padelbaan 8"
2026-05-18T19:45:48.222600,Vinkenveld,20:00,4,4,100.0,"booked: Padelbaan 1 / PURE Tennis & Padel,Padelbaan 2,Padelbaan 3,Padelbaan 4"
2026-05-18T20:16:12.321024,Terwegen,20:30,8,8,100.0,"booked: Padelbaan 1 (Panorama court),Padelbaan 2,Padelbaan 3,Padelbaan 4,Padelbaan 5,Padelbaan 6,Padelbaan 7,Padelbaan 8"
2026-05-18T20:16:12.321024,Vinkenveld,20:30,4,4,100.0,"booked: Padelbaan 1 / PURE Tennis & Padel,Padelbaan 2,Padelbaan 3,Padelbaan 4"
2026-05-18T20:46:01.838864,Terwegen,21:00,8,8,100.0,"booked: Padelbaan 1 (Panorama court),Padelbaan 2,Padelbaan 3,Padelbaan 4,Padelbaan 5,Padelbaan 6,Padelbaan 7,Padelbaan 8"
2026-05-18T20:46:01.838864,Vinkenveld,21:00,4,4,100.0,"booked: Padelbaan 1 / PURE Tennis & Padel,Padelbaan 2,Padelbaan 3,Padelbaan 4"
2026-05-18T21:15:51.440454,Terwegen,21:30,8,8,100.0,"booked: Padelbaan 1 (Panorama court),Padelbaan 2,Padelbaan 3,Padelbaan 4,Padelbaan 5,Padelbaan 6,Padelbaan 7,Padelbaan 8"
2026-05-18T21:15:51.440454,Vinkenveld,21:30,4,4,100.0,"booked: Padelbaan 1 / PURE Tennis & Padel,Padelbaan 2,Padelbaan 3,Padelbaan 4"
2026-05-18T21:45:43.166828,Terwegen,22:00,8,8,100.0,"booked: Padelbaan 1 (Panorama court),Padelbaan 2,Padelbaan 3,Padelbaan 4,Padelbaan 5,Padelbaan 6,Padelbaan 7,Padelbaan 8"
2026-05-18T21:45:43.166828,Vinkenveld,22:00,4,3,75.0,"booked: Padelbaan 2,Padelbaan 3,Padelbaan 4; available: Padelbaan 1 / PURE Tennis & Padel"
2026-05-18T23:45:56.005542,Terwegen,00:00,8,8,100.0,"booked: Padelbaan 1 (Panorama court),Padelbaan 2,Padelbaan 3,Padelbaan 4,Padelbaan 5,Padelbaan 6,Padelbaan 7,Padelbaan 8"
2026-05-18T23:45:56.005542,Vinkenveld,00:00,4,4,100.0,"booked: Padelbaan 1 / PURE Tennis & Padel,Padelbaan 2,Padelbaan 3,Padelbaan 4"
2026-05-19T00:15:46.276225,Terwegen,00:30,8,8,100.0,"booked: Padelbaan 1 (Panorama court),Padelbaan 2,Padelbaan 3,Padelbaan 4,Padelbaan 5,Padelbaan 6,Padelbaan 7,Padelbaan 8"
2026-05-19T00:15:46.276225,Vinkenveld,00:30,4,4,100.0,"booked: Padelbaan 1 / PURE Tennis & Padel,Padelbaan 2,Padelbaan 3,Padelbaan 4"
2026-05-19T00:45:46.272517,Terwegen,01:00,8,8,100.0,"booked: Padelbaan 1 (Panorama court),Padelbaan 2,Padelbaan 3,Padelbaan 4,Padelbaan 5,Padelbaan 6,Padelbaan 7,Padelbaan 8"
2026-05-19T00:45:46.272517,Vinkenveld,01:00,4,4,100.0,"booked: Padelbaan 1 / PURE Tennis & Padel,Padelbaan 2,Padelbaan 3,Padelbaan 4"
2026-05-19T01:15:51.550287,Terwegen,01:30,8,8,100.0,"booked: Padelbaan 1 (Panorama court),Padelbaan 2,Padelbaan 3,Padelbaan 4,Padelbaan 5,Padelbaan 6,Padelbaan 7,Padelbaan 8"
2026-05-19T01:15:51.550287,Vinkenveld,01:30,4,4,100.0,"booked: Padelbaan 1 / PURE Tennis & Padel,Padelbaan 2,Padelbaan 3,Padelbaan 4"
2026-05-19T01:45:45.375974,Terwegen,02:00,8,8,100.0,"booked: Padelbaan 1 (Panorama court),Padelbaan 2,Padelbaan 3,Padelbaan 4,Padelbaan 5,Padelbaan 6,Padelbaan 7,Padelbaan 8"
2026-05-19T01:45:45.375974,Vinkenveld,02:00,4,4,100.0,"booked: Padelbaan 1 / PURE Tennis & Padel,Padelbaan 2,Padelbaan 3,Padelbaan 4"
2026-05-19T02:15:45.044112,Terwegen,02:30,8,8,100.0,"booked: Padelbaan 1 (Panorama court),Padelbaan 2,Padelbaan 3,Padelbaan 4,Padelbaan 5,Padelbaan 6,Padelbaan 7,Padelbaan 8"
2026-05-19T02:15:45.044112,Vinkenveld,02:30,4,4,100.0,"booked: Padelbaan 1 / PURE Tennis & Padel,Padelbaan 2,Padelbaan 3,Padelbaan 4"
2026-05-19T02:45:43.838601,Terwegen,03:00,8,8,100.0,"booked: Padelbaan 1 (Panorama court),Padelbaan 2,Padelbaan 3,Padelbaan 4,Padelbaan 5,Padelbaan 6,Padelbaan 7,Padelbaan 8"
2026-05-19T02:45:43.838601,Vinkenveld,03:00,4,4,100.0,"booked: Padelbaan 1 / PURE Tennis & Padel,Padelbaan 2,Padelbaan 3,Padelbaan 4"
2026-05-19T03:15:46.996888,Terwegen,03:30,8,8,100.0,"booked: Padelbaan 1 (Panorama court),Padelbaan 2,Padelbaan 3,Padelbaan 4,Padelbaan 5,Padelbaan 6,Padelbaan 7,Padelbaan 8"
2026-05-19T03:15:46.996888,Vinkenveld,03:30,4,4,100.0,"booked: Padelbaan 1 / PURE Tennis & Padel,Padelbaan 2,Padelbaan 3,Padelbaan 4"
2026-05-19T03:45:45.578356,Terwegen,04:00,8,8,100.0,"booked: Padelbaan 1 (Panorama court),Padelbaan 2,Padelbaan 3,Padelbaan 4,Padelbaan 5,Padelbaan 6,Padelbaan 7,Padelbaan 8"
2026-05-19T03:45:45.578356,Vinkenveld,04:00,4,4,100.0,"booked: Padelbaan 1 / PURE Tennis & Padel,Padelbaan 2,Padelbaan 3,Padelbaan 4"
2026-05-19T04:15:49.098788,Terwegen,04:30,8,8,100.0,"booked: Padelbaan 1 (Panorama court),Padelbaan 2,Padelbaan 3,Padelbaan 4,Padelbaan 5,Padelbaan 6,Padelbaan 7,Padelbaan 8"
2026-05-19T04:15:49.098788,Vinkenveld,04:30,4,4,100.0,"booked: Padelbaan 1 / PURE Tennis & Padel,Padelbaan 2,Padelbaan 3,Padelbaan 4"
2026-05-19T04:45:49.020123,Terwegen,05:00,8,8,100.0,"booked: Padelbaan 1 (Panorama court),Padelbaan 2,Padelbaan 3,Padelbaan 4,Padelbaan 5,Padelbaan 6,Padelbaan 7,Padelbaan 8"
2026-05-19T04:45:49.020123,Vinkenveld,05:00,4,4,100.0,"booked: Padelbaan 1 / PURE Tennis & Padel,Padelbaan 2,Padelbaan 3,Padelbaan 4"
2026-05-19T05:15:46.498962,Terwegen,05:30,8,8,100.0,"booked: Padelbaan 1 (Panorama court),Padelbaan 2,Padelbaan 3,Padelbaan 4,Padelbaan 5,Padelbaan 6,Padelbaan 7,Padelbaan 8"
2026-05-19T05:15:46.498962,Vinkenveld,05:30,4,4,100.0,"booked: Padelbaan 1 / PURE Tennis & Padel,Padelbaan 2,Padelbaan 3,Padelbaan 4"
2026-05-19T05:45:48.023272,Terwegen,06:00,8,8,100.0,"booked: Padelbaan 1 (Panorama court),Padelbaan 2,Padelbaan 3,Padelbaan 4,Padelbaan 5,Padelbaan 6,Padelbaan 7,Padelbaan 8"
2026-05-19T05:45:48.023272,Vinkenveld,06:00,4,4,100.0,"booked: Padelbaan 1 / PURE Tennis & Padel,Padelbaan 2,Padelbaan 3,Padelbaan 4"
2026-05-19T06:15:43.682668,Terwegen,06:30,8,8,100.0,"booked: Padelbaan 1 (Panorama court),Padelbaan 2,Padelbaan 3,Padelbaan 4,Padelbaan 5,Padelbaan 6,Padelbaan 7,Padelbaan 8"
2026-05-19T06:15:43.682668,Vinkenveld,06:30,4,4,100.0,"booked: Padelbaan 1 / PURE Tennis & Padel,Padelbaan 2,Padelbaan 3,Padelbaan 4"
2026-05-19T06:45:41.953852,Terwegen,07:00,8,8,100.0,"booked: Padelbaan 1 (Panorama court),Padelbaan 2,Padelbaan 3,Padelbaan 4,Padelbaan 5,Padelbaan 6,Padelbaan 7,Padelbaan 8"
2026-05-19T06:45:41.953852,Vinkenveld,07:00,4,4,100.0,"booked: Padelbaan 1 / PURE Tennis & Padel,Padelbaan 2,Padelbaan 3,Padelbaan 4"
2026-05-19T07:15:51.401520,Terwegen,07:30,8,8,100.0,"booked: Padelbaan 1 (Panorama court),Padelbaan 2,Padelbaan 3,Padelbaan 4,Padelbaan 5,Padelbaan 6,Padelbaan 7,Padelbaan 8"
2026-05-19T07:15:51.401520,Vinkenveld,07:30,4,4,100.0,"booked: Padelbaan 1 / PURE Tennis & Padel,Padelbaan 2,Padelbaan 3,Padelbaan 4"
2026-05-19T07:45:43.876142,Terwegen,08:00,8,2,25.0,"booked: Padelbaan 1 (Panorama court),Padelbaan 3; available: Padelbaan 2,Padelbaan 4,Padelbaan 5,Padelbaan 6,Padelbaan 7,Padelbaan 8"
2026-05-19T07:45:43.876142,Vinkenveld,08:00,4,0,0.0,"available: Padelbaan 1 / PURE Tennis & Padel,Padelbaan 2,Padelbaan 3,Padelbaan 4"
2026-05-19T08:15:58.536338,Terwegen,08:30,8,5,62.5,"booked: Padelbaan 1 (Panorama court),Padelbaan 3,Padelbaan 4,Padelbaan 5,Padelbaan 6; available: Padelbaan 2,Padelbaan 7,Padelbaan 8"
2026-05-19T08:15:58.536338,Vinkenveld,08:30,4,0,0.0,"available: Padelbaan 1 / PURE Tennis & Padel,Padelbaan 2,Padelbaan 3,Padelbaan 4"
2026-05-19T08:45:52.189364,Terwegen,09:00,8,4,50.0,"booked: Padelbaan 1 (Panorama court),Padelbaan 3,Padelbaan 5,Padelbaan 6; available: Padelbaan 2,Padelbaan 4,Padelbaan 7,Padelbaan 8"
2026-05-19T08:45:52.189364,Vinkenveld,09:00,4,1,25.0,"booked: Padelbaan 4; available: Padelbaan 1 / PURE Tennis & Padel,Padelbaan 2,Padelbaan 3"
2026-05-19T09:15:52.083161,Terwegen,09:30,8,4,50.0,"booked: Padelbaan 3,Padelbaan 4,Padelbaan 5,Padelbaan 6; available: Padelbaan 1 (Panorama court),Padelbaan 2,Padelbaan 7,Padelbaan 8"
2026-05-19T09:15:52.083161,Vinkenveld,09:30,4,1,25.0,"booked: Padelbaan 4; available: Padelbaan 1 / PURE Tennis & Padel,Padelbaan 2,Padelbaan 3"
2026-05-19T09:45:57.959777,Terwegen,10:00,8,4,50.0,"booked: Padelbaan 1 (Panorama court),Padelbaan 4,Padelbaan 5,Padelbaan 6; available: Padelbaan 2,Padelbaan 3,Padelbaan 7,Padelbaan 8"
2026-05-19T09:45:57.959777,Vinkenveld,10:00,4,1,25.0,"booked: Padelbaan 4; available: Padelbaan 1 / PURE Tennis & Padel,Padelbaan 2,Padelbaan 3"
2026-05-19T10:15:50.826460,Terwegen,10:30,8,2,25.0,"booked: Padelbaan 3,Padelbaan 4; available: Padelbaan 1 (Panorama court),Padelbaan 2,Padelbaan 5,Padelbaan 6,Padelbaan 7,Padelbaan 8"
2026-05-19T10:15:50.826460,Vinkenveld,10:30,4,0,0.0,"available: Padelbaan 1 / PURE Tennis & Padel,Padelbaan 2,Padelbaan 3,Padelbaan 4"
2026-05-19T10:45:45.577003,Terwegen,11:00,8,3,37.5,"booked: Padelbaan 4,Padelbaan 5,Padelbaan 6; available: Padelbaan 1 (Panorama court),Padelbaan 2,Padelbaan 3,Padelbaan 7,Padelbaan 8"
2026-05-19T10:45:45.577003,Vinkenveld,11:00,4,0,0.0,"available: Padelbaan 1 / PURE Tennis & Padel,Padelbaan 2,Padelbaan 3,Padelbaan 4"
2026-05-19T11:15:54.114929,Terwegen,11:30,8,0,0.0,"available: Padelbaan 1 (Panorama court),Padelbaan 2,Padelbaan 3,Padelbaan 4,Padelbaan 5,Padelbaan 6,Padelbaan 7,Padelbaan 8"
2026-05-19T11:15:54.114929,Vinkenveld,11:30,4,0,0.0,"available: Padelbaan 1 / PURE Tennis & Padel,Padelbaan 2,Padelbaan 3,Padelbaan 4"
2026-05-19T11:45:49.059325,Terwegen,12:00,8,1,12.5,"booked: Padelbaan 4; available: Padelbaan 1 (Panorama court),Padelbaan 2,Padelbaan 3,Padelbaan 5,Padelbaan 6,Padelbaan 7,Padelbaan 8"
2026-05-19T11:45:49.059325,Vinkenveld,12:00,4,0,0.0,"available: Padelbaan 1 / PURE Tennis & Padel,Padelbaan 2,Padelbaan 3,Padelbaan 4"
2026-05-19T12:15:46.666513,Terwegen,12:30,8,1,12.5,"booked: Padelbaan 3; available: Padelbaan 1 (Panorama court),Padelbaan 2,Padelbaan 4,Padelbaan 5,Padelbaan 6,Padelbaan 7,Padelbaan 8"
2026-05-19T12:15:46.666513,Vinkenveld,12:30,4,0,0.0,"available: Padelbaan 1 / PURE Tennis & Padel,Padelbaan 2,Padelbaan 3,Padelbaan 4"
2026-05-19T12:45:52.304202,Terwegen,13:00,8,0,0.0,"available: Padelbaan 1 (Panorama court),Padelbaan 2,Padelbaan 3,Padelbaan 4,Padelbaan 5,Padelbaan 6,Padelbaan 7,Padelbaan 8"
2026-05-19T12:45:52.304202,Vinkenveld,13:00,4,2,50.0,"booked: Padelbaan 2,Padelbaan 3; available: Padelbaan 1 / PURE Tennis & Padel,Padelbaan 4"
2026-05-19T13:15:50.153250,Terwegen,13:30,8,1,12.5,"booked: Padelbaan 3; available: Padelbaan 1 (Panorama court),Padelbaan 2,Padelbaan 4,Padelbaan 5,Padelbaan 6,Padelbaan 7,Padelbaan 8"
2026-05-19T13:15:50.153250,Vinkenveld,13:30,4,2,50.0,"booked: Padelbaan 2,Padelbaan 3; available: Padelbaan 1 / PURE Tennis & Padel,Padelbaan 4"
2026-05-19T13:46:03.697517,Terwegen,14:00,8,1,12.5,"booked: Padelbaan 3; available: Padelbaan 1 (Panorama court),Padelbaan 2,Padelbaan 4,Padelbaan 5,Padelbaan 6,Padelbaan 7,Padelbaan 8"
2026-05-19T13:46:03.697517,Vinkenveld,14:00,4,0,0.0,"available: Padelbaan 1 / PURE Tennis & Padel,Padelbaan 2,Padelbaan 3,Padelbaan 4"
2026-05-19T14:15:53.260427,Terwegen,14:30,8,1,12.5,"booked: Padelbaan 3; available: Padelbaan 1 (Panorama court),Padelbaan 2,Padelbaan 4,Padelbaan 5,Padelbaan 6,Padelbaan 7,Padelbaan 8"
2026-05-19T14:15:53.260427,Vinkenveld,14:30,4,1,25.0,"booked: Padelbaan 1 / PURE Tennis & Padel; available: Padelbaan 2,Padelbaan 3,Padelbaan 4"
2026-05-19T14:45:47.299462,Terwegen,15:00,8,2,25.0,"booked: Padelbaan 2,Padelbaan 3; available: Padelbaan 1 (Panorama court),Padelbaan 4,Padelbaan 5,Padelbaan 6,Padelbaan 7,Padelbaan 8"
2026-05-19T14:45:47.299462,Vinkenveld,15:00,4,0,0.0,"available: Padelbaan 1 / PURE Tennis & Padel,Padelbaan 2,Padelbaan 3,Padelbaan 4"
2026-05-19T15:15:48.725396,Terwegen,15:30,8,4,50.0,"booked: Padelbaan 1 (Panorama court),Padelbaan 3,Padelbaan 4,Padelbaan 5; available: Padelbaan 2,Padelbaan 6,Padelbaan 7,Padelbaan 8"
2026-05-19T15:15:48.725396,Vinkenveld,15:30,4,0,0.0,"available: Padelbaan 1 / PURE Tennis & Padel,Padelbaan 2,Padelbaan 3,Padelbaan 4"
2026-05-19T15:45:51.101883,Terwegen,16:00,8,3,37.5,"booked: Padelbaan 2,Padelbaan 3,Padelbaan 6; available: Padelbaan 1 (Panorama court),Padelbaan 4,Padelbaan 5,Padelbaan 7,Padelbaan 8"
2026-05-19T15:45:51.101883,Vinkenveld,16:00,4,1,25.0,"booked: Padelbaan 3; available: Padelbaan 1 / PURE Tennis & Padel,Padelbaan 2,Padelbaan 4"
2026-05-19T16:15:48.404993,Terwegen,16:30,8,5,62.5,"booked: Padelbaan 1 (Panorama court),Padelbaan 2,Padelbaan 3,Padelbaan 4,Padelbaan 5; available: Padelbaan 6,Padelbaan 7,Padelbaan 8"
2026-05-19T16:15:48.404993,Vinkenveld,16:30,4,2,50.0,"booked: Padelbaan 3,Padelbaan 4; available: Padelbaan 1 / PURE Tennis & Padel,Padelbaan 2"
2026-05-19T16:45:53.396724,Terwegen,17:00,8,8,100.0,"booked: Padelbaan 1 (Panorama court),Padelbaan 2,Padelbaan 3,Padelbaan 4,Padelbaan 5,Padelbaan 6,Padelbaan 7,Padelbaan 8"
2026-05-19T16:45:53.396724,Vinkenveld,17:00,4,3,75.0,"booked: Padelbaan 2,Padelbaan 3,Padelbaan 4; available: Padelbaan 1 / PURE Tennis & Padel"
2026-05-19T17:15:51.692902,Terwegen,17:30,8,5,62.5,"booked: Padelbaan 1 (Panorama court),Padelbaan 3,Padelbaan 4,Padelbaan 5,Padelbaan 6; available: Padelbaan 2,Padelbaan 7,Padelbaan 8"
2026-05-19T17:45:49.584625,Terwegen,18:00,8,8,100.0,"booked: Padelbaan 1 (Panorama court),Padelbaan 2,Padelbaan 3,Padelbaan 4,Padelbaan 5,Padelbaan 6,Padelbaan 7,Padelbaan 8"
2026-05-19T18:15:51.598196,Terwegen,18:30,8,8,100.0,"booked: Padelbaan 1 (Panorama court),Padelbaan 2,Padelbaan 3,Padelbaan 4,Padelbaan 5,Padelbaan 6,Padelbaan 7,Padelbaan 8"
2026-05-19T18:45:55.040689,Terwegen,19:00,8,8,100.0,"booked: Padelbaan 1 (Panorama court),Padelbaan 2,Padelbaan 3,Padelbaan 4,Padelbaan 5,Padelbaan 6,Padelbaan 7,Padelbaan 8"
2026-05-19T18:45:55.040689,Vinkenveld,19:00,4,4,100.0,"booked: Padelbaan 1 / PURE Tennis & Padel,Padelbaan 2,Padelbaan 3,Padelbaan 4"
2026-05-19T19:15:45.765719,Terwegen,19:30,8,8,100.0,"booked: Padelbaan 1 (Panorama court),Padelbaan 2,Padelbaan 3,Padelbaan 4,Padelbaan 5,Padelbaan 6,Padelbaan 7,Padelbaan 8"
2026-05-19T19:15:45.765719,Vinkenveld,19:30,4,4,100.0,"booked: Padelbaan 1 / PURE Tennis & Padel,Padelbaan 2,Padelbaan 3,Padelbaan 4"
2026-05-19T19:45:48.686614,Terwegen,20:00,8,8,100.0,"booked: Padelbaan 1 (Panorama court),Padelbaan 2,Padelbaan 3,Padelbaan 4,Padelbaan 5,Padelbaan 6,Padelbaan 7,Padelbaan 8"
2026-05-19T20:15:52.419444,Terwegen,20:30,8,8,100.0,"booked: Padelbaan 1 (Panorama court),Padelbaan 2,Padelbaan 3,Padelbaan 4,Padelbaan 5,Padelbaan 6,Padelbaan 7,Padelbaan 8"
2026-05-19T20:46:00.187178,Terwegen,21:00,8,8,100.0,"booked: Padelbaan 1 (Panorama court),Padelbaan 2,Padelbaan 3,Padelbaan 4,Padelbaan 5,Padelbaan 6,Padelbaan 7,Padelbaan 8"
2026-05-19T20:46:00.187178,Vinkenveld,21:00,4,4,100.0,"booked: Padelbaan 1 / PURE Tennis & Padel,Padelbaan 2,Padelbaan 3,Padelbaan 4"
2026-05-19T21:15:46.182452,Terwegen,21:30,8,8,100.0,"booked: Padelbaan 1 (Panorama court),Padelbaan 2,Padelbaan 3,Padelbaan 4,Padelbaan 5,Padelbaan 6,Padelbaan 7,Padelbaan 8"
2026-05-19T21:15:46.182452,Vinkenveld,21:30,4,4,100.0,"booked: Padelbaan 1 / PURE Tennis & Padel,Padelbaan 2,Padelbaan 3,Padelbaan 4"
2026-05-19T21:45:51.113165,Terwegen,22:00,8,8,100.0,"booked: Padelbaan 1 (Panorama court),Padelbaan 2,Padelbaan 3,Padelbaan 4,Padelbaan 5,Padelbaan 6,Padelbaan 7,Padelbaan 8"
2026-05-19T21:45:51.113165,Vinkenveld,22:00,4,1,25.0,"booked: Padelbaan 3; available: Padelbaan 1 / PURE Tennis & Padel,Padelbaan 2,Padelbaan 4"
2026-05-19T23:45:48.306621,Terwegen,00:00,8,8,100.0,"booked: Padelbaan 1 (Panorama court),Padelbaan 2,Padelbaan 3,Padelbaan 4,Padelbaan 5,Padelbaan 6,Padelbaan 7,Padelbaan 8"
2026-05-19T23:45:48.306621,Vinkenveld,00:00,4,4,100.0,"booked: Padelbaan 1 / PURE Tennis & Padel,Padelbaan 2,Padelbaan 3,Padelbaan 4"
2026-05-20T00:15:49.869981,Terwegen,00:30,8,8,100.0,"booked: Padelbaan 1 (Panorama court),Padelbaan 2,Padelbaan 3,Padelbaan 4,Padelbaan 5,Padelbaan 6,Padelbaan 7,Padelbaan 8"
2026-05-20T00:15:49.869981,Vinkenveld,00:30,4,4,100.0,"booked: Padelbaan 1 / PURE Tennis & Padel,Padelbaan 2,Padelbaan 3,Padelbaan 4"
2026-05-20T00:45:48.847762,Terwegen,01:00,8,8,100.0,"booked: Padelbaan 1 (Panorama court),Padelbaan 2,Padelbaan 3,Padelbaan 4,Padelbaan 5,Padelbaan 6,Padelbaan 7,Padelbaan 8"
2026-05-20T00:45:48.847762,Vinkenveld,01:00,4,4,100.0,"booked: Padelbaan 1 / PURE Tennis & Padel,Padelbaan 2,Padelbaan 3,Padelbaan 4"
2026-05-20T01:15:52.688317,Terwegen,01:30,8,8,100.0,"booked: Padelbaan 1 (Panorama court),Padelbaan 2,Padelbaan 3,Padelbaan 4,Padelbaan 5,Padelbaan 6,Padelbaan 7,Padelbaan 8"
2026-05-20T01:15:52.688317,Vinkenveld,01:30,4,4,100.0,"booked: Padelbaan 1 / PURE Tennis & Padel,Padelbaan 2,Padelbaan 3,Padelbaan 4"
2026-05-20T01:45:46.314356,Terwegen,02:00,8,8,100.0,"booked: Padelbaan 1 (Panorama court),Padelbaan 2,Padelbaan 3,Padelbaan 4,Padelbaan 5,Padelbaan 6,Padelbaan 7,Padelbaan 8"
2026-05-20T01:45:46.314356,Vinkenveld,02:00,4,4,100.0,"booked: Padelbaan 1 / PURE Tennis & Padel,Padelbaan 2,Padelbaan 3,Padelbaan 4"
2026-05-20T02:15:45.748817,Terwegen,02:30,8,8,100.0,"booked: Padelbaan 1 (Panorama court),Padelbaan 2,Padelbaan 3,Padelbaan 4,Padelbaan 5,Padelbaan 6,Padelbaan 7,Padelbaan 8"
2026-05-20T02:15:45.748817,Vinkenveld,02:30,4,4,100.0,"booked: Padelbaan 1 / PURE Tennis & Padel,Padelbaan 2,Padelbaan 3,Padelbaan 4"
2026-05-20T02:45:46.111185,Terwegen,03:00,8,8,100.0,"booked: Padelbaan 1 (Panorama court),Padelbaan 2,Padelbaan 3,Padelbaan 4,Padelbaan 5,Padelbaan 6,Padelbaan 7,Padelbaan 8"
2026-05-20T02:45:46.111185,Vinkenveld,03:00,4,4,100.0,"booked: Padelbaan 1 / PURE Tennis & Padel,Padelbaan 2,Padelbaan 3,Padelbaan 4"
2026-05-20T03:15:48.546522,Terwegen,03:30,8,8,100.0,"booked: Padelbaan 1 (Panorama court),Padelbaan 2,Padelbaan 3,Padelbaan 4,Padelbaan 5,Padelbaan 6,Padelbaan 7,Padelbaan 8"
2026-05-20T03:15:48.546522,Vinkenveld,03:30,4,4,100.0,"booked: Padelbaan 1 / PURE Tennis & Padel,Padelbaan 2,Padelbaan 3,Padelbaan 4"
2026-05-20T03:45:57.381284,Terwegen,04:00,8,8,100.0,"booked: Padelbaan 1 (Panorama court),Padelbaan 2,Padelbaan 3,Padelbaan 4,Padelbaan 5,Padelbaan 6,Padelbaan 7,Padelbaan 8"
2026-05-20T03:45:57.381284,Vinkenveld,04:00,4,4,100.0,"booked: Padelbaan 1 / PURE Tennis & Padel,Padelbaan 2,Padelbaan 3,Padelbaan 4"
2026-05-20T04:15:49.976303,Terwegen,04:30,8,8,100.0,"booked: Padelbaan 1 (Panorama court),Padelbaan 2,Padelbaan 3,Padelbaan 4,Padelbaan 5,Padelbaan 6,Padelbaan 7,Padelbaan 8"
2026-05-20T04:15:49.976303,Vinkenveld,04:30,4,4,100.0,"booked: Padelbaan 1 / PURE Tennis & Padel,Padelbaan 2,Padelbaan 3,Padelbaan 4"
2026-05-20T04:45:51.780856,Terwegen,05:00,8,8,100.0,"booked: Padelbaan 1 (Panorama court),Padelbaan 2,Padelbaan 3,Padelbaan 4,Padelbaan 5,Padelbaan 6,Padelbaan 7,Padelbaan 8"
2026-05-20T04:45:51.780856,Vinkenveld,05:00,4,4,100.0,"booked: Padelbaan 1 / PURE Tennis & Padel,Padelbaan 2,Padelbaan 3,Padelbaan 4"
2026-05-20T05:15:51.805148,Terwegen,05:30,8,8,100.0,"booked: Padelbaan 1 (Panorama court),Padelbaan 2,Padelbaan 3,Padelbaan 4,Padelbaan 5,Padelbaan 6,Padelbaan 7,Padelbaan 8"
2026-05-20T05:15:51.805148,Vinkenveld,05:30,4,4,100.0,"booked: Padelbaan 1 / PURE Tennis & Padel,Padelbaan 2,Padelbaan 3,Padelbaan 4"
2026-05-20T05:45:48.229528,Terwegen,06:00,8,8,100.0,"booked: Padelbaan 1 (Panorama court),Padelbaan 2,Padelbaan 3,Padelbaan 4,Padelbaan 5,Padelbaan 6,Padelbaan 7,Padelbaan 8"
2026-05-20T05:45:48.229528,Vinkenveld,06:00,4,4,100.0,"booked: Padelbaan 1 / PURE Tennis & Padel,Padelbaan 2,Padelbaan 3,Padelbaan 4"
2026-05-20T06:15:45.336927,Terwegen,06:30,8,8,100.0,"booked: Padelbaan 1 (Panorama court),Padelbaan 2,Padelbaan 3,Padelbaan 4,Padelbaan 5,Padelbaan 6,Padelbaan 7,Padelbaan 8"
2026-05-20T06:15:45.336927,Vinkenveld,06:30,4,4,100.0,"booked: Padelbaan 1 / PURE Tennis & Padel,Padelbaan 2,Padelbaan 3,Padelbaan 4"
2026-05-20T06:45:53.466434,Terwegen,07:00,8,8,100.0,"booked: Padelbaan 1 (Panorama court),Padelbaan 2,Padelbaan 3,Padelbaan 4,Padelbaan 5,Padelbaan 6,Padelbaan 7,Padelbaan 8"
2026-05-20T06:45:53.466434,Vinkenveld,07:00,4,4,100.0,"booked: Padelbaan 1 / PURE Tennis & Padel,Padelbaan 2,Padelbaan 3,Padelbaan 4"
2026-05-20T07:15:45.369609,Terwegen,07:30,8,8,100.0,"booked: Padelbaan 1 (Panorama court),Padelbaan 2,Padelbaan 3,Padelbaan 4,Padelbaan 5,Padelbaan 6,Padelbaan 7,Padelbaan 8"
2026-05-20T07:15:45.369609,Vinkenveld,07:30,4,4,100.0,"booked: Padelbaan 1 / PURE Tennis & Padel,Padelbaan 2,Padelbaan 3,Padelbaan 4"
2026-05-20T07:45:49.463504,Terwegen,08:00,8,1,12.5,"booked: Padelbaan 4; available: Padelbaan 1 (Panorama court),Padelbaan 2,Padelbaan 3,Padelbaan 5,Padelbaan 6,Padelbaan 7,Padelbaan 8"
2026-05-20T07:45:49.463504,Vinkenveld,08:00,4,0,0.0,"available: Padelbaan 1 / PURE Tennis & Padel,Padelbaan 2,Padelbaan 3,Padelbaan 4"
2026-05-20T08:18:35.255576,Terwegen,08:30,8,7,87.5,"booked: Padelbaan 1 (Panorama court),Padelbaan 2,Padelbaan 3,Padelbaan 5,Padelbaan 6,Padelbaan 7,Padelbaan 8; available: Padelbaan 4"
2026-05-20T08:46:01.655269,Terwegen,09:00,8,8,100.0,"booked: Padelbaan 1 (Panorama court),Padelbaan 2,Padelbaan 3,Padelbaan 4,Padelbaan 5,Padelbaan 6,Padelbaan 7,Padelbaan 8"
2026-05-20T09:15:50.480651,Terwegen,09:30,8,8,100.0,"booked: Padelbaan 1 (Panorama court),Padelbaan 2,Padelbaan 3,Padelbaan 4,Padelbaan 5,Padelbaan 6,Padelbaan 7,Padelbaan 8"
2026-05-20T09:15:50.480651,Vinkenveld,09:30,4,2,50.0,"booked: Padelbaan 2,Padelbaan 3; available: Padelbaan 1 / PURE Tennis & Padel,Padelbaan 4"
2026-05-20T09:45:51.017497,Terwegen,10:00,8,8,100.0,"booked: Padelbaan 1 (Panorama court),Padelbaan 2,Padelbaan 3,Padelbaan 4,Padelbaan 5,Padelbaan 6,Padelbaan 7,Padelbaan 8"
2026-05-20T09:45:51.017497,Vinkenveld,10:00,4,1,25.0,"booked: Padelbaan 3; available: Padelbaan 1 / PURE Tennis & Padel,Padelbaan 2,Padelbaan 4"
2026-05-20T10:16:02.149640,Terwegen,10:30,8,5,62.5,"booked: Padelbaan 1 (Panorama court),Padelbaan 2,Padelbaan 4,Padelbaan 6,Padelbaan 7; available: Padelbaan 3,Padelbaan 5,Padelbaan 8"
2026-05-20T10:16:02.149640,Vinkenveld,10:30,4,0,0.0,"available: Padelbaan 1 / PURE Tennis & Padel,Padelbaan 2,Padelbaan 3,Padelbaan 4"
2026-05-20T10:45:50.191683,Terwegen,11:00,8,7,87.5,"booked: Padelbaan 1 (Panorama court),Padelbaan 2,Padelbaan 3,Padelbaan 5,Padelbaan 6,Padelbaan 7,Padelbaan 8; available: Padelbaan 4"
2026-05-20T11:16:04.312976,Terwegen,11:30,8,2,25.0,"booked: Padelbaan 4,Padelbaan 6; available: Padelbaan 1 (Panorama court),Padelbaan 2,Padelbaan 3,Padelbaan 5,Padelbaan 7,Padelbaan 8"
2026-05-20T11:16:04.312976,Vinkenveld,11:30,4,0,0.0,"available: Padelbaan 1 / PURE Tennis & Padel,Padelbaan 2,Padelbaan 3,Padelbaan 4"
2026-05-20T11:45:59.191081,Terwegen,12:00,8,3,37.5,"booked: Padelbaan 1 (Panorama court),Padelbaan 2,Padelbaan 7; available: Padelbaan 3,Padelbaan 4,Padelbaan 5,Padelbaan 6,Padelbaan 8"
2026-05-20T11:45:59.191081,Vinkenveld,12:00,4,0,0.0,"available: Padelbaan 1 / PURE Tennis & Padel,Padelbaan 2,Padelbaan 3,Padelbaan 4"
2026-05-20T12:15:59.752713,Terwegen,12:30,8,2,25.0,"booked: Padelbaan 2,Padelbaan 6; available: Padelbaan 1 (Panorama court),Padelbaan 3,Padelbaan 4,Padelbaan 5,Padelbaan 7,Padelbaan 8"
2026-05-20T12:15:59.752713,Vinkenveld,12:30,4,0,0.0,"available: Padelbaan 1 / PURE Tennis & Padel,Padelbaan 2,Padelbaan 3,Padelbaan 4"
2026-05-20T12:48:32.431039,Terwegen,13:00,8,0,0.0,"available: Padelbaan 1 (Panorama court),Padelbaan 2,Padelbaan 3,Padelbaan 4,Padelbaan 5,Padelbaan 6,Padelbaan 7,Padelbaan 8"
2026-05-20T12:48:32.431039,Vinkenveld,13:00,4,0,0.0,"available: Padelbaan 1 / PURE Tennis & Padel,Padelbaan 2,Padelbaan 3,Padelbaan 4"
2026-05-20T13:15:45.718439,Terwegen,13:30,8,1,12.5,"booked: Padelbaan 2; available: Padelbaan 1 (Panorama court),Padelbaan 3,Padelbaan 4,Padelbaan 5,Padelbaan 6,Padelbaan 7,Padelbaan 8"
2026-05-20T13:15:45.718439,Vinkenveld,13:30,4,0,0.0,"available: Padelbaan 1 / PURE Tennis & Padel,Padelbaan 2,Padelbaan 3,Padelbaan 4"
2026-05-20T13:45:56.232779,Terwegen,14:00,8,5,62.5,"booked: Padelbaan 1 (Panorama court),Padelbaan 2,Padelbaan 3,Padelbaan 4,Padelbaan 8; available: Padelbaan 5,Padelbaan 6,Padelbaan 7"
2026-05-20T13:45:56.232779,Vinkenveld,14:00,4,0,0.0,"available: Padelbaan 1 / PURE Tennis & Padel,Padelbaan 2,Padelbaan 3,Padelbaan 4"
2026-05-20T14:18:30.206710,Terwegen,14:30,8,1,12.5,"booked: Padelbaan 2; available: Padelbaan 1 (Panorama court),Padelbaan 3,Padelbaan 4,Padelbaan 5,Padelbaan 6,Padelbaan 7,Padelbaan 8"
2026-05-20T14:18:30.206710,Vinkenveld,14:30,4,0,0.0,"available: Padelbaan 1 / PURE Tennis & Padel,Padelbaan 2,Padelbaan 3,Padelbaan 4"
2026-05-20T14:46:31.603275,Terwegen,15:00,8,5,62.5,"booked: Padelbaan 1 (Panorama court),Padelbaan 2,Padelbaan 3,Padelbaan 4,Padelbaan 8; available: Padelbaan 5,Padelbaan 6,Padelbaan 7"
2026-05-20T14:46:31.603275,Vinkenveld,15:00,4,0,0.0,"available: Padelbaan 1 / PURE Tennis & Padel,Padelbaan 2,Padelbaan 3,Padelbaan 4"
2026-05-20T15:15:49.117615,Terwegen,15:30,8,6,75.0,"booked: Padelbaan 1 (Panorama court),Padelbaan 2,Padelbaan 3,Padelbaan 4,Padelbaan 6,Padelbaan 8; available: Padelbaan 5,Padelbaan 7"
2026-05-20T15:15:49.117615,Vinkenveld,15:30,4,1,25.0,"booked: Padelbaan 3; available: Padelbaan 1 / PURE Tennis & Padel,Padelbaan 2,Padelbaan 4"
2026-05-20T15:46:03.148103,Terwegen,16:00,8,6,75.0,"booked: Padelbaan 1 (Panorama court),Padelbaan 2,Padelbaan 3,Padelbaan 4,Padelbaan 5,Padelbaan 8; available: Padelbaan 6,Padelbaan 7"
2026-05-20T15:46:03.148103,Vinkenveld,16:00,4,1,25.0,"booked: Padelbaan 3; available: Padelbaan 1 / PURE Tennis & Padel,Padelbaan 2,Padelbaan 4"
2026-05-20T16:17:02.055309,Terwegen,16:30,8,6,75.0,"booked: Padelbaan 1 (Panorama court),Padelbaan 2,Padelbaan 3,Padelbaan 4,Padelbaan 6,Padelbaan 8; available: Padelbaan 5,Padelbaan 7"
2026-05-20T16:17:02.055309,Vinkenveld,16:30,4,1,25.0,"booked: Padelbaan 3; available: Padelbaan 1 / PURE Tennis & Padel,Padelbaan 2,Padelbaan 4"
2026-05-20T16:46:03.123191,Terwegen,17:00,8,7,87.5,"booked: Padelbaan 2,Padelbaan 3,Padelbaan 4,Padelbaan 5,Padelbaan 6,Padelbaan 7,Padelbaan 8; available: Padelbaan 1 (Panorama court)"
2026-05-20T16:46:03.123191,Vinkenveld,17:00,4,2,50.0,"booked: Padelbaan 3,Padelbaan 4; available: Padelbaan 1 / PURE Tennis & Padel,Padelbaan 2"
2026-05-20T17:16:02.679577,Terwegen,17:30,8,7,87.5,"booked: Padelbaan 1 (Panorama court),Padelbaan 2,Padelbaan 3,Padelbaan 4,Padelbaan 5,Padelbaan 6,Padelbaan 8; available: Padelbaan 7"
2026-05-20T17:16:02.679577,Vinkenveld,17:30,4,3,75.0,"booked: Padelbaan 2,Padelbaan 3,Padelbaan 4; available: Padelbaan 1 / PURE Tennis & Padel"
2026-05-20T17:45:56.573456,Terwegen,18:00,8,8,100.0,"booked: Padelbaan 1 (Panorama court),Padelbaan 2,Padelbaan 3,Padelbaan 4,Padelbaan 5,Padelbaan 6,Padelbaan 7,Padelbaan 8"
2026-05-20T17:45:56.573456,Vinkenveld,18:00,4,3,75.0,"booked: Padelbaan 2,Padelbaan 3,Padelbaan 4; available: Padelbaan 1 / PURE Tennis & Padel"
2026-05-20T18:16:26.439267,Terwegen,18:30,8,8,100.0,"booked: Padelbaan 1 (Panorama court),Padelbaan 2,Padelbaan 3,Padelbaan 4,Padelbaan 5,Padelbaan 6,Padelbaan 7,Padelbaan 8"
2026-05-20T18:16:26.439267,Vinkenveld,18:30,4,4,100.0,"booked: Padelbaan 1 / PURE Tennis & Padel,Padelbaan 2,Padelbaan 3,Padelbaan 4"
2026-05-20T18:45:55.810409,Terwegen,19:00,8,8,100.0,"booked: Padelbaan 1 (Panorama court),Padelbaan 2,Padelbaan 3,Padelbaan 4,Padelbaan 5,Padelbaan 6,Padelbaan 7,Padelbaan 8"
2026-05-20T18:45:55.810409,Vinkenveld,19:00,4,4,100.0,"booked: Padelbaan 1 / PURE Tennis & Padel,Padelbaan 2,Padelbaan 3,Padelbaan 4"
2026-05-20T19:16:31.288581,Terwegen,19:30,8,8,100.0,"booked: Padelbaan 1 (Panorama court),Padelbaan 2,Padelbaan 3,Padelbaan 4,Padelbaan 5,Padelbaan 6,Padelbaan 7,Padelbaan 8"
2026-05-20T19:16:31.288581,Vinkenveld,19:30,4,4,100.0,"booked: Padelbaan 1 / PURE Tennis & Padel,Padelbaan 2,Padelbaan 3,Padelbaan 4"
2026-05-20T19:45:53.239219,Terwegen,20:00,8,8,100.0,"booked: Padelbaan 1 (Panorama court),Padelbaan 2,Padelbaan 3,Padelbaan 4,Padelbaan 5,Padelbaan 6,Padelbaan 7,Padelbaan 8"
2026-05-20T19:45:53.239219,Vinkenveld,20:00,4,4,100.0,"booked: Padelbaan 1 / PURE Tennis & Padel,Padelbaan 2,Padelbaan 3,Padelbaan 4"
2026-05-20T20:15:54.867060,Terwegen,20:30,8,8,100.0,"booked: Padelbaan 1 (Panorama court),Padelbaan 2,Padelbaan 3,Padelbaan 4,Padelbaan 5,Padelbaan 6,Padelbaan 7,Padelbaan 8"
2026-05-20T20:15:54.867060,Vinkenveld,20:30,4,4,100.0,"booked: Padelbaan 1 / PURE Tennis & Padel,Padelbaan 2,Padelbaan 3,Padelbaan 4"
2026-05-20T20:45:54.373965,Terwegen,21:00,8,8,100.0,"booked: Padelbaan 1 (Panorama court),Padelbaan 2,Padelbaan 3,Padelbaan 4,Padelbaan 5,Padelbaan 6,Padelbaan 7,Padelbaan 8"
2026-05-20T20:45:54.373965,Vinkenveld,21:00,4,4,100.0,"booked: Padelbaan 1 / PURE Tennis & Padel,Padelbaan 2,Padelbaan 3,Padelbaan 4"
2026-05-20T21:15:52.742143,Terwegen,21:30,8,8,100.0,"booked: Padelbaan 1 (Panorama court),Padelbaan 2,Padelbaan 3,Padelbaan 4,Padelbaan 5,Padelbaan 6,Padelbaan 7,Padelbaan 8"
2026-05-20T21:15:52.742143,Vinkenveld,21:30,4,4,100.0,"booked: Padelbaan 1 / PURE Tennis & Padel,Padelbaan 2,Padelbaan 3,Padelbaan 4"
2026-05-20T21:45:47.961620,Terwegen,22:00,8,7,87.5,"booked: Padelbaan 1 (Panorama court),Padelbaan 2,Padelbaan 3,Padelbaan 4,Padelbaan 5,Padelbaan 7,Padelbaan 8; available: Padelbaan 6"
2026-05-20T21:45:47.961620,Vinkenveld,22:00,4,4,100.0,"booked: Padelbaan 1 / PURE Tennis & Padel,Padelbaan 2,Padelbaan 3,Padelbaan 4"
2026-05-20T23:45:52.752046,Terwegen,00:00,8,8,100.0,"booked: Padelbaan 1 (Panorama court),Padelbaan 2,Padelbaan 3,Padelbaan 4,Padelbaan 5,Padelbaan 6,Padelbaan 7,Padelbaan 8"
2026-05-20T23:45:52.752046,Vinkenveld,00:00,4,4,100.0,"booked: Padelbaan 1 / PURE Tennis & Padel,Padelbaan 2,Padelbaan 3,Padelbaan 4"
2026-05-21T00:15:45.656548,Terwegen,00:30,8,8,100.0,"booked: Padelbaan 1 (Panorama court),Padelbaan 2,Padelbaan 3,Padelbaan 4,Padelbaan 5,Padelbaan 6,Padelbaan 7,Padelbaan 8"
2026-05-21T00:15:45.656548,Vinkenveld,00:30,4,4,100.0,"booked: Padelbaan 1 / PURE Tennis & Padel,Padelbaan 2,Padelbaan 3,Padelbaan 4"
2026-05-21T00:45:51.590846,Terwegen,01:00,8,8,100.0,"booked: Padelbaan 1 (Panorama court),Padelbaan 2,Padelbaan 3,Padelbaan 4,Padelbaan 5,Padelbaan 6,Padelbaan 7,Padelbaan 8"
2026-05-21T00:45:51.590846,Vinkenveld,01:00,4,4,100.0,"booked: Padelbaan 1 / PURE Tennis & Padel,Padelbaan 2,Padelbaan 3,Padelbaan 4"
2026-05-21T01:15:48.556859,Terwegen,01:30,8,8,100.0,"booked: Padelbaan 1 (Panorama court),Padelbaan 2,Padelbaan 3,Padelbaan 4,Padelbaan 5,Padelbaan 6,Padelbaan 7,Padelbaan 8"
2026-05-21T01:15:48.556859,Vinkenveld,01:30,4,4,100.0,"booked: Padelbaan 1 / PURE Tennis & Padel,Padelbaan 2,Padelbaan 3,Padelbaan 4"
2026-05-21T01:45:47.941791,Terwegen,02:00,8,8,100.0,"booked: Padelbaan 1 (Panorama court),Padelbaan 2,Padelbaan 3,Padelbaan 4,Padelbaan 5,Padelbaan 6,Padelbaan 7,Padelbaan 8"
2026-05-21T01:45:47.941791,Vinkenveld,02:00,4,4,100.0,"booked: Padelbaan 1 / PURE Tennis & Padel,Padelbaan 2,Padelbaan 3,Padelbaan 4"
2026-05-21T02:15:46.388740,Terwegen,02:30,8,8,100.0,"booked: Padelbaan 1 (Panorama court),Padelbaan 2,Padelbaan 3,Padelbaan 4,Padelbaan 5,Padelbaan 6,Padelbaan 7,Padelbaan 8"
2026-05-21T02:15:46.388740,Vinkenveld,02:30,4,4,100.0,"booked: Padelbaan 1 / PURE Tennis & Padel,Padelbaan 2,Padelbaan 3,Padelbaan 4"
2026-05-21T02:45:53.501843,Terwegen,03:00,8,8,100.0,"booked: Padelbaan 1 (Panorama court),Padelbaan 2,Padelbaan 3,Padelbaan 4,Padelbaan 5,Padelbaan 6,Padelbaan 7,Padelbaan 8"
2026-05-21T02:45:53.501843,Vinkenveld,03:00,4,4,100.0,"booked: Padelbaan 1 / PURE Tennis & Padel,Padelbaan 2,Padelbaan 3,Padelbaan 4"
2026-05-21T03:15:48.228555,Terwegen,03:30,8,8,100.0,"booked: Padelbaan 1 (Panorama court),Padelbaan 2,Padelbaan 3,Padelbaan 4,Padelbaan 5,Padelbaan 6,Padelbaan 7,Padelbaan 8"
2026-05-21T03:15:48.228555,Vinkenveld,03:30,4,4,100.0,"booked: Padelbaan 1 / PURE Tennis & Padel,Padelbaan 2,Padelbaan 3,Padelbaan 4"
2026-05-21T03:45:49.304642,Terwegen,04:00,8,8,100.0,"booked: Padelbaan 1 (Panorama court),Padelbaan 2,Padelbaan 3,Padelbaan 4,Padelbaan 5,Padelbaan 6,Padelbaan 7,Padelbaan 8"
2026-05-21T03:45:49.304642,Vinkenveld,04:00,4,4,100.0,"booked: Padelbaan 1 / PURE Tennis & Padel,Padelbaan 2,Padelbaan 3,Padelbaan 4"
2026-05-21T04:15:49.950637,Terwegen,04:30,8,8,100.0,"booked: Padelbaan 1 (Panorama court),Padelbaan 2,Padelbaan 3,Padelbaan 4,Padelbaan 5,Padelbaan 6,Padelbaan 7,Padelbaan 8"
2026-05-21T04:15:49.950637,Vinkenveld,04:30,4,4,100.0,"booked: Padelbaan 1 / PURE Tennis & Padel,Padelbaan 2,Padelbaan 3,Padelbaan 4"
2026-05-21T04:45:46.848929,Terwegen,05:00,8,8,100.0,"booked: Padelbaan 1 (Panorama court),Padelbaan 2,Padelbaan 3,Padelbaan 4,Padelbaan 5,Padelbaan 6,Padelbaan 7,Padelbaan 8"
2026-05-21T04:45:46.848929,Vinkenveld,05:00,4,4,100.0,"booked: Padelbaan 1 / PURE Tennis & Padel,Padelbaan 2,Padelbaan 3,Padelbaan 4"
2026-05-21T05:15:49.968547,Terwegen,05:30,8,8,100.0,"booked: Padelbaan 1 (Panorama court),Padelbaan 2,Padelbaan 3,Padelbaan 4,Padelbaan 5,Padelbaan 6,Padelbaan 7,Padelbaan 8"
2026-05-21T05:15:49.968547,Vinkenveld,05:30,4,4,100.0,"booked: Padelbaan 1 / PURE Tennis & Padel,Padelbaan 2,Padelbaan 3,Padelbaan 4"
2026-05-21T05:45:52.490696,Terwegen,06:00,8,8,100.0,"booked: Padelbaan 1 (Panorama court),Padelbaan 2,Padelbaan 3,Padelbaan 4,Padelbaan 5,Padelbaan 6,Padelbaan 7,Padelbaan 8"
2026-05-21T05:45:52.490696,Vinkenveld,06:00,4,4,100.0,"booked: Padelbaan 1 / PURE Tennis & Padel,Padelbaan 2,Padelbaan 3,Padelbaan 4"
2026-05-21T06:15:44.267655,Terwegen,06:30,8,8,100.0,"booked: Padelbaan 1 (Panorama court),Padelbaan 2,Padelbaan 3,Padelbaan 4,Padelbaan 5,Padelbaan 6,Padelbaan 7,Padelbaan 8"
2026-05-21T06:15:44.267655,Vinkenveld,06:30,4,4,100.0,"booked: Padelbaan 1 / PURE Tennis & Padel,Padelbaan 2,Padelbaan 3,Padelbaan 4"
2026-05-21T06:45:42.532683,Terwegen,07:00,8,8,100.0,"booked: Padelbaan 1 (Panorama court),Padelbaan 2,Padelbaan 3,Padelbaan 4,Padelbaan 5,Padelbaan 6,Padelbaan 7,Padelbaan 8"
2026-05-21T06:45:42.532683,Vinkenveld,07:00,4,4,100.0,"booked: Padelbaan 1 / PURE Tennis & Padel,Padelbaan 2,Padelbaan 3,Padelbaan 4"
2026-05-21T07:15:46.381947,Terwegen,07:30,8,8,100.0,"booked: Padelbaan 1 (Panorama court),Padelbaan 2,Padelbaan 3,Padelbaan 4,Padelbaan 5,Padelbaan 6,Padelbaan 7,Padelbaan 8"
2026-05-21T07:15:46.381947,Vinkenveld,07:30,4,4,100.0,"booked: Padelbaan 1 / PURE Tennis & Padel,Padelbaan 2,Padelbaan 3,Padelbaan 4"
2026-05-21T07:45:48.971280,Terwegen,08:00,8,0,0.0,"available: Padelbaan 1 (Panorama court),Padelbaan 2,Padelbaan 3,Padelbaan 4,Padelbaan 5,Padelbaan 6,Padelbaan 7,Padelbaan 8"
2026-05-21T07:45:48.971280,Vinkenveld,08:00,4,0,0.0,"available: Padelbaan 1 / PURE Tennis & Padel,Padelbaan 2,Padelbaan 3,Padelbaan 4"
2026-05-21T08:15:46.692796,Terwegen,08:30,8,1,12.5,"booked: Padelbaan 1 (Panorama court); available: Padelbaan 2,Padelbaan 3,Padelbaan 4,Padelbaan 5,Padelbaan 6,Padelbaan 7,Padelbaan 8"
2026-05-21T08:15:46.692796,Vinkenveld,08:30,4,0,0.0,"available: Padelbaan 1 / PURE Tennis & Padel,Padelbaan 2,Padelbaan 3,Padelbaan 4"
2026-05-21T08:45:51.601645,Terwegen,09:00,8,1,12.5,"booked: Padelbaan 1 (Panorama court); available: Padelbaan 2,Padelbaan 3,Padelbaan 4,Padelbaan 5,Padelbaan 6,Padelbaan 7,Padelbaan 8"
2026-05-21T08:45:51.601645,Vinkenveld,09:00,4,0,0.0,"available: Padelbaan 1 / PURE Tennis & Padel,Padelbaan 2,Padelbaan 3,Padelbaan 4"
2026-05-21T09:15:48.029512,Terwegen,09:30,8,1,12.5,"booked: Padelbaan 1 (Panorama court); available: Padelbaan 2,Padelbaan 3,Padelbaan 4,Padelbaan 5,Padelbaan 6,Padelbaan 7,Padelbaan 8"
2026-05-21T09:15:48.029512,Vinkenveld,09:30,4,1,25.0,"booked: Padelbaan 2; available: Padelbaan 1 / PURE Tennis & Padel,Padelbaan 3,Padelbaan 4"
2026-05-21T09:45:52.116688,Terwegen,10:00,8,1,12.5,"booked: Padelbaan 1 (Panorama court); available: Padelbaan 2,Padelbaan 3,Padelbaan 4,Padelbaan 5,Padelbaan 6,Padelbaan 7,Padelbaan 8"
2026-05-21T09:45:52.116688,Vinkenveld,10:00,4,1,25.0,"booked: Padelbaan 2; available: Padelbaan 1 / PURE Tennis & Padel,Padelbaan 3,Padelbaan 4"
2026-05-21T10:15:43.794053,Terwegen,10:30,8,1,12.5,"booked: Padelbaan 3; available: Padelbaan 1 (Panorama court),Padelbaan 2,Padelbaan 4,Padelbaan 5,Padelbaan 6,Padelbaan 7,Padelbaan 8"
2026-05-21T10:15:43.794053,Vinkenveld,10:30,4,4,100.0,"booked: Padelbaan 1 / PURE Tennis & Padel,Padelbaan 2,Padelbaan 3,Padelbaan 4"
2026-05-21T10:45:50.472859,Terwegen,11:00,8,1,12.5,"booked: Padelbaan 1 (Panorama court); available: Padelbaan 2,Padelbaan 3,Padelbaan 4,Padelbaan 5,Padelbaan 6,Padelbaan 7,Padelbaan 8"
2026-05-21T10:45:50.472859,Vinkenveld,11:00,4,4,100.0,"booked: Padelbaan 1 / PURE Tennis & Padel,Padelbaan 2,Padelbaan 3,Padelbaan 4"
2026-05-21T11:15:47.142247,Terwegen,11:30,8,1,12.5,"booked: Padelbaan 3; available: Padelbaan 1 (Panorama court),Padelbaan 2,Padelbaan 4,Padelbaan 5,Padelbaan 6,Padelbaan 7,Padelbaan 8"
2026-05-21T11:15:47.142247,Vinkenveld,11:30,4,4,100.0,"booked: Padelbaan 1 / PURE Tennis & Padel,Padelbaan 2,Padelbaan 3,Padelbaan 4"
2026-05-21T11:45:49.696394,Terwegen,12:00,8,1,12.5,"booked: Padelbaan 3; available: Padelbaan 1 (Panorama court),Padelbaan 2,Padelbaan 4,Padelbaan 5,Padelbaan 6,Padelbaan 7,Padelbaan 8"
2026-05-21T11:45:49.696394,Vinkenveld,12:00,4,4,100.0,"booked: Padelbaan 1 / PURE Tennis & Padel,Padelbaan 2,Padelbaan 3,Padelbaan 4"
2026-05-21T12:15:52.070702,Terwegen,12:30,8,1,12.5,"booked: Padelbaan 3; available: Padelbaan 1 (Panorama court),Padelbaan 2,Padelbaan 4,Padelbaan 5,Padelbaan 6,Padelbaan 7,Padelbaan 8"
2026-05-21T12:15:52.070702,Vinkenveld,12:30,4,1,25.0,"booked: Padelbaan 3; available: Padelbaan 1 / PURE Tennis & Padel,Padelbaan 2,Padelbaan 4"
2026-05-21T12:45:52.308033,Terwegen,13:00,8,1,12.5,"booked: Padelbaan 3; available: Padelbaan 1 (Panorama court),Padelbaan 2,Padelbaan 4,Padelbaan 5,Padelbaan 6,Padelbaan 7,Padelbaan 8"
2026-05-21T12:45:52.308033,Vinkenveld,13:00,4,1,25.0,"booked: Padelbaan 3; available: Padelbaan 1 / PURE Tennis & Padel,Padelbaan 2,Padelbaan 4"
2026-05-21T13:15:50.588305,Terwegen,13:30,8,0,0.0,"available: Padelbaan 1 (Panorama court),Padelbaan 2,Padelbaan 3,Padelbaan 4,Padelbaan 5,Padelbaan 6,Padelbaan 7,Padelbaan 8"
2026-05-21T13:15:50.588305,Vinkenveld,13:30,4,1,25.0,"booked: Padelbaan 3; available: Padelbaan 1 / PURE Tennis & Padel,Padelbaan 2,Padelbaan 4"
2026-05-21T13:45:50.740143,Terwegen,14:00,8,2,25.0,"booked: Padelbaan 1 (Panorama court),Padelbaan 3; available: Padelbaan 2,Padelbaan 4,Padelbaan 5,Padelbaan 6,Padelbaan 7,Padelbaan 8"
2026-05-21T13:45:50.740143,Vinkenveld,14:00,4,0,0.0,"available: Padelbaan 1 / PURE Tennis & Padel,Padelbaan 2,Padelbaan 3,Padelbaan 4"
2026-05-21T14:15:45.277449,Terwegen,14:30,8,2,25.0,"booked: Padelbaan 3,Padelbaan 4; available: Padelbaan 1 (Panorama court),Padelbaan 2,Padelbaan 5,Padelbaan 6,Padelbaan 7,Padelbaan 8"
2026-05-21T14:15:45.277449,Vinkenveld,14:30,4,0,0.0,"available: Padelbaan 1 / PURE Tennis & Padel,Padelbaan 2,Padelbaan 3,Padelbaan 4"
2026-05-21T14:45:49.656408,Terwegen,15:00,8,2,25.0,"booked: Padelbaan 1 (Panorama court),Padelbaan 2; available: Padelbaan 3,Padelbaan 4,Padelbaan 5,Padelbaan 6,Padelbaan 7,Padelbaan 8"
2026-05-21T14:45:49.656408,Vinkenveld,15:00,4,0,0.0,"available: Padelbaan 1 / PURE Tennis & Padel,Padelbaan 2,Padelbaan 3,Padelbaan 4"
2026-05-21T15:15:49.866676,Terwegen,15:30,8,7,87.5,"booked: Padelbaan 1 (Panorama court),Padelbaan 3,Padelbaan 4,Padelbaan 5,Padelbaan 6,Padelbaan 7,Padelbaan 8; available: Padelbaan 2"
2026-05-21T15:15:49.866676,Vinkenveld,15:30,4,0,0.0,"available: Padelbaan 1 / PURE Tennis & Padel,Padelbaan 2,Padelbaan 3,Padelbaan 4"
2026-05-21T15:45:51.008075,Terwegen,16:00,8,4,50.0,"booked: Padelbaan 1 (Panorama court),Padelbaan 2,Padelbaan 3,Padelbaan 4; available: Padelbaan 5,Padelbaan 6,Padelbaan 7,Padelbaan 8"
2026-05-21T15:45:51.008075,Vinkenveld,16:00,4,0,0.0,"available: Padelbaan 1 / PURE Tennis & Padel,Padelbaan 2,Padelbaan 3,Padelbaan 4"
2026-05-21T16:15:49.633091,Terwegen,16:30,8,8,100.0,"booked: Padelbaan 1 (Panorama court),Padelbaan 2,Padelbaan 3,Padelbaan 4,Padelbaan 5,Padelbaan 6,Padelbaan 7,Padelbaan 8"
2026-05-21T16:15:49.633091,Vinkenveld,16:30,4,1,25.0,"booked: Padelbaan 4; available: Padelbaan 1 / PURE Tennis & Padel,Padelbaan 2,Padelbaan 3"
2026-05-21T16:46:00.776016,Terwegen,17:00,8,8,100.0,"booked: Padelbaan 1 (Panorama court),Padelbaan 2,Padelbaan 3,Padelbaan 4,Padelbaan 5,Padelbaan 6,Padelbaan 7,Padelbaan 8"
2026-05-21T16:46:00.776016,Vinkenveld,17:00,4,2,50.0,"booked: Padelbaan 3,Padelbaan 4; available: Padelbaan 1 / PURE Tennis & Padel,Padelbaan 2"
2026-05-21T17:15:49.658296,Terwegen,17:30,8,8,100.0,"booked: Padelbaan 1 (Panorama court),Padelbaan 2,Padelbaan 3,Padelbaan 4,Padelbaan 5,Padelbaan 6,Padelbaan 7,Padelbaan 8"
2026-05-21T17:15:49.658296,Vinkenveld,17:30,4,2,50.0,"booked: Padelbaan 3,Padelbaan 4; available: Padelbaan 1 / PURE Tennis & Padel,Padelbaan 2"
2026-05-21T17:45:47.821537,Terwegen,18:00,8,8,100.0,"booked: Padelbaan 1 (Panorama court),Padelbaan 2,Padelbaan 3,Padelbaan 4,Padelbaan 5,Padelbaan 6,Padelbaan 7,Padelbaan 8"
2026-05-21T17:45:47.821537,Vinkenveld,18:00,4,3,75.0,"booked: Padelbaan 1 / PURE Tennis & Padel,Padelbaan 3,Padelbaan 4; available: Padelbaan 2"
2026-05-21T18:15:47.740616,Terwegen,18:30,8,8,100.0,"booked: Padelbaan 1 (Panorama court),Padelbaan 2,Padelbaan 3,Padelbaan 4,Padelbaan 5,Padelbaan 6,Padelbaan 7,Padelbaan 8"
2026-05-21T18:15:47.740616,Vinkenveld,18:30,4,4,100.0,"booked: Padelbaan 1 / PURE Tennis & Padel,Padelbaan 2,Padelbaan 3,Padelbaan 4"
2026-05-21T18:45:47.669020,Terwegen,19:00,8,8,100.0,"booked: Padelbaan 1 (Panorama court),Padelbaan 2,Padelbaan 3,Padelbaan 4,Padelbaan 5,Padelbaan 6,Padelbaan 7,Padelbaan 8"
2026-05-21T18:45:47.669020,Vinkenveld,19:00,4,4,100.0,"booked: Padelbaan 1 / PURE Tennis & Padel,Padelbaan 2,Padelbaan 3,Padelbaan 4"
2026-05-21T19:15:55.368632,Terwegen,19:30,8,8,100.0,"booked: Padelbaan 1 (Panorama court),Padelbaan 2,Padelbaan 3,Padelbaan 4,Padelbaan 5,Padelbaan 6,Padelbaan 7,Padelbaan 8"
2026-05-21T19:15:55.368632,Vinkenveld,19:30,4,4,100.0,"booked: Padelbaan 1 / PURE Tennis & Padel,Padelbaan 2,Padelbaan 3,Padelbaan 4"
2026-05-21T19:45:49.875189,Terwegen,20:00,8,8,100.0,"booked: Padelbaan 1 (Panorama court),Padelbaan 2,Padelbaan 3,Padelbaan 4,Padelbaan 5,Padelbaan 6,Padelbaan 7,Padelbaan 8"
2026-05-21T19:45:49.875189,Vinkenveld,20:00,4,4,100.0,"booked: Padelbaan 1 / PURE Tennis & Padel,Padelbaan 2,Padelbaan 3,Padelbaan 4"
2026-05-21T20:15:54.325857,Terwegen,20:30,8,8,100.0,"booked: Padelbaan 1 (Panorama court),Padelbaan 2,Padelbaan 3,Padelbaan 4,Padelbaan 5,Padelbaan 6,Padelbaan 7,Padelbaan 8"
2026-05-21T20:15:54.325857,Vinkenveld,20:30,4,4,100.0,"booked: Padelbaan 1 / PURE Tennis & Padel,Padelbaan 2,Padelbaan 3,Padelbaan 4"
2026-05-21T20:45:44.055095,Terwegen,21:00,8,8,100.0,"booked: Padelbaan 1 (Panorama court),Padelbaan 2,Padelbaan 3,Padelbaan 4,Padelbaan 5,Padelbaan 6,Padelbaan 7,Padelbaan 8"
2026-05-21T20:45:44.055095,Vinkenveld,21:00,4,4,100.0,"booked: Padelbaan 1 / PURE Tennis & Padel,Padelbaan 2,Padelbaan 3,Padelbaan 4"
2026-05-21T21:15:58.330974,Terwegen,21:30,8,8,100.0,"booked: Padelbaan 1 (Panorama court),Padelbaan 2,Padelbaan 3,Padelbaan 4,Padelbaan 5,Padelbaan 6,Padelbaan 7,Padelbaan 8"
2026-05-21T21:15:58.330974,Vinkenveld,21:30,4,4,100.0,"booked: Padelbaan 1 / PURE Tennis & Padel,Padelbaan 2,Padelbaan 3,Padelbaan 4"
2026-05-21T21:45:45.756438,Terwegen,22:00,8,8,100.0,"booked: Padelbaan 1 (Panorama court),Padelbaan 2,Padelbaan 3,Padelbaan 4,Padelbaan 5,Padelbaan 6,Padelbaan 7,Padelbaan 8"
2026-05-21T21:45:45.756438,Vinkenveld,22:00,4,1,25.0,"booked: Padelbaan 4; available: Padelbaan 1 / PURE Tennis & Padel,Padelbaan 2,Padelbaan 3"
2026-05-21T23:45:47.738264,Terwegen,00:00,8,8,100.0,"booked: Padelbaan 1 (Panorama court),Padelbaan 2,Padelbaan 3,Padelbaan 4,Padelbaan 5,Padelbaan 6,Padelbaan 7,Padelbaan 8"
2026-05-21T23:45:47.738264,Vinkenveld,00:00,4,4,100.0,"booked: Padelbaan 1 / PURE Tennis & Padel,Padelbaan 2,Padelbaan 3,Padelbaan 4"
2026-05-22T00:15:47.849393,Terwegen,00:30,8,8,100.0,"booked: Padelbaan 1 (Panorama court),Padelbaan 2,Padelbaan 3,Padelbaan 4,Padelbaan 5,Padelbaan 6,Padelbaan 7,Padelbaan 8"
2026-05-22T00:15:47.849393,Vinkenveld,00:30,4,4,100.0,"booked: Padelbaan 1 / PURE Tennis & Padel,Padelbaan 2,Padelbaan 3,Padelbaan 4"
2026-05-22T00:45:44.113008,Terwegen,01:00,8,8,100.0,"booked: Padelbaan 1 (Panorama court),Padelbaan 2,Padelbaan 3,Padelbaan 4,Padelbaan 5,Padelbaan 6,Padelbaan 7,Padelbaan 8"
2026-05-22T00:45:44.113008,Vinkenveld,01:00,4,4,100.0,"booked: Padelbaan 1 / PURE Tennis & Padel,Padelbaan 2,Padelbaan 3,Padelbaan 4"
2026-05-22T01:15:46.141023,Terwegen,01:30,8,8,100.0,"booked: Padelbaan 1 (Panorama court),Padelbaan 2,Padelbaan 3,Padelbaan 4,Padelbaan 5,Padelbaan 6,Padelbaan 7,Padelbaan 8"
2026-05-22T01:15:46.141023,Vinkenveld,01:30,4,4,100.0,"booked: Padelbaan 1 / PURE Tennis & Padel,Padelbaan 2,Padelbaan 3,Padelbaan 4"
2026-05-22T01:45:52.345675,Terwegen,02:00,8,8,100.0,"booked: Padelbaan 1 (Panorama court),Padelbaan 2,Padelbaan 3,Padelbaan 4,Padelbaan 5,Padelbaan 6,Padelbaan 7,Padelbaan 8"
2026-05-22T01:45:52.345675,Vinkenveld,02:00,4,4,100.0,"booked: Padelbaan 1 / PURE Tennis & Padel,Padelbaan 2,Padelbaan 3,Padelbaan 4"
2026-05-22T02:15:47.538293,Terwegen,02:30,8,8,100.0,"booked: Padelbaan 1 (Panorama court),Padelbaan 2,Padelbaan 3,Padelbaan 4,Padelbaan 5,Padelbaan 6,Padelbaan 7,Padelbaan 8"
2026-05-22T02:15:47.538293,Vinkenveld,02:30,4,4,100.0,"booked: Padelbaan 1 / PURE Tennis & Padel,Padelbaan 2,Padelbaan 3,Padelbaan 4"
2026-05-22T02:45:50.944569,Terwegen,03:00,8,8,100.0,"booked: Padelbaan 1 (Panorama court),Padelbaan 2,Padelbaan 3,Padelbaan 4,Padelbaan 5,Padelbaan 6,Padelbaan 7,Padelbaan 8"
2026-05-22T02:45:50.944569,Vinkenveld,03:00,4,4,100.0,"booked: Padelbaan 1 / PURE Tennis & Padel,Padelbaan 2,Padelbaan 3,Padelbaan 4"
2026-05-22T03:16:11.330359,Terwegen,03:30,8,8,100.0,"booked: Padelbaan 1 (Panorama court),Padelbaan 2,Padelbaan 3,Padelbaan 4,Padelbaan 5,Padelbaan 6,Padelbaan 7,Padelbaan 8"
2026-05-22T03:16:11.330359,Vinkenveld,03:30,4,4,100.0,"booked: Padelbaan 1 / PURE Tennis & Padel,Padelbaan 2,Padelbaan 3,Padelbaan 4"
2026-05-22T03:45:46.503056,Terwegen,04:00,8,8,100.0,"booked: Padelbaan 1 (Panorama court),Padelbaan 2,Padelbaan 3,Padelbaan 4,Padelbaan 5,Padelbaan 6,Padelbaan 7,Padelbaan 8"
2026-05-22T03:45:46.503056,Vinkenveld,04:00,4,4,100.0,"booked: Padelbaan 1 / PURE Tennis & Padel,Padelbaan 2,Padelbaan 3,Padelbaan 4"
2026-05-22T04:15:47.560099,Terwegen,04:30,8,8,100.0,"booked: Padelbaan 1 (Panorama court),Padelbaan 2,Padelbaan 3,Padelbaan 4,Padelbaan 5,Padelbaan 6,Padelbaan 7,Padelbaan 8"
2026-05-22T04:15:47.560099,Vinkenveld,04:30,4,4,100.0,"booked: Padelbaan 1 / PURE Tennis & Padel,Padelbaan 2,Padelbaan 3,Padelbaan 4"
2026-05-22T04:45:49.746642,Terwegen,05:00,8,8,100.0,"booked: Padelbaan 1 (Panorama court),Padelbaan 2,Padelbaan 3,Padelbaan 4,Padelbaan 5,Padelbaan 6,Padelbaan 7,Padelbaan 8"
2026-05-22T04:45:49.746642,Vinkenveld,05:00,4,4,100.0,"booked: Padelbaan 1 / PURE Tennis & Padel,Padelbaan 2,Padelbaan 3,Padelbaan 4"
2026-05-22T05:15:48.712833,Terwegen,05:30,8,8,100.0,"booked: Padelbaan 1 (Panorama court),Padelbaan 2,Padelbaan 3,Padelbaan 4,Padelbaan 5,Padelbaan 6,Padelbaan 7,Padelbaan 8"
2026-05-22T05:15:48.712833,Vinkenveld,05:30,4,4,100.0,"booked: Padelbaan 1 / PURE Tennis & Padel,Padelbaan 2,Padelbaan 3,Padelbaan 4"
2026-05-22T05:45:48.424929,Terwegen,06:00,8,8,100.0,"booked: Padelbaan 1 (Panorama court),Padelbaan 2,Padelbaan 3,Padelbaan 4,Padelbaan 5,Padelbaan 6,Padelbaan 7,Padelbaan 8"
2026-05-22T05:45:48.424929,Vinkenveld,06:00,4,4,100.0,"booked: Padelbaan 1 / PURE Tennis & Padel,Padelbaan 2,Padelbaan 3,Padelbaan 4"
2026-05-22T06:15:55.151943,Terwegen,06:30,8,8,100.0,"booked: Padelbaan 1 (Panorama court),Padelbaan 2,Padelbaan 3,Padelbaan 4,Padelbaan 5,Padelbaan 6,Padelbaan 7,Padelbaan 8"
2026-05-22T06:15:55.151943,Vinkenveld,06:30,4,4,100.0,"booked: Padelbaan 1 / PURE Tennis & Padel,Padelbaan 2,Padelbaan 3,Padelbaan 4"
2026-05-22T06:45:51.023347,Terwegen,07:00,8,8,100.0,"booked: Padelbaan 1 (Panorama court),Padelbaan 2,Padelbaan 3,Padelbaan 4,Padelbaan 5,Padelbaan 6,Padelbaan 7,Padelbaan 8"
2026-05-22T06:45:51.023347,Vinkenveld,07:00,4,4,100.0,"booked: Padelbaan 1 / PURE Tennis & Padel,Padelbaan 2,Padelbaan 3,Padelbaan 4"
2026-05-22T07:15:51.737172,Terwegen,07:30,8,8,100.0,"booked: Padelbaan 1 (Panorama court),Padelbaan 2,Padelbaan 3,Padelbaan 4,Padelbaan 5,Padelbaan 6,Padelbaan 7,Padelbaan 8"
2026-05-22T07:15:51.737172,Vinkenveld,07:30,4,4,100.0,"booked: Padelbaan 1 / PURE Tennis & Padel,Padelbaan 2,Padelbaan 3,Padelbaan 4"
2026-05-22T07:45:47.177251,Terwegen,08:00,8,1,12.5,"booked: Padelbaan 3; available: Padelbaan 1 (Panorama court),Padelbaan 2,Padelbaan 4,Padelbaan 5,Padelbaan 6,Padelbaan 7,Padelbaan 8"
2026-05-22T07:45:47.177251,Vinkenveld,08:00,4,0,0.0,"available: Padelbaan 1 / PURE Tennis & Padel,Padelbaan 2,Padelbaan 3,Padelbaan 4"
2026-05-22T08:15:51.991124,Terwegen,08:30,8,6,75.0,"booked: Padelbaan 1 (Panorama court),Padelbaan 2,Padelbaan 3,Padelbaan 4,Padelbaan 5,Padelbaan 6; available: Padelbaan 7,Padelbaan 8"
2026-05-22T08:15:51.991124,Vinkenveld,08:30,4,1,25.0,"booked: Padelbaan 1 / PURE Tennis & Padel; available: Padelbaan 2,Padelbaan 3,Padelbaan 4"
2026-05-22T08:45:43.622214,Terwegen,09:00,8,5,62.5,"booked: Padelbaan 1 (Panorama court),Padelbaan 3,Padelbaan 4,Padelbaan 5,Padelbaan 6; available: Padelbaan 2,Padelbaan 7,Padelbaan 8"
2026-05-22T08:45:43.622214,Vinkenveld,09:00,4,1,25.0,"booked: Padelbaan 3; available: Padelbaan 1 / PURE Tennis & Padel,Padelbaan 2,Padelbaan 4"
2026-05-22T09:15:53.347831,Terwegen,09:30,8,6,75.0,"booked: Padelbaan 1 (Panorama court),Padelbaan 2,Padelbaan 3,Padelbaan 4,Padelbaan 5,Padelbaan 6; available: Padelbaan 7,Padelbaan 8"
2026-05-22T09:15:53.347831,Vinkenveld,09:30,4,1,25.0,"booked: Padelbaan 3; available: Padelbaan 1 / PURE Tennis & Padel,Padelbaan 2,Padelbaan 4"
2026-05-22T09:45:45.265578,Terwegen,10:00,8,6,75.0,"booked: Padelbaan 1 (Panorama court),Padelbaan 2,Padelbaan 3,Padelbaan 4,Padelbaan 5,Padelbaan 6; available: Padelbaan 7,Padelbaan 8"
2026-05-22T09:45:45.265578,Vinkenveld,10:00,4,0,0.0,"available: Padelbaan 1 / PURE Tennis & Padel,Padelbaan 2,Padelbaan 3,Padelbaan 4"
2026-05-22T10:15:45.383215,Terwegen,10:30,8,4,50.0,"booked: Padelbaan 1 (Panorama court),Padelbaan 2,Padelbaan 3,Padelbaan 8; available: Padelbaan 4,Padelbaan 5,Padelbaan 6,Padelbaan 7"
2026-05-22T10:15:45.383215,Vinkenveld,10:30,4,0,0.0,"available: Padelbaan 1 / PURE Tennis & Padel,Padelbaan 2,Padelbaan 3,Padelbaan 4"
2026-05-22T10:45:46.513638,Terwegen,11:00,8,5,62.5,"booked: Padelbaan 1 (Panorama court),Padelbaan 2,Padelbaan 4,Padelbaan 5,Padelbaan 6; available: Padelbaan 3,Padelbaan 7,Padelbaan 8"
2026-05-22T10:45:46.513638,Vinkenveld,11:00,4,0,0.0,"available: Padelbaan 1 / PURE Tennis & Padel,Padelbaan 2,Padelbaan 3,Padelbaan 4"
2026-05-22T11:15:52.714986,Terwegen,11:30,8,3,37.5,"booked: Padelbaan 2,Padelbaan 3,Padelbaan 8; available: Padelbaan 1 (Panorama court),Padelbaan 4,Padelbaan 5,Padelbaan 6,Padelbaan 7"
2026-05-22T11:15:52.714986,Vinkenveld,11:30,4,0,0.0,"available: Padelbaan 1 / PURE Tennis & Padel,Padelbaan 2,Padelbaan 3,Padelbaan 4"
2026-05-22T11:45:45.016557,Terwegen,12:00,8,2,25.0,"booked: Padelbaan 1 (Panorama court),Padelbaan 8; available: Padelbaan 2,Padelbaan 3,Padelbaan 4,Padelbaan 5,Padelbaan 6,Padelbaan 7"
2026-05-22T11:45:45.016557,Vinkenveld,12:00,4,0,0.0,"available: Padelbaan 1 / PURE Tennis & Padel,Padelbaan 2,Padelbaan 3,Padelbaan 4"
2026-05-22T12:15:45.615372,Terwegen,12:30,8,2,25.0,"booked: Padelbaan 2,Padelbaan 8; available: Padelbaan 1 (Panorama court),Padelbaan 3,Padelbaan 4,Padelbaan 5,Padelbaan 6,Padelbaan 7"
2026-05-22T12:15:45.615372,Vinkenveld,12:30,4,1,25.0,"booked: Padelbaan 3; available: Padelbaan 1 / PURE Tennis & Padel,Padelbaan 2,Padelbaan 4"
2026-05-22T12:45:51.573232,Terwegen,13:00,8,1,12.5,"booked: Padelbaan 3; available: Padelbaan 1 (Panorama court),Padelbaan 2,Padelbaan 4,Padelbaan 5,Padelbaan 6,Padelbaan 7,Padelbaan 8"
2026-05-22T12:45:51.573232,Vinkenveld,13:00,4,1,25.0,"booked: Padelbaan 3; available: Padelbaan 1 / PURE Tennis & Padel,Padelbaan 2,Padelbaan 4"
2026-05-22T13:15:52.419472,Terwegen,13:30,8,2,25.0,"booked: Padelbaan 2,Padelbaan 8; available: Padelbaan 1 (Panorama court),Padelbaan 3,Padelbaan 4,Padelbaan 5,Padelbaan 6,Padelbaan 7"
2026-05-22T13:15:52.419472,Vinkenveld,13:30,4,1,25.0,"booked: Padelbaan 3; available: Padelbaan 1 / PURE Tennis & Padel,Padelbaan 2,Padelbaan 4"
2026-05-22T13:45:45.158129,Terwegen,14:00,8,6,75.0,"booked: Padelbaan 1 (Panorama court),Padelbaan 2,Padelbaan 3,Padelbaan 4,Padelbaan 5,Padelbaan 8; available: Padelbaan 6,Padelbaan 7"
2026-05-22T13:45:45.158129,Vinkenveld,14:00,4,0,0.0,"available: Padelbaan 1 / PURE Tennis & Padel,Padelbaan 2,Padelbaan 3,Padelbaan 4"
2026-05-22T14:15:47.838568,Terwegen,14:30,8,3,37.5,"booked: Padelbaan 2,Padelbaan 3,Padelbaan 8; available: Padelbaan 1 (Panorama court),Padelbaan 4,Padelbaan 5,Padelbaan 6,Padelbaan 7"
2026-05-22T14:15:47.838568,Vinkenveld,14:30,4,0,0.0,"available: Padelbaan 1 / PURE Tennis & Padel,Padelbaan 2,Padelbaan 3,Padelbaan 4"
2026-05-22T14:45:48.022995,Terwegen,15:00,8,6,75.0,"booked: Padelbaan 1 (Panorama court),Padelbaan 2,Padelbaan 3,Padelbaan 4,Padelbaan 5,Padelbaan 8; available: Padelbaan 6,Padelbaan 7"
2026-05-22T14:45:48.022995,Vinkenveld,15:00,4,0,0.0,"available: Padelbaan 1 / PURE Tennis & Padel,Padelbaan 2,Padelbaan 3,Padelbaan 4"
2026-05-22T15:15:47.740627,Terwegen,15:30,8,5,62.5,"booked: Padelbaan 1 (Panorama court),Padelbaan 3,Padelbaan 4,Padelbaan 5,Padelbaan 8; available: Padelbaan 2,Padelbaan 6,Padelbaan 7"
2026-05-22T15:15:47.740627,Vinkenveld,15:30,4,0,0.0,"available: Padelbaan 1 / PURE Tennis & Padel,Padelbaan 2,Padelbaan 3,Padelbaan 4"
2026-05-22T15:45:57.661862,Terwegen,16:00,8,6,75.0,"booked: Padelbaan 1 (Panorama court),Padelbaan 2,Padelbaan 3,Padelbaan 4,Padelbaan 5,Padelbaan 8; available: Padelbaan 6,Padelbaan 7"
2026-05-22T15:45:57.661862,Vinkenveld,16:00,4,2,50.0,"booked: Padelbaan 3,Padelbaan 4; available: Padelbaan 1 / PURE Tennis & Padel,Padelbaan 2"
2026-05-22T16:15:59.041617,Terwegen,16:30,8,6,75.0,"booked: Padelbaan 1 (Panorama court),Padelbaan 2,Padelbaan 3,Padelbaan 4,Padelbaan 5,Padelbaan 8; available: Padelbaan 6,Padelbaan 7"
2026-05-22T16:15:59.041617,Vinkenveld,16:30,4,2,50.0,"booked: Padelbaan 3,Padelbaan 4; available: Padelbaan 1 / PURE Tennis & Padel,Padelbaan 2"
2026-05-22T16:45:52.458480,Terwegen,17:00,8,5,62.5,"booked: Padelbaan 2,Padelbaan 3,Padelbaan 5,Padelbaan 6,Padelbaan 8; available: Padelbaan 1 (Panorama court),Padelbaan 4,Padelbaan 7"
2026-05-22T16:45:52.458480,Vinkenveld,17:00,4,2,50.0,"booked: Padelbaan 3,Padelbaan 4; available: Padelbaan 1 / PURE Tennis & Padel,Padelbaan 2"
2026-05-22T17:15:51.946184,Terwegen,17:30,8,6,75.0,"booked: Padelbaan 1 (Panorama court),Padelbaan 2,Padelbaan 3,Padelbaan 4,Padelbaan 5,Padelbaan 8; available: Padelbaan 6,Padelbaan 7"
2026-05-22T17:15:51.946184,Vinkenveld,17:30,4,2,50.0,"booked: Padelbaan 3,Padelbaan 4; available: Padelbaan 1 / PURE Tennis & Padel,Padelbaan 2"
2026-05-22T17:45:44.882425,Terwegen,18:00,8,4,50.0,"booked: Padelbaan 3,Padelbaan 5,Padelbaan 6,Padelbaan 8; available: Padelbaan 1 (Panorama court),Padelbaan 2,Padelbaan 4,Padelbaan 7"
2026-05-22T17:45:44.882425,Vinkenveld,18:00,4,0,0.0,"available: Padelbaan 1 / PURE Tennis & Padel,Padelbaan 2,Padelbaan 3,Padelbaan 4"
2026-05-22T18:16:30.784932,Terwegen,18:30,8,5,62.5,"booked: Padelbaan 1 (Panorama court),Padelbaan 2,Padelbaan 3,Padelbaan 5,Padelbaan 6; available: Padelbaan 4,Padelbaan 7,Padelbaan 8"
2026-05-22T18:16:30.784932,Vinkenveld,18:30,4,1,25.0,"booked: Padelbaan 1 / PURE Tennis & Padel; available: Padelbaan 2,Padelbaan 3,Padelbaan 4"
2026-05-22T18:45:48.061359,Terwegen,19:00,8,4,50.0,"booked: Padelbaan 3,Padelbaan 5,Padelbaan 6,Padelbaan 8; available: Padelbaan 1 (Panorama court),Padelbaan 2,Padelbaan 4,Padelbaan 7"
2026-05-22T18:45:48.061359,Vinkenveld,19:00,4,1,25.0,"booked: Padelbaan 1 / PURE Tennis & Padel; available: Padelbaan 2,Padelbaan 3,Padelbaan 4"
2026-05-22T19:15:45.160031,Terwegen,19:30,8,5,62.5,"booked: Padelbaan 1 (Panorama court),Padelbaan 2,Padelbaan 3,Padelbaan 5,Padelbaan 6; available: Padelbaan 4,Padelbaan 7,Padelbaan 8"
2026-05-22T19:15:45.160031,Vinkenveld,19:30,4,2,50.0,"booked: Padelbaan 1 / PURE Tennis & Padel,Padelbaan 3; available: Padelbaan 2,Padelbaan 4"
2026-05-22T19:45:56.180303,Terwegen,20:00,8,3,37.5,"booked: Padelbaan 1 (Panorama court),Padelbaan 2,Padelbaan 5; available: Padelbaan 3,Padelbaan 4,Padelbaan 6,Padelbaan 7,Padelbaan 8"
2026-05-22T19:45:56.180303,Vinkenveld,20:00,4,4,100.0,"booked: Padelbaan 1 / PURE Tennis & Padel,Padelbaan 2,Padelbaan 3,Padelbaan 4"
2026-05-22T20:15:44.850579,Terwegen,20:30,8,5,62.5,"booked: Padelbaan 1 (Panorama court),Padelbaan 2,Padelbaan 3,Padelbaan 5,Padelbaan 6; available: Padelbaan 4,Padelbaan 7,Padelbaan 8"
2026-05-22T20:15:44.850579,Vinkenveld,20:30,4,4,100.0,"booked: Padelbaan 1 / PURE Tennis & Padel,Padelbaan 2,Padelbaan 3,Padelbaan 4"
2026-05-22T20:45:48.692112,Terwegen,21:00,8,3,37.5,"booked: Padelbaan 1 (Panorama court),Padelbaan 2,Padelbaan 5; available: Padelbaan 3,Padelbaan 4,Padelbaan 6,Padelbaan 7,Padelbaan 8"
2026-05-22T20:45:48.692112,Vinkenveld,21:00,4,3,75.0,"booked: Padelbaan 1 / PURE Tennis & Padel,Padelbaan 2,Padelbaan 4; available: Padelbaan 3"
2026-05-22T21:15:47.151422,Terwegen,21:30,8,8,100.0,"booked: Padelbaan 1 (Panorama court),Padelbaan 2,Padelbaan 3,Padelbaan 4,Padelbaan 5,Padelbaan 6,Padelbaan 7,Padelbaan 8"
2026-05-22T21:15:47.151422,Vinkenveld,21:30,4,1,25.0,"booked: Padelbaan 4; available: Padelbaan 1 / PURE Tennis & Padel,Padelbaan 2,Padelbaan 3"
2026-05-22T21:45:50.243171,Terwegen,22:00,8,3,37.5,"booked: Padelbaan 1 (Panorama court),Padelbaan 2,Padelbaan 5; available: Padelbaan 3,Padelbaan 4,Padelbaan 6,Padelbaan 7,Padelbaan 8"
2026-05-22T21:45:50.243171,Vinkenveld,22:00,4,0,0.0,"available: Padelbaan 1 / PURE Tennis & Padel,Padelbaan 2,Padelbaan 3,Padelbaan 4"
2026-05-22T23:45:45.723755,Terwegen,00:00,8,8,100.0,"booked: Padelbaan 1 (Panorama court),Padelbaan 2,Padelbaan 3,Padelbaan 4,Padelbaan 5,Padelbaan 6,Padelbaan 7,Padelbaan 8"
2026-05-22T23:45:45.723755,Vinkenveld,00:00,4,4,100.0,"booked: Padelbaan 1 / PURE Tennis & Padel,Padelbaan 2,Padelbaan 3,Padelbaan 4"
2026-05-23T00:15:45.699812,Terwegen,00:30,8,8,100.0,"booked: Padelbaan 1 (Panorama court),Padelbaan 2,Padelbaan 3,Padelbaan 4,Padelbaan 5,Padelbaan 6,Padelbaan 7,Padelbaan 8"
2026-05-23T00:15:45.699812,Vinkenveld,00:30,4,4,100.0,"booked: Padelbaan 1 / PURE Tennis & Padel,Padelbaan 2,Padelbaan 3,Padelbaan 4"
2026-05-23T00:45:48.904685,Terwegen,01:00,8,8,100.0,"booked: Padelbaan 1 (Panorama court),Padelbaan 2,Padelbaan 3,Padelbaan 4,Padelbaan 5,Padelbaan 6,Padelbaan 7,Padelbaan 8"
2026-05-23T00:45:48.904685,Vinkenveld,01:00,4,4,100.0,"booked: Padelbaan 1 / PURE Tennis & Padel,Padelbaan 2,Padelbaan 3,Padelbaan 4"
2026-05-23T01:15:47.717716,Terwegen,01:30,8,8,100.0,"booked: Padelbaan 1 (Panorama court),Padelbaan 2,Padelbaan 3,Padelbaan 4,Padelbaan 5,Padelbaan 6,Padelbaan 7,Padelbaan 8"
2026-05-23T01:15:47.717716,Vinkenveld,01:30,4,4,100.0,"booked: Padelbaan 1 / PURE Tennis & Padel,Padelbaan 2,Padelbaan 3,Padelbaan 4"
2026-05-23T01:45:52.171976,Terwegen,02:00,8,8,100.0,"booked: Padelbaan 1 (Panorama court),Padelbaan 2,Padelbaan 3,Padelbaan 4,Padelbaan 5,Padelbaan 6,Padelbaan 7,Padelbaan 8"
2026-05-23T01:45:52.171976,Vinkenveld,02:00,4,4,100.0,"booked: Padelbaan 1 / PURE Tennis & Padel,Padelbaan 2,Padelbaan 3,Padelbaan 4"
2026-05-23T02:15:58.392387,Terwegen,02:30,8,8,100.0,"booked: Padelbaan 1 (Panorama court),Padelbaan 2,Padelbaan 3,Padelbaan 4,Padelbaan 5,Padelbaan 6,Padelbaan 7,Padelbaan 8"
2026-05-23T02:15:58.392387,Vinkenveld,02:30,4,4,100.0,"booked: Padelbaan 1 / PURE Tennis & Padel,Padelbaan 2,Padelbaan 3,Padelbaan 4"
2026-05-23T02:45:46.869044,Terwegen,03:00,8,8,100.0,"booked: Padelbaan 1 (Panorama court),Padelbaan 2,Padelbaan 3,Padelbaan 4,Padelbaan 5,Padelbaan 6,Padelbaan 7,Padelbaan 8"
2026-05-23T02:45:46.869044,Vinkenveld,03:00,4,4,100.0,"booked: Padelbaan 1 / PURE Tennis & Padel,Padelbaan 2,Padelbaan 3,Padelbaan 4"
2026-05-23T03:15:52.508130,Terwegen,03:30,8,8,100.0,"booked: Padelbaan 1 (Panorama court),Padelbaan 2,Padelbaan 3,Padelbaan 4,Padelbaan 5,Padelbaan 6,Padelbaan 7,Padelbaan 8"
2026-05-23T03:15:52.508130,Vinkenveld,03:30,4,4,100.0,"booked: Padelbaan 1 / PURE Tennis & Padel,Padelbaan 2,Padelbaan 3,Padelbaan 4"
2026-05-23T03:45:41.697110,Terwegen,04:00,8,8,100.0,"booked: Padelbaan 1 (Panorama court),Padelbaan 2,Padelbaan 3,Padelbaan 4,Padelbaan 5,Padelbaan 6,Padelbaan 7,Padelbaan 8"
2026-05-23T03:45:41.697110,Vinkenveld,04:00,4,4,100.0,"booked: Padelbaan 1 / PURE Tennis & Padel,Padelbaan 2,Padelbaan 3,Padelbaan 4"
2026-05-23T04:15:46.934612,Terwegen,04:30,8,8,100.0,"booked: Padelbaan 1 (Panorama court),Padelbaan 2,Padelbaan 3,Padelbaan 4,Padelbaan 5,Padelbaan 6,Padelbaan 7,Padelbaan 8"
2026-05-23T04:15:46.934612,Vinkenveld,04:30,4,4,100.0,"booked: Padelbaan 1 / PURE Tennis & Padel,Padelbaan 2,Padelbaan 3,Padelbaan 4"
2026-05-23T04:45:52.574542,Terwegen,05:00,8,8,100.0,"booked: Padelbaan 1 (Panorama court),Padelbaan 2,Padelbaan 3,Padelbaan 4,Padelbaan 5,Padelbaan 6,Padelbaan 7,Padelbaan 8"
2026-05-23T04:45:52.574542,Vinkenveld,05:00,4,4,100.0,"booked: Padelbaan 1 / PURE Tennis & Padel,Padelbaan 2,Padelbaan 3,Padelbaan 4"
2026-05-23T05:15:45.460253,Terwegen,05:30,8,8,100.0,"booked: Padelbaan 1 (Panorama court),Padelbaan 2,Padelbaan 3,Padelbaan 4,Padelbaan 5,Padelbaan 6,Padelbaan 7,Padelbaan 8"
2026-05-23T05:15:45.460253,Vinkenveld,05:30,4,4,100.0,"booked: Padelbaan 1 / PURE Tennis & Padel,Padelbaan 2,Padelbaan 3,Padelbaan 4"
2026-05-23T05:45:48.068553,Terwegen,06:00,8,8,100.0,"booked: Padelbaan 1 (Panorama court),Padelbaan 2,Padelbaan 3,Padelbaan 4,Padelbaan 5,Padelbaan 6,Padelbaan 7,Padelbaan 8"
2026-05-23T05:45:48.068553,Vinkenveld,06:00,4,4,100.0,"booked: Padelbaan 1 / PURE Tennis & Padel,Padelbaan 2,Padelbaan 3,Padelbaan 4"
2026-05-23T06:15:46.664147,Terwegen,06:30,8,8,100.0,"booked: Padelbaan 1 (Panorama court),Padelbaan 2,Padelbaan 3,Padelbaan 4,Padelbaan 5,Padelbaan 6,Padelbaan 7,Padelbaan 8"
2026-05-23T06:15:46.664147,Vinkenveld,06:30,4,4,100.0,"booked: Padelbaan 1 / PURE Tennis & Padel,Padelbaan 2,Padelbaan 3,Padelbaan 4"
2026-05-23T06:45:47.821558,Terwegen,07:00,8,8,100.0,"booked: Padelbaan 1 (Panorama court),Padelbaan 2,Padelbaan 3,Padelbaan 4,Padelbaan 5,Padelbaan 6,Padelbaan 7,Padelbaan 8"
2026-05-23T06:45:47.821558,Vinkenveld,07:00,4,4,100.0,"booked: Padelbaan 1 / PURE Tennis & Padel,Padelbaan 2,Padelbaan 3,Padelbaan 4"
2026-05-23T07:15:54.116541,Terwegen,07:30,8,8,100.0,"booked: Padelbaan 1 (Panorama court),Padelbaan 2,Padelbaan 3,Padelbaan 4,Padelbaan 5,Padelbaan 6,Padelbaan 7,Padelbaan 8"
2026-05-23T07:15:54.116541,Vinkenveld,07:30,4,4,100.0,"booked: Padelbaan 1 / PURE Tennis & Padel,Padelbaan 2,Padelbaan 3,Padelbaan 4"
2026-05-23T07:45:43.724201,Terwegen,08:00,8,2,25.0,"booked: Padelbaan 1 (Panorama court),Padelbaan 4; available: Padelbaan 2,Padelbaan 3,Padelbaan 5,Padelbaan 6,Padelbaan 7,Padelbaan 8"
2026-05-23T07:45:43.724201,Vinkenveld,08:00,4,0,0.0,"available: Padelbaan 1 / PURE Tennis & Padel,Padelbaan 2,Padelbaan 3,Padelbaan 4"
2026-05-23T08:15:44.737319,Terwegen,08:30,8,4,50.0,"booked: Padelbaan 2,Padelbaan 3,Padelbaan 6,Padelbaan 7; available: Padelbaan 1 (Panorama court),Padelbaan 4,Padelbaan 5,Padelbaan 8"
2026-05-23T08:15:44.737319,Vinkenveld,08:30,4,0,0.0,"available: Padelbaan 1 / PURE Tennis & Padel,Padelbaan 2,Padelbaan 3,Padelbaan 4"
2026-05-23T08:45:46.849027,Terwegen,09:00,8,5,62.5,"booked: Padelbaan 1 (Panorama court),Padelbaan 2,Padelbaan 4,Padelbaan 5,Padelbaan 7; available: Padelbaan 3,Padelbaan 6,Padelbaan 8"
2026-05-23T08:45:46.849027,Vinkenveld,09:00,4,1,25.0,"booked: Padelbaan 4; available: Padelbaan 1 / PURE Tennis & Padel,Padelbaan 2,Padelbaan 3"
2026-05-23T09:15:44.015213,Terwegen,09:30,8,7,87.5,"booked: Padelbaan 1 (Panorama court),Padelbaan 2,Padelbaan 3,Padelbaan 4,Padelbaan 6,Padelbaan 7,Padelbaan 8; available: Padelbaan 5"
2026-05-23T09:15:44.015213,Vinkenveld,09:30,4,4,100.0,"booked: Padelbaan 1 / PURE Tennis & Padel,Padelbaan 2,Padelbaan 3,Padelbaan 4"
2026-05-23T09:45:42.339234,Terwegen,10:00,8,8,100.0,"booked: Padelbaan 1 (Panorama court),Padelbaan 2,Padelbaan 3,Padelbaan 4,Padelbaan 5,Padelbaan 6,Padelbaan 7,Padelbaan 8"
2026-05-23T09:45:42.339234,Vinkenveld,10:00,4,4,100.0,"booked: Padelbaan 1 / PURE Tennis & Padel,Padelbaan 2,Padelbaan 3,Padelbaan 4"
2026-05-23T10:15:47.791208,Terwegen,10:30,8,7,87.5,"booked: Padelbaan 1 (Panorama court),Padelbaan 2,Padelbaan 3,Padelbaan 4,Padelbaan 5,Padelbaan 6,Padelbaan 8; available: Padelbaan 7"
2026-05-23T10:15:47.791208,Vinkenveld,10:30,4,4,100.0,"booked: Padelbaan 1 / PURE Tennis & Padel,Padelbaan 2,Padelbaan 3,Padelbaan 4"
2026-05-23T11:15:59.361339,Terwegen,11:30,8,5,62.5,"booked: Padelbaan 1 (Panorama court),Padelbaan 2,Padelbaan 4,Padelbaan 5,Padelbaan 6; available: Padelbaan 3,Padelbaan 7,Padelbaan 8"
2026-05-23T11:15:59.361339,Vinkenveld,11:30,4,0,0.0,"available: Padelbaan 1 / PURE Tennis & Padel,Padelbaan 2,Padelbaan 3,Padelbaan 4"
2026-05-23T11:45:54.348330,Terwegen,12:00,8,3,37.5,"booked: Padelbaan 3,Padelbaan 6,Padelbaan 8; available: Padelbaan 1 (Panorama court),Padelbaan 2,Padelbaan 4,Padelbaan 5,Padelbaan 7"
2026-05-23T11:45:54.348330,Vinkenveld,12:00,4,4,100.0,"booked: Padelbaan 1 / PURE Tennis & Padel,Padelbaan 2,Padelbaan 3,Padelbaan 4"
2026-05-23T12:15:51.454319,Terwegen,12:30,8,2,25.0,"booked: Padelbaan 2,Padelbaan 5; available: Padelbaan 1 (Panorama court),Padelbaan 3,Padelbaan 4,Padelbaan 6,Padelbaan 7,Padelbaan 8"
2026-05-23T12:15:51.454319,Vinkenveld,12:30,4,4,100.0,"booked: Padelbaan 1 / PURE Tennis & Padel,Padelbaan 2,Padelbaan 3,Padelbaan 4"
2026-05-23T12:45:44.690953,Terwegen,13:00,8,2,25.0,"booked: Padelbaan 2,Padelbaan 6; available: Padelbaan 1 (Panorama court),Padelbaan 3,Padelbaan 4,Padelbaan 5,Padelbaan 7,Padelbaan 8"
2026-05-23T12:45:44.690953,Vinkenveld,13:00,4,4,100.0,"booked: Padelbaan 1 / PURE Tennis & Padel,Padelbaan 2,Padelbaan 3,Padelbaan 4"
2026-05-23T13:15:47.559062,Terwegen,13:30,8,1,12.5,"booked: Padelbaan 2; available: Padelbaan 1 (Panorama court),Padelbaan 3,Padelbaan 4,Padelbaan 5,Padelbaan 6,Padelbaan 7,Padelbaan 8"
2026-05-23T13:15:47.559062,Vinkenveld,13:30,4,4,100.0,"booked: Padelbaan 1 / PURE Tennis & Padel,Padelbaan 2,Padelbaan 3,Padelbaan 4"
2026-05-23T13:45:45.778288,Terwegen,14:00,8,1,12.5,"booked: Padelbaan 5; available: Padelbaan 1 (Panorama court),Padelbaan 2,Padelbaan 3,Padelbaan 4,Padelbaan 6,Padelbaan 7,Padelbaan 8"
2026-05-23T13:45:45.778288,Vinkenveld,14:00,4,4,100.0,"booked: Padelbaan 1 / PURE Tennis & Padel,Padelbaan 2,Padelbaan 3,Padelbaan 4"
2026-05-23T14:15:46.361120,Terwegen,14:30,8,1,12.5,"booked: Padelbaan 2; available: Padelbaan 1 (Panorama court),Padelbaan 3,Padelbaan 4,Padelbaan 5,Padelbaan 6,Padelbaan 7,Padelbaan 8"
2026-05-23T14:15:46.361120,Vinkenveld,14:30,4,2,50.0,"booked: Padelbaan 3,Padelbaan 4; available: Padelbaan 1 / PURE Tennis & Padel,Padelbaan 2"
2026-05-23T14:45:54.372657,Terwegen,15:00,8,1,12.5,"booked: Padelbaan 5; available: Padelbaan 1 (Panorama court),Padelbaan 2,Padelbaan 3,Padelbaan 4,Padelbaan 6,Padelbaan 7,Padelbaan 8"
2026-05-23T14:45:54.372657,Vinkenveld,15:00,4,2,50.0,"booked: Padelbaan 3,Padelbaan 4; available: Padelbaan 1 / PURE Tennis & Padel,Padelbaan 2"
2026-05-23T15:15:53.071997,Terwegen,15:30,8,1,12.5,"booked: Padelbaan 5; available: Padelbaan 1 (Panorama court),Padelbaan 2,Padelbaan 3,Padelbaan 4,Padelbaan 6,Padelbaan 7,Padelbaan 8"
2026-05-23T15:15:53.071997,Vinkenveld,15:30,4,0,0.0,"available: Padelbaan 1 / PURE Tennis & Padel,Padelbaan 2,Padelbaan 3,Padelbaan 4"
2026-05-23T15:45:44.149866,Terwegen,16:00,8,1,12.5,"booked: Padelbaan 5; available: Padelbaan 1 (Panorama court),Padelbaan 2,Padelbaan 3,Padelbaan 4,Padelbaan 6,Padelbaan 7,Padelbaan 8"
2026-05-23T15:45:44.149866,Vinkenveld,16:00,4,0,0.0,"available: Padelbaan 1 / PURE Tennis & Padel,Padelbaan 2,Padelbaan 3,Padelbaan 4"
2026-05-23T16:15:44.222600,Terwegen,16:30,8,1,12.5,"booked: Padelbaan 5; available: Padelbaan 1 (Panorama court),Padelbaan 2,Padelbaan 3,Padelbaan 4,Padelbaan 6,Padelbaan 7,Padelbaan 8"
2026-05-23T16:15:44.222600,Vinkenveld,16:30,4,0,0.0,"available: Padelbaan 1 / PURE Tennis & Padel,Padelbaan 2,Padelbaan 3,Padelbaan 4"
2026-05-23T16:45:43.680302,Terwegen,17:00,8,0,0.0,"available: Padelbaan 1 (Panorama court),Padelbaan 2,Padelbaan 3,Padelbaan 4,Padelbaan 5,Padelbaan 6,Padelbaan 7,Padelbaan 8"
2026-05-23T16:45:43.680302,Vinkenveld,17:00,4,0,0.0,"available: Padelbaan 1 / PURE Tennis & Padel,Padelbaan 2,Padelbaan 3,Padelbaan 4"
2026-05-23T17:15:42.071565,Terwegen,17:30,8,1,12.5,"booked: Padelbaan 5; available: Padelbaan 1 (Panorama court),Padelbaan 2,Padelbaan 3,Padelbaan 4,Padelbaan 6,Padelbaan 7,Padelbaan 8"
2026-05-23T17:15:42.071565,Vinkenveld,17:30,4,1,25.0,"booked: Padelbaan 4; available: Padelbaan 1 / PURE Tennis & Padel,Padelbaan 2,Padelbaan 3"
2026-05-23T17:45:45.392191,Terwegen,18:00,8,0,0.0,"available: Padelbaan 1 (Panorama court),Padelbaan 2,Padelbaan 3,Padelbaan 4,Padelbaan 5,Padelbaan 6,Padelbaan 7,Padelbaan 8"
2026-05-23T17:45:45.392191,Vinkenveld,18:00,4,1,25.0,"booked: Padelbaan 4; available: Padelbaan 1 / PURE Tennis & Padel,Padelbaan 2,Padelbaan 3"
2026-05-23T18:15:42.801822,Terwegen,18:30,8,8,100.0,"booked: Padelbaan 1 (Panorama court),Padelbaan 2,Padelbaan 3,Padelbaan 4,Padelbaan 5,Padelbaan 6,Padelbaan 7,Padelbaan 8"
2026-05-23T18:15:42.801822,Vinkenveld,18:30,4,1,25.0,"booked: Padelbaan 4; available: Padelbaan 1 / PURE Tennis & Padel,Padelbaan 2,Padelbaan 3"
2026-05-23T19:15:42.920674,Vinkenveld,19:30,4,0,0.0,"available: Padelbaan 1 / PURE Tennis & Padel,Padelbaan 2,Padelbaan 3,Padelbaan 4"
2026-05-23T19:45:45.413276,Vinkenveld,20:00,4,0,0.0,"available: Padelbaan 1 / PURE Tennis & Padel,Padelbaan 2,Padelbaan 3,Padelbaan 4"
2026-05-23T20:15:42.380188,Vinkenveld,20:30,4,0,0.0,"available: Padelbaan 1 / PURE Tennis & Padel,Padelbaan 2,Padelbaan 3,Padelbaan 4"
2026-05-23T20:45:44.203203,Vinkenveld,21:00,4,0,0.0,"available: Padelbaan 1 / PURE Tennis & Padel,Padelbaan 2,Padelbaan 3,Padelbaan 4"
2026-05-23T21:15:42.683193,Vinkenveld,21:30,4,4,100.0,"booked: Padelbaan 1 / PURE Tennis & Padel,Padelbaan 2,Padelbaan 3,Padelbaan 4"
2026-05-23T21:46:00.275115,Vinkenveld,22:00,4,4,100.0,"booked: Padelbaan 1 / PURE Tennis & Padel,Padelbaan 2,Padelbaan 3,Padelbaan 4"
2026-05-23T23:45:44.128265,Terwegen,00:00,8,8,100.0,"booked: Padelbaan 1 (Panorama court),Padelbaan 2,Padelbaan 3,Padelbaan 4,Padelbaan 5,Padelbaan 6,Padelbaan 7,Padelbaan 8"
2026-05-23T23:45:44.128265,Vinkenveld,00:00,4,4,100.0,"booked: Padelbaan 1 / PURE Tennis & Padel,Padelbaan 2,Padelbaan 3,Padelbaan 4"
2026-05-24T00:15:49.550522,Terwegen,00:30,8,8,100.0,"booked: Padelbaan 1 (Panorama court),Padelbaan 2,Padelbaan 3,Padelbaan 4,Padelbaan 5,Padelbaan 6,Padelbaan 7,Padelbaan 8"
2026-05-24T00:15:49.550522,Vinkenveld,00:30,4,4,100.0,"booked: Padelbaan 1 / PURE Tennis & Padel,Padelbaan 2,Padelbaan 3,Padelbaan 4"
2026-05-24T00:45:42.125155,Terwegen,01:00,8,8,100.0,"booked: Padelbaan 1 (Panorama court),Padelbaan 2,Padelbaan 3,Padelbaan 4,Padelbaan 5,Padelbaan 6,Padelbaan 7,Padelbaan 8"
2026-05-24T00:45:42.125155,Vinkenveld,01:00,4,4,100.0,"booked: Padelbaan 1 / PURE Tennis & Padel,Padelbaan 2,Padelbaan 3,Padelbaan 4"
2026-05-24T01:15:42.767562,Terwegen,01:30,8,8,100.0,"booked: Padelbaan 1 (Panorama court),Padelbaan 2,Padelbaan 3,Padelbaan 4,Padelbaan 5,Padelbaan 6,Padelbaan 7,Padelbaan 8"
2026-05-24T01:15:42.767562,Vinkenveld,01:30,4,4,100.0,"booked: Padelbaan 1 / PURE Tennis & Padel,Padelbaan 2,Padelbaan 3,Padelbaan 4"
2026-05-24T01:45:47.068490,Terwegen,02:00,8,8,100.0,"booked: Padelbaan 1 (Panorama court),Padelbaan 2,Padelbaan 3,Padelbaan 4,Padelbaan 5,Padelbaan 6,Padelbaan 7,Padelbaan 8"
2026-05-24T01:45:47.068490,Vinkenveld,02:00,4,4,100.0,"booked: Padelbaan 1 / PURE Tennis & Padel,Padelbaan 2,Padelbaan 3,Padelbaan 4"
2026-05-24T02:15:42.768537,Terwegen,02:30,8,8,100.0,"booked: Padelbaan 1 (Panorama court),Padelbaan 2,Padelbaan 3,Padelbaan 4,Padelbaan 5,Padelbaan 6,Padelbaan 7,Padelbaan 8"
2026-05-24T02:15:42.768537,Vinkenveld,02:30,4,4,100.0,"booked: Padelbaan 1 / PURE Tennis & Padel,Padelbaan 2,Padelbaan 3,Padelbaan 4"
2026-05-24T02:45:48.154853,Terwegen,03:00,8,8,100.0,"booked: Padelbaan 1 (Panorama court),Padelbaan 2,Padelbaan 3,Padelbaan 4,Padelbaan 5,Padelbaan 6,Padelbaan 7,Padelbaan 8"
2026-05-24T02:45:48.154853,Vinkenveld,03:00,4,4,100.0,"booked: Padelbaan 1 / PURE Tennis & Padel,Padelbaan 2,Padelbaan 3,Padelbaan 4"
2026-05-24T03:15:44.882955,Terwegen,03:30,8,8,100.0,"booked: Padelbaan 1 (Panorama court),Padelbaan 2,Padelbaan 3,Padelbaan 4,Padelbaan 5,Padelbaan 6,Padelbaan 7,Padelbaan 8"
2026-05-24T03:15:44.882955,Vinkenveld,03:30,4,4,100.0,"booked: Padelbaan 1 / PURE Tennis & Padel,Padelbaan 2,Padelbaan 3,Padelbaan 4"
2026-05-24T03:45:43.616321,Terwegen,04:00,8,8,100.0,"booked: Padelbaan 1 (Panorama court),Padelbaan 2,Padelbaan 3,Padelbaan 4,Padelbaan 5,Padelbaan 6,Padelbaan 7,Padelbaan 8"
2026-05-24T03:45:43.616321,Vinkenveld,04:00,4,4,100.0,"booked: Padelbaan 1 / PURE Tennis & Padel,Padelbaan 2,Padelbaan 3,Padelbaan 4"
2026-05-24T04:15:43.809867,Terwegen,04:30,8,8,100.0,"booked: Padelbaan 1 (Panorama court),Padelbaan 2,Padelbaan 3,Padelbaan 4,Padelbaan 5,Padelbaan 6,Padelbaan 7,Padelbaan 8"
2026-05-24T04:15:43.809867,Vinkenveld,04:30,4,4,100.0,"booked: Padelbaan 1 / PURE Tennis & Padel,Padelbaan 2,Padelbaan 3,Padelbaan 4"
2026-05-24T04:45:43.630358,Terwegen,05:00,8,8,100.0,"booked: Padelbaan 1 (Panorama court),Padelbaan 2,Padelbaan 3,Padelbaan 4,Padelbaan 5,Padelbaan 6,Padelbaan 7,Padelbaan 8"
2026-05-24T04:45:43.630358,Vinkenveld,05:00,4,4,100.0,"booked: Padelbaan 1 / PURE Tennis & Padel,Padelbaan 2,Padelbaan 3,Padelbaan 4"
2026-05-24T05:15:45.130873,Terwegen,05:30,8,8,100.0,"booked: Padelbaan 1 (Panorama court),Padelbaan 2,Padelbaan 3,Padelbaan 4,Padelbaan 5,Padelbaan 6,Padelbaan 7,Padelbaan 8"
2026-05-24T05:15:45.130873,Vinkenveld,05:30,4,4,100.0,"booked: Padelbaan 1 / PURE Tennis & Padel,Padelbaan 2,Padelbaan 3,Padelbaan 4"
2026-05-24T05:45:56.898050,Terwegen,06:00,8,8,100.0,"booked: Padelbaan 1 (Panorama court),Padelbaan 2,Padelbaan 3,Padelbaan 4,Padelbaan 5,Padelbaan 6,Padelbaan 7,Padelbaan 8"
2026-05-24T05:45:56.898050,Vinkenveld,06:00,4,4,100.0,"booked: Padelbaan 1 / PURE Tennis & Padel,Padelbaan 2,Padelbaan 3,Padelbaan 4"
2026-05-24T06:15:43.062320,Terwegen,06:30,8,8,100.0,"booked: Padelbaan 1 (Panorama court),Padelbaan 2,Padelbaan 3,Padelbaan 4,Padelbaan 5,Padelbaan 6,Padelbaan 7,Padelbaan 8"
2026-05-24T06:15:43.062320,Vinkenveld,06:30,4,4,100.0,"booked: Padelbaan 1 / PURE Tennis & Padel,Padelbaan 2,Padelbaan 3,Padelbaan 4"
2026-05-24T06:45:45.194665,Terwegen,07:00,8,8,100.0,"booked: Padelbaan 1 (Panorama court),Padelbaan 2,Padelbaan 3,Padelbaan 4,Padelbaan 5,Padelbaan 6,Padelbaan 7,Padelbaan 8"
2026-05-24T06:45:45.194665,Vinkenveld,07:00,4,4,100.0,"booked: Padelbaan 1 / PURE Tennis & Padel,Padelbaan 2,Padelbaan 3,Padelbaan 4"
